ISO-10303-21;
HEADER;
FILE_DESCRIPTION (( 'STEP AP214' ),
    '1' );
FILE_NAME ('PR1KCS28.STEP',
    '2024-04-04T05:20:40',
    ( '' ),
    ( '' ),
    'SwSTEP 2.0',
    'SolidWorks 2024',
    '' );
FILE_SCHEMA (( 'AUTOMOTIVE_DESIGN' ));
ENDSEC;

DATA;
#1 = DIRECTION ( 'NONE',  ( 0.000000000000000000, 1.000000000000000000, 0.000000000000000000 ) ) ;
#2 = CARTESIAN_POINT ( 'NONE',  ( 0.000000000000000000, 0.5999999999999999778, 0.000000000000000000 ) ) ;
#3 = DIRECTION ( 'NONE',  ( 0.000000000000000000, 1.000000000000000000, 0.000000000000000000 ) ) ;
#4 = EDGE_LOOP ( 'NONE', ( #4056, #5238, #3589, #3067, #1785, #3848 ) ) ;
#5 = CARTESIAN_POINT ( 'NONE',  ( 4.517968884801200069, -3.617270072047310684E-15, 70.73745180115939490 ) ) ;
#6 = LINE ( 'NONE', #3507, #128 ) ;
#7 = B_SPLINE_CURVE_WITH_KNOTS ( 'NONE', 3,
 ( #3918, #904, #3322, #2929 ),
 .UNSPECIFIED., .F., .F.,
 ( 4, 4 ),
 ( 0.000000000000000000, 1.000000000000000000 ),
 .UNSPECIFIED. ) ;
#8 = CARTESIAN_POINT ( 'NONE',  ( 4.999999999999984901, -11.07812500000000178, 2.071067811865475949 ) ) ;
#9 = SURFACE_SIDE_STYLE ('',( #6803 ) ) ;
#10 = PLANE ( 'NONE',  #490 ) ;
#11 = MECHANICAL_DESIGN_GEOMETRIC_PRESENTATION_REPRESENTATION (  '', ( #6826 ), #389 ) ;
#12 =( NAMED_UNIT ( * ) PLANE_ANGLE_UNIT ( ) SI_UNIT ( $, .RADIAN. ) );
#13 = PRESENTATION_STYLE_ASSIGNMENT (( #1368 ) ) ;
#14 = EDGE_CURVE ( 'NONE', #271, #2343, #3855, .T. ) ;
#15 = CARTESIAN_POINT ( 'NONE',  ( 13.62500000000000000, 3.533254742261115176E-16, -65.48512825965229922 ) ) ;
#16 = CARTESIAN_POINT ( 'NONE',  ( 0.000000000000000000, 0.5999999999999999778, 0.000000000000000000 ) ) ;
#17 = PRESENTATION_LAYER_ASSIGNMENT (  '', '', ( #3950 ) ) ;
#18 = CARTESIAN_POINT ( 'NONE',  ( 0.2147900954235878457, 1.673106595937386309, 50.89912012077815717 ) ) ;
#19 = CYLINDRICAL_SURFACE ( 'NONE', #4452, 3.250000000000000000 ) ;
#20 = CARTESIAN_POINT ( 'NONE',  ( 8.412961752928069907E-14, 0.000000000000000000, 8.000000000000000000 ) ) ;
#21 = MECHANICAL_DESIGN_GEOMETRIC_PRESENTATION_REPRESENTATION (  '', ( #3706 ), #5318 ) ;
#22 = CARTESIAN_POINT ( 'NONE',  ( 5.676582343750004256, -8.187500001706995434, 2.351317394708905439 ) ) ;
#23 = CARTESIAN_POINT ( 'NONE',  ( 3.535533905932735088, -2.718750003413984651, 3.535533905932739973 ) ) ;
#24 = CARTESIAN_POINT ( 'NONE',  ( -4.013949869229449519, -7.640625001706989217, -4.013949869229449519 ) ) ;
#25 = CARTESIAN_POINT ( 'NONE',  ( -2.084480304260444949, -0.07136594542781540818, -5.676582343749998927 ) ) ;
#26 = STYLED_ITEM ( 'NONE', ( #3624 ), #7396 ) ;
#27 = CARTESIAN_POINT ( 'NONE',  ( 7.560530263916250604, 0.09918668206833694545, 2.904778065714395119 ) ) ;
#28 = CARTESIAN_POINT ( 'NONE',  ( -4.013949869229449519, -12.17187500170700076, 4.013949869229449519 ) ) ;
#29 = CARTESIAN_POINT ( 'NONE',  ( -2.032227184562584998, 4.146870746414584197, -8.000001036315552483 ) ) ;
#30 = CARTESIAN_POINT ( 'NONE',  ( -1.042771259605471878E-15, -0.7656250017069909930, 5.676582343749999815 ) ) ;
#31 = ORIENTED_EDGE ( 'NONE', *, *, #5746, .T. ) ;
#32 = CARTESIAN_POINT ( 'NONE',  ( -2.204450665236500573, 0.2979306762980780121, 7.999999521750126519 ) ) ;
#33 = B_SPLINE_CURVE_WITH_KNOTS ( 'NONE', 3,
 ( #2616, #6777, #1506, #1381 ),
 .UNSPECIFIED., .F., .F.,
 ( 4, 4 ),
 ( 0.000000000000000000, 1.000000000000000000 ),
 .UNSPECIFIED. ) ;
#34 = PRESENTATION_STYLE_ASSIGNMENT (( #3654 ) ) ;
#35 = CARTESIAN_POINT ( 'NONE',  ( -4.592463646197177063, 0.04609273662832608087, -3.336594785665705221 ) ) ;
#36 = CARTESIAN_POINT ( 'NONE',  ( 2.071067811865475949, -3.265624999999998668, -5.000000000000005329 ) ) ;
#37 = CARTESIAN_POINT ( 'NONE',  ( 5.676582343750006032, -8.187500001706995434, 2.351317394708905439 ) ) ;
#38 = ORIENTED_EDGE ( 'NONE', *, *, #1541, .T. ) ;
#39 = CARTESIAN_POINT ( 'NONE',  ( 0.2956164087460864676, -1.595315772705658608, 50.88347629393514637 ) ) ;
#40 = CARTESIAN_POINT ( 'NONE',  ( -1.155823347540962942, -1.361346863485904501, 48.64704056067969162 ) ) ;
#41 =( NAMED_UNIT ( * ) SI_UNIT ( $, .STERADIAN. ) SOLID_ANGLE_UNIT ( ) );
#42 = SURFACE_STYLE_USAGE ( .BOTH. , #3625 ) ;
#43 = VERTEX_POINT ( 'NONE', #4437 ) ;
#44 = UNCERTAINTY_MEASURE_WITH_UNIT (LENGTH_MEASURE( 1.000000000000000082E-05 ), #5205, 'distance_accuracy_value', 'NONE');
#45 = CARTESIAN_POINT ( 'NONE',  ( -3.535533905932729759, -10.21875000000000000, 3.535533905932729759 ) ) ;
#46 = SURFACE_STYLE_FILL_AREA ( #3593 ) ;
#47 = PRESENTATION_LAYER_ASSIGNMENT (  '', '', ( #6731 ) ) ;
#48 = CARTESIAN_POINT ( 'NONE',  ( -0.3782229958805044534, 0.9894203935131834493, 49.28574623985507230 ) ) ;
#49 = FILL_AREA_STYLE ('',( #774 ) ) ;
#50 = SURFACE_SIDE_STYLE ('',( #728 ) ) ;
#51 = FACE_OUTER_BOUND ( 'NONE', #4943, .T. ) ;
#52 = CARTESIAN_POINT ( 'NONE',  ( -2.473510098210175201, -0.7937371325029179969, 48.77901843474270294 ) ) ;
#53 = UNCERTAINTY_MEASURE_WITH_UNIT (LENGTH_MEASURE( 1.000000000000000082E-05 ), #2774, 'distance_accuracy_value', 'NONE');
#54 = CARTESIAN_POINT ( 'NONE',  ( -2.478016757640180145, 1.885032027813339894, 51.39960165022750260 ) ) ;
#55 = CARTESIAN_POINT ( 'NONE',  ( -5.000000000000005329, -3.109375003413986871, 2.071067811865475949 ) ) ;
#56 = DIRECTION ( 'NONE',  ( 0.000000000000000000, 0.000000000000000000, 1.000000000000000000 ) ) ;
#57 = CARTESIAN_POINT ( 'NONE',  ( -5.676582343750004256, -9.906250001706990105, 2.351317394708899666 ) ) ;
#58 = DIRECTION ( 'NONE',  ( 0.000000000000000000, 1.000000000000000000, 0.000000000000000000 ) ) ;
#59 = CARTESIAN_POINT ( 'NONE',  ( 4.013949869229449519, -3.265625001706990105, 4.013949869229449519 ) ) ;
#60 = CARTESIAN_POINT ( 'NONE',  ( -5.676582343750006032, -3.812500001706990549, -2.351317394708899666 ) ) ;
#61 = DIRECTION ( 'NONE',  ( 5.627682551812640154E-15, -1.000000000000000000, 0.000000000000000000 ) ) ;
#62 = CONTEXT_DEPENDENT_SHAPE_REPRESENTATION ( #7733, #6480 ) ;
#63 = DIRECTION ( 'NONE',  ( 0.000000000000000000, 1.000000000000000000, 0.000000000000000000 ) ) ;
#64 = CARTESIAN_POINT ( 'NONE',  ( -5.676582343750006032, -9.906250001706991881, -2.351317394708899666 ) ) ;
#65 = LINE ( 'NONE', #6865, #6894 ) ;
#66 = FILL_AREA_STYLE_COLOUR ( '', #4298 ) ;
#67 = CARTESIAN_POINT ( 'NONE',  ( -5.676582343750004256, -1.000000001706991215, 2.351317394708899666 ) ) ;
#68 = VERTEX_POINT ( 'NONE', #1509 ) ;
#69 = CARTESIAN_POINT ( 'NONE',  ( -2.278416970844743261, 0.3180899309085695736, 7.999999902074658387 ) ) ;
#70 = CARTESIAN_POINT ( 'NONE',  ( -2.071067811865495045, -4.203125003413981098, 4.999999999999978684 ) ) ;
#71 = EDGE_CURVE ( 'NONE', #7268, #603, #3535, .T. ) ;
#72 =( NAMED_UNIT ( * ) SI_UNIT ( $, .STERADIAN. ) SOLID_ANGLE_UNIT ( ) );
#73 =( BOUNDED_CURVE ( )  B_SPLINE_CURVE ( 3, ( #7635, #2236, #4681, #4640 ),
 .UNSPECIFIED., .F., .F. ) 
 B_SPLINE_CURVE_WITH_KNOTS ( ( 4, 4 ),
 ( 0.000000000000000000, 1.000000000000000000 ),
 .UNSPECIFIED. ) 
 CURVE ( )  GEOMETRIC_REPRESENTATION_ITEM ( )  RATIONAL_B_SPLINE_CURVE ( ( 1.000000000000000000, 0.3333333333333335369, 0.3333333333333335369, 1.000000000000000000 ) ) 
 REPRESENTATION_ITEM ( '' )  );
#74 = STYLED_ITEM ( 'NONE', ( #4922 ), #2008 ) ;
#75 = CARTESIAN_POINT ( 'NONE',  ( -5.000000000000005329, -11.85937500341397133, 2.071067811865475949 ) ) ;
#76 = CARTESIAN_POINT ( 'NONE',  ( 2.071067811865475949, -0.7656249999999987788, -5.000000000000005329 ) ) ;
#77 = CARTESIAN_POINT ( 'NONE',  ( -5.676582343750006032, -11.15625000170699366, 2.351317394708899666 ) ) ;
#78 = ORIENTED_EDGE ( 'NONE', *, *, #4140, .F. ) ;
#79 = PRESENTATION_STYLE_ASSIGNMENT (( #2987 ) ) ;
#80 = CARTESIAN_POINT ( 'NONE',  ( -2.249074053153351294, 1.597894181312403905, 49.99872791899136359 ) ) ;
#81 = CARTESIAN_POINT ( 'NONE',  ( 0.000000000000000000, 0.5999999999999999778, 0.000000000000000000 ) ) ;
#82 = ORIENTED_EDGE ( 'NONE', *, *, #470, .F. ) ;
#83 = CARTESIAN_POINT ( 'NONE',  ( 13.90972873837949919, 4.477253316603870700E-16, 20.63402643463730257 ) ) ;
#84 = CARTESIAN_POINT ( 'NONE',  ( -5.676582343749999815, -11.07812500170700076, -6.951808397369819752E-16 ) ) ;
#85 = CARTESIAN_POINT ( 'NONE',  ( 2.071067811865465291, -1.234375000000017542, 4.999999999999973355 ) ) ;
#86 = CARTESIAN_POINT ( 'NONE',  ( -0.7239058360326796615, 1.761947674502985395, 49.91357380283002954 ) ) ;
#87 = PLANE ( 'NONE',  #1129 ) ;
#88 = PRESENTATION_LAYER_ASSIGNMENT (  '', '', ( #6799 ) ) ;
#89 = CARTESIAN_POINT ( 'NONE',  ( -5.000000000000005329, -9.359375003413987315, 2.071067811865475949 ) ) ;
#90 = CARTESIAN_POINT ( 'NONE',  ( -3.219377205144537957, 0.08270243678198356541, 50.22919376061379637 ) ) ;
#91 =( NAMED_UNIT ( * ) SI_UNIT ( $, .STERADIAN. ) SOLID_ANGLE_UNIT ( ) );
#92 =( NAMED_UNIT ( * ) PLANE_ANGLE_UNIT ( ) SI_UNIT ( $, .RADIAN. ) );
#93 = COLOUR_RGB ( '',0.5019607843137254832, 0.5019607843137254832, 0.000000000000000000 ) ;
#94 = CARTESIAN_POINT ( 'NONE',  ( 0.4861140058840899836, -0.07383036293771740033, 49.75570487503830464 ) ) ;
#95 = CARTESIAN_POINT ( 'NONE',  ( -5.676582343750004256, -3.656250001706994546, 2.351317394708899666 ) ) ;
#96 = EDGE_CURVE ( 'NONE', #423, #805, #2166, .T. ) ;
#97 = CARTESIAN_POINT ( 'NONE',  ( -5.676582343750006032, -2.562500001706989217, -2.351317394708899666 ) ) ;
#98 = CARTESIAN_POINT ( 'NONE',  ( 4.013949869229449519, -4.515625001706989217, 4.013949869229449519 ) ) ;
#99 = CARTESIAN_POINT ( 'NONE',  ( -0.1703212508017159232, -4.603993403836615705, 64.98305945177702370 ) ) ;
#100 = PRODUCT_CONTEXT ( 'NONE', #5985, 'mechanical' ) ;
#101 = EDGE_CURVE ( 'NONE', #440, #4644, #291, .T. ) ;
#102 = PLANE ( 'NONE',  #6948 ) ;
#103 = CARTESIAN_POINT ( 'NONE',  ( -1.042771259605471878E-15, -7.015625001706990105, 5.676582343749999815 ) ) ;
#104 = DIRECTION ( 'NONE',  ( 0.000000000000000000, 1.000000000000000000, 0.000000000000000000 ) ) ;
#105 =( BOUNDED_CURVE ( )  B_SPLINE_CURVE ( 2, ( #5369, #4049, #4774, #4087, #2897 ),
 .UNSPECIFIED., .F., .F. ) 
 B_SPLINE_CURVE_WITH_KNOTS ( ( 3, 2, 3 ),
 ( 0.000000000000000000, 0.003912048902432540588, 0.007824097804865081177 ),
 .UNSPECIFIED. ) 
 CURVE ( )  GEOMETRIC_REPRESENTATION_ITEM ( )  RATIONAL_B_SPLINE_CURVE ( ( 1.000000000000000000, 0.9238795325112869605, 1.000000000000000000, 0.9238795325112869605, 1.000000000000000000 ) ) 
 REPRESENTATION_ITEM ( '' )  );
#106 = B_SPLINE_CURVE_WITH_KNOTS ( 'NONE', 3,
 ( #7010, #951, #343, #980 ),
 .UNSPECIFIED., .F., .F.,
 ( 4, 4 ),
 ( 0.000000000000000000, 1.000000000000000000 ),
 .UNSPECIFIED. ) ;
#107 = CARTESIAN_POINT ( 'NONE',  ( 3.535533905932724874, -8.343750000000000000, -3.535533905932724874 ) ) ;
#108 = B_SPLINE_CURVE_WITH_KNOTS ( 'NONE', 3,
 ( #210, #3305, #1910, #2633 ),
 .UNSPECIFIED., .F., .F.,
 ( 4, 4 ),
 ( 0.000000000000000000, 1.000000000000000000 ),
 .UNSPECIFIED. ) ;
#109 = COLOUR_RGB ( '',1.000000000000000000, 1.000000000000000000, 0.000000000000000000 ) ;
#110 = MECHANICAL_DESIGN_GEOMETRIC_PRESENTATION_REPRESENTATION (  '', ( #5540 ), #727 ) ;
#111 = CARTESIAN_POINT ( 'NONE',  ( -1.042771259605471878E-15, -2.015625001706990105, 5.676582343749999815 ) ) ;
#112 = ORIENTED_EDGE ( 'NONE', *, *, #4439, .F. ) ;
#113 = CARTESIAN_POINT ( 'NONE',  ( -1.553336999355972026, -3.729977029070301153, 62.88826169764750773 ) ) ;
#114 = CARTESIAN_POINT ( 'NONE',  ( -5.000000000000005329, -4.359375003413981986, 2.071067811865475949 ) ) ;
#115 =( NAMED_UNIT ( * ) PLANE_ANGLE_UNIT ( ) SI_UNIT ( $, .RADIAN. ) );
#116 = DIRECTION ( 'NONE',  ( 0.000000000000000000, 0.000000000000000000, 1.000000000000000000 ) ) ;
#117 = CARTESIAN_POINT ( 'NONE',  ( 3.535533905932735088, -11.46875000341399975, 3.535533905932739973 ) ) ;
#118 = CARTESIAN_POINT ( 'NONE',  ( 5.000000000000000000, -2.250000000000000000, 0.000000000000000000 ) ) ;
#119 = CARTESIAN_POINT ( 'NONE',  ( -9.184850993605149917E-16, -5.375000003413979321, 5.000000000000000000 ) ) ;
#120 = CARTESIAN_POINT ( 'NONE',  ( 5.676582343749999815, -8.109375001706990105, 0.000000000000000000 ) ) ;
#121 = ORIENTED_EDGE ( 'NONE', *, *, #2120, .T. ) ;
#122 = SHAPE_REPRESENTATION ( 'laidas_WiFi_i\X2\0161\X0\tisas.STEP', ( #2581 ), #4343 ) ;
#123 = COLOUR_RGB ( '',0.2509803921568627416, 0.2509803921568627416, 0.2509803921568627416 ) ;
#124 = CARTESIAN_POINT ( 'NONE',  ( -0.5031937215948890652, 1.073734179955470269, 48.57867662379912588 ) ) ;
#125 = MANIFOLD_SOLID_BREP ( 'NONE', #5075 ) ;
#126 = CARTESIAN_POINT ( 'NONE',  ( 0.8499999999999999778, -15.00000000000000000, -1.472243186433543904 ) ) ;
#127 = VERTEX_POINT ( 'NONE', #3997 ) ;
#128 = VECTOR ( 'NONE', #569, 1000.000000000000000 ) ;
#129 = DIRECTION ( 'NONE',  ( 0.05419102103501098611, 3.049698635436430871E-16, 0.9985305870323567534 ) ) ;
#130 = CARTESIAN_POINT ( 'NONE',  ( 15.89819671117514233, -2.749999999999999112, 3.478631175052492086 ) ) ;
#131 = CARTESIAN_POINT ( 'NONE',  ( 4.013949869229449519, -10.60937500170700076, 4.013949869229449519 ) ) ;
#132 = AXIS2_PLACEMENT_3D ( 'NONE', #5666, #819, #7353 ) ;
#133 = CARTESIAN_POINT ( 'NONE',  ( 0.4908348651023221598, -0.07401114700747535302, 49.76121198892858644 ) ) ;
#134 = PRESENTATION_STYLE_ASSIGNMENT (( #5550 ) ) ;
#135 = CARTESIAN_POINT ( 'NONE',  ( 2.432583371457359700, -3.267536173645043334E-05, -4.671807910406315045 ) ) ;
#136 = CARTESIAN_POINT ( 'NONE',  ( 7.475811010076155227, 4.325420342370897231, 3.051810071399455371 ) ) ;
#137 = EDGE_CURVE ( 'NONE', #720, #6231, #6352, .T. ) ;
#138 = CARTESIAN_POINT ( 'NONE',  ( -2.591465054043355476, -1.410919652592871998, 50.14915133399421165 ) ) ;
#139 = CONICAL_SURFACE ( 'NONE', #2157, 8.000000000000000000, 0.7853981633974503884 ) ;
#140 = UNCERTAINTY_MEASURE_WITH_UNIT (LENGTH_MEASURE( 1.000000000000000082E-05 ), #2843, 'distance_accuracy_value', 'NONE');
#141 = CARTESIAN_POINT ( 'NONE',  ( -2.071067811865461739, -0.9218750034139843175, -5.000000000000021316 ) ) ;
#142 = DIRECTION ( 'NONE',  ( 0.000000000000000000, -0.7071067811865500152, -0.7071067811865450192 ) ) ;
#143 = EDGE_CURVE ( 'NONE', #3524, #1135, #2604, .T. ) ;
#144 = VECTOR ( 'NONE', #152, 1000.000000000000000 ) ;
#145 = CARTESIAN_POINT ( 'NONE',  ( 4.013949869229449519, -6.703125001706989217, -4.013949869229449519 ) ) ;
#146 = DIRECTION ( 'NONE',  ( 0.9953291098917268487, -0.08001310559515865950, -0.05401727441440232896 ) ) ;
#147 = CARTESIAN_POINT ( 'NONE',  ( 4.013949869229449519, -4.203125001706990105, -4.013949869229449519 ) ) ;
#148 = DIRECTION ( 'NONE',  ( 0.000000000000000000, 1.000000000000000000, 0.000000000000000000 ) ) ;
#149 = CARTESIAN_POINT ( 'NONE',  ( -0.05290737189252595757, -4.603993403836615705, 67.14654239034713612 ) ) ;
#150 = LINE ( 'NONE', #3801, #746 ) ;
#151 = PRESENTATION_LAYER_ASSIGNMENT (  '', '', ( #790 ) ) ;
#152 = DIRECTION ( 'NONE',  ( 0.000000000000000000, 1.000000000000000000, 0.000000000000000000 ) ) ;
#153 = CARTESIAN_POINT ( 'NONE',  ( -2.351317394708905439, -5.843750001706994546, 5.676582343750006032 ) ) ;
#154 = DIRECTION ( 'NONE',  ( 0.000000000000000000, 0.000000000000000000, 1.000000000000000000 ) ) ;
#155 = CARTESIAN_POINT ( 'NONE',  ( -3.089662386754710610, -1.446403766526195511, 50.68334022687349005 ) ) ;
#156 = CARTESIAN_POINT ( 'NONE',  ( 5.676582343749999815, -0.4531250017069909930, 0.000000000000000000 ) ) ;
#157 = MECHANICAL_DESIGN_GEOMETRIC_PRESENTATION_REPRESENTATION (  '', ( #1171 ), #657 ) ;
#158 = ORIENTED_EDGE ( 'NONE', *, *, #1750, .T. ) ;
#159 = PRESENTATION_STYLE_ASSIGNMENT (( #3176 ) ) ;
#160 = CARTESIAN_POINT ( 'NONE',  ( 2.071067811855058505, -3.265624999999455103, -5.000000000010385470 ) ) ;
#161 = DIRECTION ( 'NONE',  ( -0.000000000000000000, 1.000000000000000000, 0.000000000000000000 ) ) ;
#162 =( GEOMETRIC_REPRESENTATION_CONTEXT ( 3 ) GLOBAL_UNCERTAINTY_ASSIGNED_CONTEXT ( ( #2906 ) ) GLOBAL_UNIT_ASSIGNED_CONTEXT ( ( #858, #1411, #296 ) ) REPRESENTATION_CONTEXT ( 'NONE', 'WORKASPACE' ) );
#163 = CARTESIAN_POINT ( 'NONE',  ( 2.351317394708899666, -0.2187500017069903824, -5.676582343750006032 ) ) ;
#164 = CARTESIAN_POINT ( 'NONE',  ( -2.071067811865475949, -1.859375000000000888, -5.000000000000005329 ) ) ;
#165 = DIRECTION ( 'NONE',  ( 0.5668561164327559077, 0.8232422104217858028, -0.03076371633314481727 ) ) ;
#166 = CARTESIAN_POINT ( 'NONE',  ( 5.676582343749999815, -9.359375001706990105, 0.000000000000000000 ) ) ;
#167 = EDGE_LOOP ( 'NONE', ( #2421, #4740, #3328, #7377, #2701, #6544 ) ) ;
#168 =( NAMED_UNIT ( * ) SI_UNIT ( $, .STERADIAN. ) SOLID_ANGLE_UNIT ( ) );
#169 = CARTESIAN_POINT ( 'NONE',  ( 0.000000000000000000, -13.50000000000000000, 0.000000000000000000 ) ) ;
#170 = CIRCLE ( 'NONE', #4579, 40.00000000000000000 ) ;
#171 = CARTESIAN_POINT ( 'NONE',  ( -3.535533905932724874, -8.968750000000000000, 3.535533905932724874 ) ) ;
#172 = PRESENTATION_STYLE_ASSIGNMENT (( #2504 ) ) ;
#173 = ORIENTED_EDGE ( 'NONE', *, *, #7308, .T. ) ;
#174 = CARTESIAN_POINT ( 'NONE',  ( 0.000000000000000000, 0.000000000000000000, 0.000000000000000000 ) ) ;
#175 = EDGE_CURVE ( 'NONE', #431, #467, #6317, .T. ) ;
#176 = CARTESIAN_POINT ( 'NONE',  ( 4.269327523463522844, -2.749999999999999112, 38.40043642629651544 ) ) ;
#177 = EDGE_CURVE ( 'NONE', #5813, #7637, #6824, .T. ) ;
#178 = FACE_OUTER_BOUND ( 'NONE', #2814, .T. ) ;
#179 =( BOUNDED_CURVE ( )  B_SPLINE_CURVE ( 3, ( #643, #5023, #2506, #2468 ),
 .UNSPECIFIED., .F., .F. ) 
 B_SPLINE_CURVE_WITH_KNOTS ( ( 4, 4 ),
 ( 0.000000000000000000, 1.000000000000000000 ),
 .UNSPECIFIED. ) 
 CURVE ( )  GEOMETRIC_REPRESENTATION_ITEM ( )  RATIONAL_B_SPLINE_CURVE ( ( 1.000000000000000000, 0.3333333333333335369, 0.3333333333333335369, 1.000000000000000000 ) ) 
 REPRESENTATION_ITEM ( '' )  );
#180 = CARTESIAN_POINT ( 'NONE',  ( -0.4429372334921869991, 1.049191110600866006, 49.29494434315051166 ) ) ;
#181 = CARTESIAN_POINT ( 'NONE',  ( 0.000000000000000000, 0.000000000000000000, 0.000000000000000000 ) ) ;
#182 = CARTESIAN_POINT ( 'NONE',  ( 3.642509683725277725, 0.0001063764172803599096, -3.660724717961494790 ) ) ;
#183 = CARTESIAN_POINT ( 'NONE',  ( 7.501464135276108003, 4.318291883668223363, 3.007388522256218000 ) ) ;
#184 = CARTESIAN_POINT ( 'NONE',  ( -2.494435439629059115, -1.490822898027570398, 50.13682327988539811 ) ) ;
#185 = DIRECTION ( 'NONE',  ( 0.000000000000000000, 0.000000000000000000, 1.000000000000000000 ) ) ;
#186 = AXIS2_PLACEMENT_3D ( 'NONE', #2585, #161, #4972 ) ;
#187 = DIRECTION ( 'NONE',  ( 0.000000000000000000, 1.000000000000000000, 0.000000000000000000 ) ) ;
#188 = CARTESIAN_POINT ( 'NONE',  ( -5.676582343749999815, -3.734375001706989661, -6.951808397369819752E-16 ) ) ;
#189 =( NAMED_UNIT ( * ) SI_UNIT ( $, .STERADIAN. ) SOLID_ANGLE_UNIT ( ) );
#190 = EDGE_CURVE ( 'NONE', #6942, #2548, #4533, .T. ) ;
#191 = CARTESIAN_POINT ( 'NONE',  ( 4.013949869229449519, -1.703125001706990105, -4.013949869229449519 ) ) ;
#192 = CARTESIAN_POINT ( 'NONE',  ( -5.676582343750006032, -2.406250001706992769, 2.351317394708899666 ) ) ;
#193 = ADVANCED_FACE ( 'NONE', ( #2204 ), #7563, .T. ) ;
#194 = DIRECTION ( 'NONE',  ( 0.000000000000000000, 1.000000000000000000, 0.000000000000000000 ) ) ;
#195 =( GEOMETRIC_REPRESENTATION_CONTEXT ( 3 ) GLOBAL_UNCERTAINTY_ASSIGNED_CONTEXT ( ( #3951 ) ) GLOBAL_UNIT_ASSIGNED_CONTEXT ( ( #4321, #753, #2624 ) ) REPRESENTATION_CONTEXT ( 'NONE', 'WORKASPACE' ) );
#196 = CARTESIAN_POINT ( 'NONE',  ( -5.375073461770714545, 3.847045041978504720, 6.690090844729758679 ) ) ;
#197 = CARTESIAN_POINT ( 'NONE',  ( -3.425116627261812319, 0.5235987755983065872, 72.00308879196646217 ) ) ;
#198 = CARTESIAN_POINT ( 'NONE',  ( -1.042771259605471878E-15, -8.265625001706990105, 5.676582343749999815 ) ) ;
#199 = FACE_OUTER_BOUND ( 'NONE', #4758, .T. ) ;
#200 = CARTESIAN_POINT ( 'NONE',  ( 2.636460296577058937, -1.966549503919732933, 62.66087818396751175 ) ) ;
#201 = CARTESIAN_POINT ( 'NONE',  ( -1.885569067353842332, -3.198667369592706144, 71.91953636474305256 ) ) ;
#202 = CARTESIAN_POINT ( 'NONE',  ( -5.000000000000005329, -4.515625003413983762, -2.071067811865475949 ) ) ;
#203 = CARTESIAN_POINT ( 'NONE',  ( -3.535533905932739973, -8.031250003413980210, 3.535533905932735088 ) ) ;
#204 = CARTESIAN_POINT ( 'NONE',  ( 3.535533905932739973, -2.093750000000000000, -3.535533905932739973 ) ) ;
#205 = FILL_AREA_STYLE ('',( #1478 ) ) ;
#206 = ORIENTED_EDGE ( 'NONE', *, *, #6304, .F. ) ;
#207 = CARTESIAN_POINT ( 'NONE',  ( -2.246693820822800003, 5.548458885963540387E-16, 61.42368334131539598 ) ) ;
#208 = CARTESIAN_POINT ( 'NONE',  ( -2.090409669511222646, 1.172060943907771824, 48.74174303248658902 ) ) ;
#209 = CARTESIAN_POINT ( 'NONE',  ( 15.00000000000000000, 4.094551191870319911E-16, -65.48512825965229922 ) ) ;
#210 = CARTESIAN_POINT ( 'NONE',  ( -3.476273174958560030, -5.545690757951410637E-08, 51.57630845093579808 ) ) ;
#211 = STYLED_ITEM ( 'NONE', ( #309 ), #2117 ) ;
#212 = ORIENTED_EDGE ( 'NONE', *, *, #1353, .T. ) ;
#213 = CARTESIAN_POINT ( 'NONE',  ( 3.750651387404325021, 1.916336137257149999E-14, 69.10997541823309120 ) ) ;
#214 = PRESENTATION_STYLE_ASSIGNMENT (( #5546 ) ) ;
#215 = CARTESIAN_POINT ( 'NONE',  ( -4.013949869229449519, -8.421875001706990105, 4.013949869229449519 ) ) ;
#216 = CARTESIAN_POINT ( 'NONE',  ( -9.184850993605149917E-16, -1.312500000000000000, 5.000000000000000000 ) ) ;
#217 = CARTESIAN_POINT ( 'NONE',  ( -1.988921832187030114, 1.221134255848060013, 48.73100682366339242 ) ) ;
#218 = DIRECTION ( 'NONE',  ( 0.000000000000000000, 1.000000000000000000, 0.000000000000000000 ) ) ;
#219 = CARTESIAN_POINT ( 'NONE',  ( -5.000000000000005329, -1.859375003413985095, 2.071067811865475949 ) ) ;
#220 = CARTESIAN_POINT ( 'NONE',  ( 0.000000000000000000, -13.50000000000000000, 0.000000000000000000 ) ) ;
#221 = UNCERTAINTY_MEASURE_WITH_UNIT (LENGTH_MEASURE( 1.000000000000000082E-05 ), #7037, 'distance_accuracy_value', 'NONE');
#222 = FACE_OUTER_BOUND ( 'NONE', #2337, .T. ) ;
#223 = FACE_OUTER_BOUND ( 'NONE', #2634, .T. ) ;
#224 = SURFACE_STYLE_FILL_AREA ( #4869 ) ;
#225 = CARTESIAN_POINT ( 'NONE',  ( -1.042771259605471878E-15, -3.421875001706990105, 5.676582343749999815 ) ) ;
#226 = ADVANCED_FACE ( 'NONE', ( #7755 ), #139, .T. ) ;
#227 = CARTESIAN_POINT ( 'NONE',  ( 2.351317394708899666, -3.343750001706990993, 5.676582343750006032 ) ) ;
#228 = CARTESIAN_POINT ( 'NONE',  ( 4.013949869229449519, -2.953125001706990105, -4.013949869229449519 ) ) ;
#229 = CARTESIAN_POINT ( 'NONE',  ( 3.966554503656180675, 2.418952466920830435, 69.09825819047233608 ) ) ;
#230 = CARTESIAN_POINT ( 'NONE',  ( 5.988165287200083675, 4.182578632202413438, -5.628234616008057856 ) ) ;
#231 = VERTEX_POINT ( 'NONE', #6659 ) ;
#232 = AXIS2_PLACEMENT_3D ( 'NONE', #7200, #7038, #570 ) ;
#233 =( LENGTH_UNIT ( ) NAMED_UNIT ( * ) SI_UNIT ( .MILLI., .METRE. ) );
#234 = CARTESIAN_POINT ( 'NONE',  ( 5.676582343750006032, -5.375000001706988328, -2.351317394708899666 ) ) ;
#235 = CARTESIAN_POINT ( 'NONE',  ( -1.783321218345359949, 6.161142665431478987E-16, 41.42082527964299743 ) ) ;
#236 = CARTESIAN_POINT ( 'NONE',  ( 5.000000000000220268, -5.999999999999870326, 0.000000000000000000 ) ) ;
#237 = MECHANICAL_DESIGN_GEOMETRIC_PRESENTATION_REPRESENTATION (  '', ( #5394 ), #2119 ) ;
#238 = EDGE_LOOP ( 'NONE', ( #3426, #1133, #4682 ) ) ;
#239 = PRESENTATION_STYLE_ASSIGNMENT (( #3253 ) ) ;
#240 = FACE_OUTER_BOUND ( 'NONE', #5174, .T. ) ;
#241 = SHAPE_REPRESENTATION_RELATIONSHIP ( 'NONE' , 'NONE' ,  #5267, #4778 ) ;
#242 = DIRECTION ( 'NONE',  ( -0.4999999999999985567, 0.000000000000000000, 0.8660254037844394848 ) ) ;
#243 = CARTESIAN_POINT ( 'NONE',  ( 2.071067811865475949, -6.546875003413982874, 4.999999999999994671 ) ) ;
#244 = CARTESIAN_POINT ( 'NONE',  ( -5.676582343749999815, -9.984375001706990105, -6.951808397369819752E-16 ) ) ;
#245 = CARTESIAN_POINT ( 'NONE',  ( 9.237604307034001039, 1.237604307033950191, -7.481529052163500417E-16 ) ) ;
#246 = VERTEX_POINT ( 'NONE', #2969 ) ;
#247 = CARTESIAN_POINT ( 'NONE',  ( -0.6890344179400266222, 1.717919891716436442, 49.85347091140436504 ) ) ;
#248 =( NAMED_UNIT ( * ) SI_UNIT ( $, .STERADIAN. ) SOLID_ANGLE_UNIT ( ) );
#249 =( NAMED_UNIT ( * ) SI_UNIT ( $, .STERADIAN. ) SOLID_ANGLE_UNIT ( ) );
#250 = ORIENTED_EDGE ( 'NONE', *, *, #2800, .T. ) ;
#251 = CARTESIAN_POINT ( 'NONE',  ( 13.62500000000000000, 6.161142665431478987E-16, 0.000000000000000000 ) ) ;
#252 = STYLED_ITEM ( 'NONE', ( #4880 ), #6257 ) ;
#253 = CARTESIAN_POINT ( 'NONE',  ( -1.188801248533311927, -2.253443914634260192, 51.16507063999220151 ) ) ;
#254 = CARTESIAN_POINT ( 'NONE',  ( 5.676582343749999815, -9.203125001706990105, 0.000000000000000000 ) ) ;
#255 = CARTESIAN_POINT ( 'NONE',  ( -2.824363180837218490, 6.040530737941804881E-17, 56.10501623241440683 ) ) ;
#256 = VECTOR ( 'NONE', #7291, 999.9999999999998863 ) ;
#257 = CARTESIAN_POINT ( 'NONE',  ( -2.660527322688024832, 0.4129330905785520422, 48.79757444257690224 ) ) ;
#258 = DIRECTION ( 'NONE',  ( -0.8660254037844394848, 0.000000000000000000, -0.4999999999999986122 ) ) ;
#259 = MECHANICAL_DESIGN_GEOMETRIC_PRESENTATION_REPRESENTATION (  '', ( #376 ), #3841 ) ;
#260 = CARTESIAN_POINT ( 'NONE',  ( 16.33921243041893590, -0.3599033409940127770, -65.48512825965232764 ) ) ;
#261 = CARTESIAN_POINT ( 'NONE',  ( -3.519753989648158665, 0.6698141336682778002, 69.50454589593057619 ) ) ;
#262 = CARTESIAN_POINT ( 'NONE',  ( -1.539160318054275667, -1.360564480393348985, 49.45099856524512205 ) ) ;
#263 = SURFACE_SIDE_STYLE ('',( #6810 ) ) ;
#264 = CARTESIAN_POINT ( 'NONE',  ( 3.475904198684909876E-16, -4.046875001706994546, -5.676582343749999815 ) ) ;
#265 = CARTESIAN_POINT ( 'NONE',  ( -3.535533905932779941, -11.46875000000000000, 3.535533905932775056 ) ) ;
#266 = CARTESIAN_POINT ( 'NONE',  ( -9.184850993605149917E-16, -5.062500000000000000, 5.000000000000000000 ) ) ;
#267 = CARTESIAN_POINT ( 'NONE',  ( -2.351317394708905439, -1.000000001706991215, 5.676582343750006032 ) ) ;
#268 = DIRECTION ( 'NONE',  ( 0.000000000000000000, -1.000000000000000000, 0.000000000000000000 ) ) ;
#269 = EDGE_CURVE ( 'NONE', #2621, #1604, #6775, .T. ) ;
#270 = CARTESIAN_POINT ( 'NONE',  ( 6.928203230275489233, 4.400000000000000355, -4.000000000000000000 ) ) ;
#271 = VERTEX_POINT ( 'NONE', #545 ) ;
#272 =( NAMED_UNIT ( * ) PLANE_ANGLE_UNIT ( ) SI_UNIT ( $, .RADIAN. ) );
#273 = CARTESIAN_POINT ( 'NONE',  ( 2.351317394708899666, -8.187500001706995434, 5.676582343750006032 ) ) ;
#274 = CARTESIAN_POINT ( 'NONE',  ( -3.535533905932709775, -1.468750000000023981, 3.535533905932704890 ) ) ;
#275 = CARTESIAN_POINT ( 'NONE',  ( -2.646109061533885143, -1.212950698963832119, 50.04047664839590226 ) ) ;
#276 = STYLED_ITEM ( 'NONE', ( #6577 ), #1047 ) ;
#277 = COLOUR_RGB ( '',0.5019607843137254832, 0.5019607843137254832, 0.000000000000000000 ) ;
#278 = CARTESIAN_POINT ( 'NONE',  ( -3.030846295926156841, -0.8375932299496835487, 62.96844726072355058 ) ) ;
#279 = CARTESIAN_POINT ( 'NONE',  ( -2.818938869001038849, -2.855960654303985269, 62.95694688208809708 ) ) ;
#280 = CARTESIAN_POINT ( 'NONE',  ( 4.998744130401080454, 0.8753177213513030352, -7.341618211124537829 ) ) ;
#281 = CARTESIAN_POINT ( 'NONE',  ( -0.1878000737518440433, -0.7150200331707244894, 48.54408170084532514 ) ) ;
#282 = CARTESIAN_POINT ( 'NONE',  ( -5.000000000000000000, -6.937500003413980210, -6.123233995736771213E-16 ) ) ;
#283 = AXIS2_PLACEMENT_3D ( 'NONE', #7264, #1, #4288 ) ;
#284 = CARTESIAN_POINT ( 'NONE',  ( -5.676582343750006032, -12.56250000170699543, -2.351317394708899666 ) ) ;
#285 = CARTESIAN_POINT ( 'NONE',  ( 7.941783137820826788, 0.2518845685469571216, -2.244435237408711536 ) ) ;
#286 = ORIENTED_EDGE ( 'NONE', *, *, #4791, .F. ) ;
#287 = CARTESIAN_POINT ( 'NONE',  ( 8.167064110036211133, 4.025120891731833517, -1.854222032764765382 ) ) ;
#288 = DIRECTION ( 'NONE',  ( 0.000000000000000000, 0.000000000000000000, 1.000000000000000000 ) ) ;
#289 =( NAMED_UNIT ( * ) PLANE_ANGLE_UNIT ( ) SI_UNIT ( $, .RADIAN. ) );
#290 = VERTEX_POINT ( 'NONE', #4191 ) ;
#291 = CIRCLE ( 'NONE', #1595, 8.000000000000000000 ) ;
#292 = CARTESIAN_POINT ( 'NONE',  ( -5.676582343749999815, -8.578125001706991881, -6.951808397369819752E-16 ) ) ;
#293 = CARTESIAN_POINT ( 'NONE',  ( -1.477633336739126113, 1.372412319885815801, 48.67996444290249514 ) ) ;
#294 = AXIS2_PLACEMENT_3D ( 'NONE', #3858, #875, #6240 ) ;
#295 = FACE_OUTER_BOUND ( 'NONE', #4291, .T. ) ;
#296 =( NAMED_UNIT ( * ) SI_UNIT ( $, .STERADIAN. ) SOLID_ANGLE_UNIT ( ) );
#297 = CARTESIAN_POINT ( 'NONE',  ( -0.8040187863063630314, -1.260686362885625966, 48.61089120386490237 ) ) ;
#298 = CARTESIAN_POINT ( 'NONE',  ( 8.922889085312638358, 4.477253316603870700E-16, 32.77463669513984712 ) ) ;
#299 = CARTESIAN_POINT ( 'NONE',  ( -6.928203230275469693, 4.400000000000000355, 4.000000000000050626 ) ) ;
#300 = CARTESIAN_POINT ( 'NONE',  ( 1.348677425416076492, 2.923671889522228451, 71.74401132625322930 ) ) ;
#301 = CARTESIAN_POINT ( 'NONE',  ( 3.980102097228895273E-16, 0.000000000000000000, 3.250000000000000000 ) ) ;
#302 = CARTESIAN_POINT ( 'NONE',  ( -3.112132827478667707, 0.8375932299496990918, 61.47065138017502051 ) ) ;
#303 = DIRECTION ( 'NONE',  ( 0.000000000000000000, -1.000000000000000000, 0.000000000000000000 ) ) ;
#304 = DIRECTION ( 'NONE',  ( 0.000000000000000000, 0.000000000000000000, 1.000000000000000000 ) ) ;
#305 = CARTESIAN_POINT ( 'NONE',  ( 0.000000000000000000, 4.400000000000000355, 0.000000000000000000 ) ) ;
#306 = ORIENTED_EDGE ( 'NONE', *, *, #6299, .F. ) ;
#307 = CIRCLE ( 'NONE', #3477, 3.250000000000000000 ) ;
#308 = CARTESIAN_POINT ( 'NONE',  ( -5.676582343750006032, -1.000000001706991215, 2.351317394708899666 ) ) ;
#309 = PRESENTATION_STYLE_ASSIGNMENT (( #7487 ) ) ;
#310 = CARTESIAN_POINT ( 'NONE',  ( 0.8499999999999999778, -15.00000000000000000, -1.472243186433543904 ) ) ;
#311 = AXIS2_PLACEMENT_3D ( 'NONE', #2478, #4421, #1290 ) ;
#312 = ORIENTED_EDGE ( 'NONE', *, *, #2406, .T. ) ;
#313 = ORIENTED_EDGE ( 'NONE', *, *, #689, .T. ) ;
#314 = CARTESIAN_POINT ( 'NONE',  ( -2.342212419297510895, 3.341324273740071904E-09, -5.072126873279845682 ) ) ;
#315 = CARTESIAN_POINT ( 'NONE',  ( -4.095223838017790996, -5.599999999999999645, -4.385104527434994459 ) ) ;
#316 = DIRECTION ( 'NONE',  ( 1.000000000000000000, 0.000000000000000000, 0.000000000000000000 ) ) ;
#317 = CARTESIAN_POINT ( 'NONE',  ( -5.000000000000005329, -4.515625003413984651, -2.071067811865475949 ) ) ;
#318 = CARTESIAN_POINT ( 'NONE',  ( -4.013949869229449519, -8.890625001706990105, -4.013949869229449519 ) ) ;
#319 = EDGE_CURVE ( 'NONE', #1638, #7072, #2557, .T. ) ;
#320 = B_SPLINE_CURVE_WITH_KNOTS ( 'NONE', 3,
 ( #1951, #4857, #3782, #6681, #6760, #6720, #3743, #5499, #1239, #6647 ),
 .UNSPECIFIED., .F., .F.,
 ( 4, 2, 2, 2, 4 ),
 ( 0.000000000000000000, 0.2500000000000000000, 0.5000000000000000000, 0.7500000000000000000, 1.000000000000000000 ),
 .UNSPECIFIED. ) ;
#321 = EDGE_LOOP ( 'NONE', ( #4330, #3345, #1233, #6532 ) ) ;
#322 = FILL_AREA_STYLE ('',( #4446 ) ) ;
#323 = CYLINDRICAL_SURFACE ( 'NONE', #7187, 5.000000000000000000 ) ;
#324 = CARTESIAN_POINT ( 'NONE',  ( 3.061616997868385113E-16, -2.250000003413984651, -5.000000000000000000 ) ) ;
#325 = ORIENTED_EDGE ( 'NONE', *, *, #6505, .T. ) ;
#326 = CARTESIAN_POINT ( 'NONE',  ( -1.440135567309130060, -1.806190707045165045, 49.92105364688359970 ) ) ;
#327 = CARTESIAN_POINT ( 'NONE',  ( 5.676582343750006032, -5.375000001706988328, -2.351317394708899666 ) ) ;
#328 = CARTESIAN_POINT ( 'NONE',  ( 4.999999999999994671, -11.07812500000000178, 2.071067811865475949 ) ) ;
#329 = CYLINDRICAL_SURFACE ( 'NONE', #7170, 5.000000000000000000 ) ;
#330 = CARTESIAN_POINT ( 'NONE',  ( -1.235718926892880987, -3.650879266045857108, 69.38058956075380479 ) ) ;
#331 = CARTESIAN_POINT ( 'NONE',  ( 6.729376378909856626, 0.007411642994192000830, 4.344358587081178058 ) ) ;
#332 = CARTESIAN_POINT ( 'NONE',  ( 0.4861140058840899836, -0.07383036293771741421, 49.75570487503830464 ) ) ;
#333 = CARTESIAN_POINT ( 'NONE',  ( -0.01036924968792067928, -0.2373408548493529946, 48.52445512771440406 ) ) ;
#334 = CARTESIAN_POINT ( 'NONE',  ( 0.000000000000000000, 0.000000000000000000, -6.000000000000000000 ) ) ;
#335 = CARTESIAN_POINT ( 'NONE',  ( 3.535533905932735088, -1.468750003413983984, 3.535533905932739973 ) ) ;
#336 = CARTESIAN_POINT ( 'NONE',  ( 2.204450665242120522, 4.102069323702843384, 7.999999521747602316 ) ) ;
#337 = CARTESIAN_POINT ( 'NONE',  ( 1.750000000000000000, 0.5999999999999999778, -1.634036216270185091E-16 ) ) ;
#338 = PRESENTATION_STYLE_ASSIGNMENT (( #2807 ) ) ;
#339 = CARTESIAN_POINT ( 'NONE',  ( 13.62500000000000000, -0.1799870791119091706, -0.000000000000000000 ) ) ;
#340 = CARTESIAN_POINT ( 'NONE',  ( 2.071067811865467512, -11.54687500341397843, 5.000000000000011546 ) ) ;
#341 = SURFACE_STYLE_FILL_AREA ( #3478 ) ;
#342 = CARTESIAN_POINT ( 'NONE',  ( 5.676582343750006032, -4.125000001706988328, -2.351317394708899666 ) ) ;
#343 = CARTESIAN_POINT ( 'NONE',  ( -3.961533518224957362, -0.4472798115921317041, 63.01895637030481367 ) ) ;
#344 = FACE_BOUND ( 'NONE', #1147, .T. ) ;
#345 = EDGE_LOOP ( 'NONE', ( #112, #682, #7774, #1581, #1590, #1048 ) ) ;
#346 =( LENGTH_UNIT ( ) NAMED_UNIT ( * ) SI_UNIT ( .MILLI., .METRE. ) );
#347 = CARTESIAN_POINT ( 'NONE',  ( -3.369865511440567563, 1.856511168615158477E-05, -4.545548483440150278 ) ) ;
#348 = CARTESIAN_POINT ( 'NONE',  ( 5.833556559702989475, 0.2919998814097801154, -5.895981379858914906 ) ) ;
#349 = EDGE_CURVE ( 'NONE', #526, #6800, #5847, .T. ) ;
#350 = VECTOR ( 'NONE', #2113, 1000.000000000000000 ) ;
#351 = CIRCLE ( 'NONE', #4759, 1.375000000000000000 ) ;
#352 = CARTESIAN_POINT ( 'NONE',  ( 3.061616997868385113E-16, -6.000000003413980210, -5.000000000000000000 ) ) ;
#353 = CARTESIAN_POINT ( 'NONE',  ( 3.475904198684909876E-16, -10.29687500170700076, -5.676582343749999815 ) ) ;
#354 = ORIENTED_EDGE ( 'NONE', *, *, #4639, .T. ) ;
#355 = SURFACE_SIDE_STYLE ('',( #432 ) ) ;
#356 = CARTESIAN_POINT ( 'NONE',  ( 2.204450665219842787, 0.2979306762964418209, -7.999999521753058396 ) ) ;
#357 = CARTESIAN_POINT ( 'NONE',  ( -0.9383008972502603351, 3.943345310657385916, 62.85488321652795918 ) ) ;
#358 = ORIENTED_EDGE ( 'NONE', *, *, #2142, .F. ) ;
#359 = CARTESIAN_POINT ( 'NONE',  ( -0.6534730943140362180, -2.145581456955645283, 50.35971963929564765 ) ) ;
#360 = CARTESIAN_POINT ( 'NONE',  ( 5.676582343749999815, -6.703125001706989217, 0.000000000000000000 ) ) ;
#361 = MECHANICAL_DESIGN_GEOMETRIC_PRESENTATION_REPRESENTATION (  '', ( #6061 ), #4420 ) ;
#362 = CARTESIAN_POINT ( 'NONE',  ( 2.071067811865475949, -12.48437500000000178, 4.999999999999994671 ) ) ;
#363 = SURFACE_STYLE_USAGE ( .BOTH. , #856 ) ;
#364 =( GEOMETRIC_REPRESENTATION_CONTEXT ( 3 ) GLOBAL_UNCERTAINTY_ASSIGNED_CONTEXT ( ( #7484 ) ) GLOBAL_UNIT_ASSIGNED_CONTEXT ( ( #1345, #2733, #2118 ) ) REPRESENTATION_CONTEXT ( 'NONE', 'WORKASPACE' ) );
#365 = MECHANICAL_DESIGN_GEOMETRIC_PRESENTATION_REPRESENTATION (  '', ( #1734 ), #6446 ) ;
#366 = CARTESIAN_POINT ( 'NONE',  ( -1.510391266985833481, -2.237560756306604226, 51.22406115111247971 ) ) ;
#367 = CARTESIAN_POINT ( 'NONE',  ( 0.000000000000000000, -13.50000000000000000, 5.000000000000000000 ) ) ;
#368 = CARTESIAN_POINT ( 'NONE',  ( -0.1576890216197449901, -0.6619749172781149715, 48.54104857202349876 ) ) ;
#369 = UNCERTAINTY_MEASURE_WITH_UNIT (LENGTH_MEASURE( 1.000000000000000082E-05 ), #3621, 'distance_accuracy_value', 'NONE');
#370 = CARTESIAN_POINT ( 'NONE',  ( -5.000000000000005329, -8.109375003413987315, 2.071067811865475949 ) ) ;
#371 =( NAMED_UNIT ( * ) SI_UNIT ( $, .STERADIAN. ) SOLID_ANGLE_UNIT ( ) );
#372 = CARTESIAN_POINT ( 'NONE',  ( 3.109796135334269351, 3.845611038519930691, 7.999995636760457884 ) ) ;
#373 = CARTESIAN_POINT ( 'NONE',  ( 1.750000000000000000, 0.000000000000000000, 7.447147104764350267 ) ) ;
#374 = CARTESIAN_POINT ( 'NONE',  ( -5.000000000000220268, -5.374999999999880096, -6.123233995737030551E-16 ) ) ;
#375 = CARTESIAN_POINT ( 'NONE',  ( -5.845223838017769680, 4.400000000000000355, -1.354015614189448158 ) ) ;
#376 = STYLED_ITEM ( 'NONE', ( #3141 ), #6587 ) ;
#377 = EDGE_CURVE ( 'NONE', #4255, #3620, #150, .T. ) ;
#378 =( BOUNDED_SURFACE ( )  B_SPLINE_SURFACE ( 3, 2, ( 
 ( #883, #5170, #4551 ),
 ( #6954, #6876, #3937 ),
 ( #1591, #1481, #3303 ),
 ( #926, #6363, #3379 ),
 ( #2175, #6986, #4007 ),
 ( #7610, #6395, #996 ),
 ( #5810, #2415, #1149 ),
 ( #628, #1227, #4653 ),
 ( #7135, #3490, #6592 ),
 ( #2247, #7221, #4157 ),
 ( #4811, #6961, #3575 ),
 ( #1669, #6545, #7059 ),
 ( #1775, #2979, #4203 ),
 ( #5962, #4117, #2332 ),
 ( #6501, #3057, #7096 ),
 ( #7721, #4767, #1820 ),
 ( #4245, #4080, #5325 ),
 ( #2934, #6465, #5402 ),
 ( #2890, #594, #6633 ),
 ( #3652, #6043, #7184 ),
 ( #5363, #469, #1191 ),
 ( #3526, #4731, #554 ),
 ( #5441, #1736, #5285 ),
 ( #7684, #1101, #7764 ),
 ( #3613, #1071, #512 ),
 ( #6004, #2369, #5882 ),
 ( #3022, #2289, #4694 ),
 ( #1700, #5916, #6085 ) ),
 .UNSPECIFIED., .F., .F., .F. ) 
 B_SPLINE_SURFACE_WITH_KNOTS ( ( 4, 2, 2, 2, 2, 2, 2, 2, 2, 2, 2, 2, 2, 4 ),
 ( 3, 3 ),
 ( 0.0007954567234644809720, 0.0008948888138985540636, 0.0009943209043326269383, 0.001044036949549662129, 0.001093752994766700138, 0.001143469039983736196, 0.001193185085200771820, 0.001292617175634843936, 0.001342333220851879994, 0.001392049266068916052, 0.001441765311285954062, 0.001491481356502989903, 0.001541197401720024876, 0.001590913446937065054 ),
 ( 0.000000000000000000, 1.000000000000000000 ),
 .UNSPECIFIED. ) 
 GEOMETRIC_REPRESENTATION_ITEM ( )  RATIONAL_B_SPLINE_SURFACE ( (
 ( 1.000000000000000000, 0.9238572436205020333, 1.000000000000000000),
 ( 1.000000000000000000, 0.9238056586570509987, 1.000000000000000000),
 ( 1.000000000000000000, 0.9238642925899159808, 1.000000000000000000),
 ( 1.000000000000000000, 0.9242380049128150477, 1.000000000000000000),
 ( 1.000000000000000000, 0.9245443695022370623, 1.000000000000000000),
 ( 1.000000000000000000, 0.9252771170875360163, 1.000000000000000000),
 ( 1.000000000000000000, 0.9255636735078129895, 1.000000000000000000),
 ( 1.000000000000000000, 0.9262607933691099360, 1.000000000000000000),
 ( 1.000000000000000000, 0.9266758402211929813, 1.000000000000000000),
 ( 1.000000000000000000, 0.9276559311705689925, 1.000000000000000000),
 ( 1.000000000000000000, 0.9282229861405469906, 1.000000000000000000),
 ( 1.000000000000000000, 0.9295878372977169901, 1.000000000000000000),
 ( 1.000000000000000000, 0.9303790925919780408, 1.000000000000000000),
 ( 1.000000000000000000, 0.9331252493682020699, 1.000000000000000000),
 ( 1.000000000000000000, 0.9355409783811640123, 1.000000000000000000),
 ( 1.000000000000000000, 0.9399322239457159611, 1.000000000000000000),
 ( 1.000000000000000000, 0.9415447270749880415, 1.000000000000000000),
 ( 1.000000000000000000, 0.9448664675873790220, 1.000000000000000000),
 ( 1.000000000000000000, 0.9465709737379530697, 1.000000000000000000),
 ( 1.000000000000000000, 0.9499255307105870516, 1.000000000000000000),
 ( 1.000000000000000000, 0.9515858196668470770, 1.000000000000000000),
 ( 1.000000000000000000, 0.9545673462992649849, 1.000000000000000000),
 ( 1.000000000000000000, 0.9559045528358930399, 1.000000000000000000),
 ( 1.000000000000000000, 0.9581905992479380352, 1.000000000000000000),
 ( 1.000000000000000000, 0.9591313304202438994, 1.000000000000000000),
 ( 1.000000000000000000, 0.9605156749079780676, 1.000000000000000000),
 ( 1.000000000000000000, 0.9609755051653799951, 1.000000000000000000),
 ( 1.000000000000000000, 0.9611991065866950512, 1.000000000000000000) ) ) 
 REPRESENTATION_ITEM ( '' )  SURFACE ( )  );
#379 = COLOUR_RGB ( '',0.5019607843137254832, 0.5019607843137254832, 0.000000000000000000 ) ;
#380 = SURFACE_STYLE_USAGE ( .BOTH. , #1685 ) ;
#381 = STYLED_ITEM ( 'NONE', ( #5976 ), #5430 ) ;
#382 = CARTESIAN_POINT ( 'NONE',  ( -2.351317394708905439, -3.343750001706990993, 5.676582343750006032 ) ) ;
#383 = CARTESIAN_POINT ( 'NONE',  ( -5.997287159339859564, 0.1260948406704889835, -5.483261298015990270 ) ) ;
#384 =( LENGTH_UNIT ( ) NAMED_UNIT ( * ) SI_UNIT ( .MILLI., .METRE. ) );
#385 = ORIENTED_EDGE ( 'NONE', *, *, #1140, .F. ) ;
#386 = CARTESIAN_POINT ( 'NONE',  ( 0.000000000000000000, 0.000000000000000000, 0.000000000000000000 ) ) ;
#387 = CARTESIAN_POINT ( 'NONE',  ( 5.722622282981586928, 0.3554262049249605204, -6.088127737088536939 ) ) ;
#388 = CARTESIAN_POINT ( 'NONE',  ( -1.372979557169489162, 2.749999999999999112, 61.37626619790971461 ) ) ;
#389 =( GEOMETRIC_REPRESENTATION_CONTEXT ( 3 ) GLOBAL_UNCERTAINTY_ASSIGNED_CONTEXT ( ( #4027 ) ) GLOBAL_UNIT_ASSIGNED_CONTEXT ( ( #5735, #5616, #843 ) ) REPRESENTATION_CONTEXT ( 'NONE', 'WORKASPACE' ) );
#390 = CARTESIAN_POINT ( 'NONE',  ( 0.000000000000000000, -13.50000000000000000, 5.000000000000000000 ) ) ;
#391 = CARTESIAN_POINT ( 'NONE',  ( 2.351317394708899666, -8.343750001706986552, 5.676582343750006032 ) ) ;
#392 = CARTESIAN_POINT ( 'NONE',  ( -2.351317394708899666, -10.06250000170699366, -5.676582343750004256 ) ) ;
#393 = MECHANICAL_DESIGN_GEOMETRIC_PRESENTATION_REPRESENTATION (  '', ( #6831 ), #3570 ) ;
#394 = VERTEX_POINT ( 'NONE', #6230 ) ;
#395 = FACE_OUTER_BOUND ( 'NONE', #4982, .T. ) ;
#396 = FACE_OUTER_BOUND ( 'NONE', #6361, .T. ) ;
#397 = FILL_AREA_STYLE_COLOUR ( '', #4103 ) ;
#398 = EDGE_LOOP ( 'NONE', ( #3567, #1869, #3382, #5849 ) ) ;
#399 = PRESENTATION_LAYER_ASSIGNMENT (  '', '', ( #1920 ) ) ;
#400 = CARTESIAN_POINT ( 'NONE',  ( -2.351317394708905439, -4.593750001706991881, 5.676582343750006032 ) ) ;
#401 = CARTESIAN_POINT ( 'NONE',  ( 3.535533905932735088, -11.15625000000000000, 3.535533905932739973 ) ) ;
#402 = PRESENTATION_STYLE_ASSIGNMENT (( #4700 ) ) ;
#403 = ORIENTED_EDGE ( 'NONE', *, *, #5543, .T. ) ;
#404 = CARTESIAN_POINT ( 'NONE',  ( -2.731769177090821010, -1.682828104852484907, 51.44485559293933363 ) ) ;
#405 = MECHANICAL_DESIGN_GEOMETRIC_PRESENTATION_REPRESENTATION (  '', ( #6339 ), #4689 ) ;
#406 = CARTESIAN_POINT ( 'NONE',  ( 5.375073461756277204, 0.5529549580539789844, 6.690090844788242563 ) ) ;
#407 = CARTESIAN_POINT ( 'NONE',  ( 2.246693820822805776, 4.499999999999997335, 61.17982374665785983 ) ) ;
#408 = ORIENTED_EDGE ( 'NONE', *, *, #7492, .T. ) ;
#409 = CARTESIAN_POINT ( 'NONE',  ( -0.2028841298102305180, -0.7391757354879470165, 48.54608895888799935 ) ) ;
#410 = PRESENTATION_STYLE_ASSIGNMENT (( #2152 ) ) ;
#411 = CARTESIAN_POINT ( 'NONE',  ( 0.000000000000000000, -13.50000000000000000, 0.000000000000000000 ) ) ;
#412 = AXIS2_PLACEMENT_3D ( 'NONE', #1956, #4379, #6766 ) ;
#413 = CARTESIAN_POINT ( 'NONE',  ( -2.351317394708899666, -1.468750001706990105, -5.676582343750004256 ) ) ;
#414 = CARTESIAN_POINT ( 'NONE',  ( -0.8363624595959783248, 3.116712565338613850, 61.34714357632964266 ) ) ;
#415 =( LENGTH_UNIT ( ) NAMED_UNIT ( * ) SI_UNIT ( .MILLI., .METRE. ) );
#416 = EDGE_CURVE ( 'NONE', #5167, #915, #7248, .T. ) ;
#417 = B_SPLINE_CURVE_WITH_KNOTS ( 'NONE', 3,
 ( #623, #2361, #3014, #5998, #700, #7177, #5518, #7128, #2486, #5396, #4877, #2971, #1729, #5355, #4762, #586, #1769, #27, #3091, #4152, #3725 ),
 .UNSPECIFIED., .F., .F.,
 ( 4, 2, 2, 1, 1, 2, 2, 2, 1, 2, 2, 4 ),
 ( 0.000000000000000000, 0.2500000000000021649, 0.3750000000000032196, 0.4375000000000037748, 0.4687500000000043299, 0.4843750000000043299, 0.5000000000000042188, 0.6250000000000035527, 0.6875000000000032196, 0.7187500000000029976, 0.7500000000000027756, 1.000000000000000000 ),
 .UNSPECIFIED. ) ;
#418 = AXIS2_PLACEMENT_3D ( 'NONE', #839, #2283, #4073 ) ;
#419 = FILL_AREA_STYLE ('',( #2121 ) ) ;
#420 = CARTESIAN_POINT ( 'NONE',  ( 5.676582343750006032, -1.625000001706990771, -2.351317394708899666 ) ) ;
#421 = CARTESIAN_POINT ( 'NONE',  ( 5.000000000000000000, -12.56250000341398021, 0.000000000000000000 ) ) ;
#422 = DIRECTION ( 'NONE',  ( 0.000000000000000000, -1.000000000000000000, 0.000000000000000000 ) ) ;
#423 = VERTEX_POINT ( 'NONE', #5678 ) ;
#424 = DIRECTION ( 'NONE',  ( 0.000000000000000000, 1.000000000000000000, 0.000000000000000000 ) ) ;
#425 = ORIENTED_EDGE ( 'NONE', *, *, #6738, .T. ) ;
#426 = CARTESIAN_POINT ( 'NONE',  ( -3.370106186963034212, -0.1615589044174600974, 50.53816639487165219 ) ) ;
#427 = APPLICATION_PROTOCOL_DEFINITION ( 'draft international standard', 'automotive_design', 1998, #1145 ) ;
#428 = CARTESIAN_POINT ( 'NONE',  ( 11.58413979377215952, 4.477253316603864784E-16, 27.74508992422439846 ) ) ;
#429 = VECTOR ( 'NONE', #840, 1000.000000000000000 ) ;
#430 = CARTESIAN_POINT ( 'NONE',  ( -4.013949869229449519, -7.171875001706990105, 4.013949869229449519 ) ) ;
#431 = VERTEX_POINT ( 'NONE', #2694 ) ;
#432 = SURFACE_STYLE_FILL_AREA ( #2787 ) ;
#433 = CARTESIAN_POINT ( 'NONE',  ( 1.591251859810718150, 0.1545421063527957217, -8.000064586916387555 ) ) ;
#434 = ORIENTED_EDGE ( 'NONE', *, *, #5393, .T. ) ;
#435 = CARTESIAN_POINT ( 'NONE',  ( -2.353482302725855124, -1.474849682352023850, 50.01016092354350207 ) ) ;
#436 = EDGE_CURVE ( 'NONE', #5338, #526, #3924, .T. ) ;
#437 = CARTESIAN_POINT ( 'NONE',  ( 3.475904198684909876E-16, -2.640625001706990105, -5.676582343749999815 ) ) ;
#438 = CARTESIAN_POINT ( 'NONE',  ( 3.061616997868385113E-16, -8.187500000000000000, -5.000000000000000000 ) ) ;
#439 = CARTESIAN_POINT ( 'NONE',  ( -3.114011346951011117, 0.4188790204786410065, 62.97296069184722711 ) ) ;
#440 = VERTEX_POINT ( 'NONE', #4391 ) ;
#441 = CARTESIAN_POINT ( 'NONE',  ( -3.188914605975654570, -1.117926951658904988, 51.52528732134294387 ) ) ;
#442 = VERTEX_POINT ( 'NONE', #3922 ) ;
#443 = CARTESIAN_POINT ( 'NONE',  ( 5.000000000000000000, -4.750000000000000000, 0.000000000000000000 ) ) ;
#444 = CARTESIAN_POINT ( 'NONE',  ( 2.043590406129435433, 5.845843153811149118E-16, 59.10006990813900529 ) ) ;
#445 = ADVANCED_FACE ( 'NONE', ( #4919 ), #6303, .F. ) ;
#446 = ORIENTED_EDGE ( 'NONE', *, *, #175, .F. ) ;
#447 = CARTESIAN_POINT ( 'NONE',  ( 0.000000000000000000, -13.50000000000000000, 0.000000000000000000 ) ) ;
#448 = UNCERTAINTY_MEASURE_WITH_UNIT (LENGTH_MEASURE( 1.000000000000000082E-05 ), #6158, 'distance_accuracy_value', 'NONE');
#449 = LINE ( 'NONE', #3469, #5706 ) ;
#450 = CARTESIAN_POINT ( 'NONE',  ( -3.535533905932709775, -3.031250000000000000, -3.535533905932709775 ) ) ;
#451 = CARTESIAN_POINT ( 'NONE',  ( -2.485847639853463686, -0.7808190501870498901, 69.44843500511002787 ) ) ;
#452 = CARTESIAN_POINT ( 'NONE',  ( 2.967789833696734103, -1.840223532853764610, 71.65614085366615882 ) ) ;
#453 = CARTESIAN_POINT ( 'NONE',  ( -5.575184260129399050, 0.4444322724580587192, 6.343415970612565680 ) ) ;
#454 = COLOUR_RGB ( '',0.5019607843137254832, 0.5019607843137254832, 0.5019607843137254832 ) ;
#455 =( LENGTH_UNIT ( ) NAMED_UNIT ( * ) SI_UNIT ( .MILLI., .METRE. ) );
#456 = CARTESIAN_POINT ( 'NONE',  ( 4.013949869229449519, -3.109375001706990105, 4.013949869229449519 ) ) ;
#457 = CARTESIAN_POINT ( 'NONE',  ( -8.064807640706732172, 0.3166650675831173545, 2.031343725919062315 ) ) ;
#458 = EDGE_CURVE ( 'NONE', #3890, #4882, #4462, .T. ) ;
#459 = CARTESIAN_POINT ( 'NONE',  ( 4.119983743440251089, 1.573238059706411507, 69.08993146791773654 ) ) ;
#460 = ORIENTED_EDGE ( 'NONE', *, *, #5151, .F. ) ;
#461 = EDGE_CURVE ( 'NONE', #6231, #1076, #7169, .T. ) ;
#462 = CARTESIAN_POINT ( 'NONE',  ( -3.556325543661834843, 0.2135395809210235696, 69.50653066222474763 ) ) ;
#463 = VERTEX_POINT ( 'NONE', #7326 ) ;
#464 = SHAPE_DEFINITION_REPRESENTATION ( #3415, #1998 ) ;
#465 = CARTESIAN_POINT ( 'NONE',  ( 6.820812641018440203, 2.749999999999999112, 35.60590401973293950 ) ) ;
#466 = CARTESIAN_POINT ( 'NONE',  ( 5.676582343749999815, -6.703125001706989217, 0.000000000000000000 ) ) ;
#467 = VERTEX_POINT ( 'NONE', #1932 ) ;
#468 = CARTESIAN_POINT ( 'NONE',  ( -9.184850993605149917E-16, -6.625000003413980210, 5.000000000000000000 ) ) ;
#469 = CARTESIAN_POINT ( 'NONE',  ( 0.1657518128841933835, 1.644996593340572355, 50.26605829762478095 ) ) ;
#470 = EDGE_CURVE ( 'NONE', #2923, #3443, #916, .T. ) ;
#471 = CARTESIAN_POINT ( 'NONE',  ( 4.112919898306100386, -2.622049124298935219, 66.92045974835363609 ) ) ;
#472 = PLANE ( 'NONE',  #1695 ) ;
#473 = COLOUR_RGB ( '',0.5019607843137254832, 0.5019607843137254832, 0.5019607843137254832 ) ;
#474 = ADVANCED_FACE ( 'NONE', ( #5041 ), #1931, .T. ) ;
#475 = CARTESIAN_POINT ( 'NONE',  ( -2.351317394708899666, -1.312500001706992991, -5.676582343750006032 ) ) ;
#476 = CARTESIAN_POINT ( 'NONE',  ( 5.000000000000000000, -7.250000000000000000, 0.000000000000000000 ) ) ;
#477 = CARTESIAN_POINT ( 'NONE',  ( -2.351317394708905439, -12.25000000170699543, 5.676582343750006032 ) ) ;
#478 = ORIENTED_EDGE ( 'NONE', *, *, #4748, .T. ) ;
#479 = CARTESIAN_POINT ( 'NONE',  ( -2.853004104210244307, -1.565287227640412171, 51.46632463387363288 ) ) ;
#480 = CARTESIAN_POINT ( 'NONE',  ( -7.803203230275509661, 0.1891696770795384952, -2.484455543377180220 ) ) ;
#481 = ORIENTED_EDGE ( 'NONE', *, *, #3295, .T. ) ;
#482 = CARTESIAN_POINT ( 'NONE',  ( 2.182630703219607060, 4.109756592323400959, -7.999998843049584529 ) ) ;
#483 = FILL_AREA_STYLE ('',( #5892 ) ) ;
#484 = VERTEX_POINT ( 'NONE', #3722 ) ;
#485 = FILL_AREA_STYLE ('',( #7150 ) ) ;
#486 = CARTESIAN_POINT ( 'NONE',  ( 3.535533905932739973, -9.906250003413978433, -3.535533905932739973 ) ) ;
#487 = SURFACE_SIDE_STYLE ('',( #1798 ) ) ;
#488 = CARTESIAN_POINT ( 'NONE',  ( 0.9374342619751689920, 0.2041561441980679903, 50.75849686516189507 ) ) ;
#489 =( LENGTH_UNIT ( ) NAMED_UNIT ( * ) SI_UNIT ( .MILLI., .METRE. ) );
#490 = AXIS2_PLACEMENT_3D ( 'NONE', #6568, #571, #2473 ) ;
#491 = CARTESIAN_POINT ( 'NONE',  ( 0.9154247088250975217, 0.4503005617022484142, 50.76279506627751203 ) ) ;
#492 = CARTESIAN_POINT ( 'NONE',  ( 3.535533905932735088, -8.968750003413978433, 3.535533905932739973 ) ) ;
#493 = CARTESIAN_POINT ( 'NONE',  ( -8.850751100779698177, 0.8507511007797010638, 0.6700494083032455528 ) ) ;
#494 = ADVANCED_FACE ( 'NONE', ( #2650 ), #6533, .T. ) ;
#495 = PRESENTATION_LAYER_ASSIGNMENT (  '', '', ( #3803 ) ) ;
#496 = CARTESIAN_POINT ( 'NONE',  ( 2.351317394708899666, -7.875000001706991881, -5.676582343750004256 ) ) ;
#497 = PRODUCT_DEFINITION_SHAPE ( 'NONE', 'NONE',  #7807 ) ;
#498 = CYLINDRICAL_SURFACE ( 'NONE', #646, 40.00000000000000000 ) ;
#499 = VERTEX_POINT ( 'NONE', #1379 ) ;
#500 = PRESENTATION_LAYER_ASSIGNMENT (  '', '', ( #6306 ) ) ;
#501 = CARTESIAN_POINT ( 'NONE',  ( -5.000000000000000000, -4.125000000000000000, -6.123233995736739658E-16 ) ) ;
#502 = VERTEX_POINT ( 'NONE', #4390 ) ;
#503 = DIRECTION ( 'NONE',  ( 1.000000000000000000, 0.000000000000000000, 0.000000000000000000 ) ) ;
#504 = CARTESIAN_POINT ( 'NONE',  ( 0.2377176021706201570, 2.749999999999999112, 38.30791870116129871 ) ) ;
#505 = CARTESIAN_POINT ( 'NONE',  ( -5.676582343749999815, -11.07812500170700076, -6.951808397369819752E-16 ) ) ;
#506 = COLOUR_RGB ( '',0.2509803921568627416, 0.2509803921568627416, 0.2509803921568627416 ) ;
#507 = CARTESIAN_POINT ( 'NONE',  ( -8.505832220648374076, 3.800265121237908605, -1.267464306244102445 ) ) ;
#508 = EDGE_CURVE ( 'NONE', #43, #6051, #2657, .T. ) ;
#509 = CARTESIAN_POINT ( 'NONE',  ( 2.351317394708899666, -9.437500001706986552, 5.676582343750004256 ) ) ;
#510 = ORIENTED_EDGE ( 'NONE', *, *, #6316, .F. ) ;
#511 = FILL_AREA_STYLE_COLOUR ( '', #4685 ) ;
#512 = CARTESIAN_POINT ( 'NONE',  ( 0.3083049748553464697, 0.8019705166383920281, 49.77011383784080323 ) ) ;
#513 = CARTESIAN_POINT ( 'NONE',  ( 2.032227184522870989, 0.2531292535809781530, -8.000001036321226167 ) ) ;
#514 = CARTESIAN_POINT ( 'NONE',  ( 1.750000000000000000, 0.000000000000000000, 7.447147104764350267 ) ) ;
#515 = PRESENTATION_LAYER_ASSIGNMENT (  '', '', ( #2992 ) ) ;
#516 = CARTESIAN_POINT ( 'NONE',  ( 4.013949869229449519, -0.6093750017069909930, 4.013949869229449519 ) ) ;
#517 = EDGE_CURVE ( 'NONE', #1698, #5338, #2517, .T. ) ;
#518 = CARTESIAN_POINT ( 'NONE',  ( 5.000000000000005329, -7.171875000000004441, -2.071067811865475949 ) ) ;
#519 = CARTESIAN_POINT ( 'NONE',  ( -1.042771259605471878E-15, -12.17187500170700076, 5.676582343749999815 ) ) ;
#520 = ORIENTED_EDGE ( 'NONE', *, *, #6583, .T. ) ;
#521 = CARTESIAN_POINT ( 'NONE',  ( -2.742194557898151253, -1.673404389348224441, 51.44670876152189720 ) ) ;
#522 = CARTESIAN_POINT ( 'NONE',  ( -2.430793418324125099, -1.916705057063655016, 51.39116345830180421 ) ) ;
#523 = EDGE_LOOP ( 'NONE', ( #6278, #543, #5825, #5361, #3071, #2596 ) ) ;
#524 = PRESENTATION_STYLE_ASSIGNMENT (( #5297 ) ) ;
#525 = CARTESIAN_POINT ( 'NONE',  ( -2.246693820822800003, 6.007701435643800150E-16, 61.42368334131539598 ) ) ;
#526 = VERTEX_POINT ( 'NONE', #3799 ) ;
#527 = CARTESIAN_POINT ( 'NONE',  ( 2.071067811872994824, -12.01562500000038369, -4.999999999992575717 ) ) ;
#528 = UNCERTAINTY_MEASURE_WITH_UNIT (LENGTH_MEASURE( 1.000000000000000082E-05 ), #6269, 'distance_accuracy_value', 'NONE');
#529 = SURFACE_SIDE_STYLE ('',( #7233 ) ) ;
#530 =( LENGTH_UNIT ( ) NAMED_UNIT ( * ) SI_UNIT ( .MILLI., .METRE. ) );
#531 = CARTESIAN_POINT ( 'NONE',  ( -5.000000000000005329, -10.60937500341397843, 2.071067811865475949 ) ) ;
#532 = CARTESIAN_POINT ( 'NONE',  ( -4.457948236597917280, -0.0003201960054822627780, -3.521739363526046329 ) ) ;
#533 = CARTESIAN_POINT ( 'NONE',  ( 7.027792665696183327, -0.000000000000000000, -3.827506037954291340 ) ) ;
#534 = STYLED_ITEM ( 'NONE', ( #7536 ), #6638 ) ;
#535 = CARTESIAN_POINT ( 'NONE',  ( 1.004958644494171605, 7.724405900004336720E-06, -5.274914547317444580 ) ) ;
#536 = CARTESIAN_POINT ( 'NONE',  ( -7.803203230275509661, 4.210830322920400270, -2.484455543377180220 ) ) ;
#537 = AXIS2_PLACEMENT_3D ( 'NONE', #3369, #5767, #2167 ) ;
#538 = DIRECTION ( 'NONE',  ( -0.8660254037844384856, 0.000000000000000000, 0.5000000000000003331 ) ) ;
#539 = CARTESIAN_POINT ( 'NONE',  ( 4.013949869229449519, -11.70312500170700076, -4.013949869229449519 ) ) ;
#540 = CARTESIAN_POINT ( 'NONE',  ( 0.000000000000000000, 4.400000000000000355, 0.000000000000000000 ) ) ;
#541 = CARTESIAN_POINT ( 'NONE',  ( -2.351317394708899666, -6.468750001706989217, -5.676582343750006032 ) ) ;
#542 = PRESENTATION_STYLE_ASSIGNMENT (( #6074 ) ) ;
#543 = ORIENTED_EDGE ( 'NONE', *, *, #5333, .F. ) ;
#544 = COLOUR_RGB ( '',0.5019607843137254832, 0.5019607843137254832, 0.000000000000000000 ) ;
#545 = CARTESIAN_POINT ( 'NONE',  ( 3.061616997868385113E-16, -7.250000003413980210, -5.000000000000000000 ) ) ;
#546 = ORIENTED_EDGE ( 'NONE', *, *, #1665, .F. ) ;
#547 = CARTESIAN_POINT ( 'NONE',  ( 0.2377176021706204900, 6.161142665431478987E-16, 38.30791870116129871 ) ) ;
#548 = CARTESIAN_POINT ( 'NONE',  ( -4.013949869229449519, -1.078125001706990105, 4.013949869229449519 ) ) ;
#549 = CARTESIAN_POINT ( 'NONE',  ( -1.591251859855835171, 4.245457893642144320, -8.000064586912575493 ) ) ;
#550 = SURFACE_SIDE_STYLE ('',( #3727 ) ) ;
#551 = CARTESIAN_POINT ( 'NONE',  ( 3.475904198684909876E-16, -3.890625001706990105, -5.676582343749999815 ) ) ;
#552 = ORIENTED_EDGE ( 'NONE', *, *, #7158, .F. ) ;
#553 = CARTESIAN_POINT ( 'NONE',  ( 16.37500000000000000, 4.477253316603870700E-16, 0.000000000000000000 ) ) ;
#554 = CARTESIAN_POINT ( 'NONE',  ( -0.04585844525780240211, 1.293715973990565926, 49.79915751027269977 ) ) ;
#555 = SURFACE_STYLE_USAGE ( .BOTH. , #4849 ) ;
#556 =( GEOMETRIC_REPRESENTATION_CONTEXT ( 3 ) GLOBAL_UNCERTAINTY_ASSIGNED_CONTEXT ( ( #7318 ) ) GLOBAL_UNIT_ASSIGNED_CONTEXT ( ( #5812, #3492, #7060 ) ) REPRESENTATION_CONTEXT ( 'NONE', 'WORKASPACE' ) );
#557 = CARTESIAN_POINT ( 'NONE',  ( -2.351317394708905439, -2.093750001706989661, 5.676582343750006032 ) ) ;
#558 = EDGE_CURVE ( 'NONE', #1023, #7125, #6315, .T. ) ;
#559 = CARTESIAN_POINT ( 'NONE',  ( -3.535533905932735088, -8.031250000000000000, -3.535533905932739973 ) ) ;
#560 = EDGE_CURVE ( 'NONE', #4479, #5370, #7525, .T. ) ;
#561 = EDGE_LOOP ( 'NONE', ( #2991, #5927, #2053, #6903 ) ) ;
#562 = CIRCLE ( 'NONE', #1198, 6.150000000000000355 ) ;
#563 = FILL_AREA_STYLE_COLOUR ( '', #3931 ) ;
#564 = ORIENTED_EDGE ( 'NONE', *, *, #1305, .F. ) ;
#565 = CARTESIAN_POINT ( 'NONE',  ( 3.113779419906009593, 3.817252013217349749, -7.999860851450310228 ) ) ;
#566 = PLANE ( 'NONE',  #7678 ) ;
#567 = VERTEX_POINT ( 'NONE', #5677 ) ;
#568 = CARTESIAN_POINT ( 'NONE',  ( 0.005939587951499930574, -0.05714910627792339770, 48.52259809227380316 ) ) ;
#569 = DIRECTION ( 'NONE',  ( 0.000000000000000000, 1.000000000000000000, 0.000000000000000000 ) ) ;
#570 = DIRECTION ( 'NONE',  ( 1.000000000000000000, 0.000000000000000000, 0.000000000000000000 ) ) ;
#571 = DIRECTION ( 'NONE',  ( 0.000000000000000000, -1.000000000000000000, 0.000000000000000000 ) ) ;
#572 = CARTESIAN_POINT ( 'NONE',  ( -2.046542964796147057, -1.515401924257562705, 71.92827254165706563 ) ) ;
#573 = B_SPLINE_CURVE_WITH_KNOTS ( 'NONE', 3,
 ( #6123, #533, #4746, #2958, #7157, #4182, #5898, #6570, #2910, #5306, #3862, #285, #6321, #923, #3816, #3299, #3374, #1438, #245 ),
 .UNSPECIFIED., .F., .F.,
 ( 4, 2, 1, 2, 2, 2, 1, 1, 2, 2, 4 ),
 ( 0.000000000000000000, 0.1249999999999985290, 0.1874999999999977796, 0.2187499999999974187, 0.2499999999999970579, 0.3749999999999950595, 0.4374999999999941158, 0.4687499999999933387, 0.4843749999999930056, 0.4999999999999927280, 1.000000000000000000 ),
 .UNSPECIFIED. ) ;
#574 = CARTESIAN_POINT ( 'NONE',  ( -5.000000000000000000, -5.687500003413980210, -6.123233995736771213E-16 ) ) ;
#575 = CARTESIAN_POINT ( 'NONE',  ( -3.673607934074770043, -6.067411595324149875E-16, -4.327608098254405178 ) ) ;
#576 = CARTESIAN_POINT ( 'NONE',  ( -4.592459355429410195, -0.1101575186487835922, -3.336600691411609976 ) ) ;
#577 =( NAMED_UNIT ( * ) PLANE_ANGLE_UNIT ( ) SI_UNIT ( $, .RADIAN. ) );
#578 = CARTESIAN_POINT ( 'NONE',  ( 2.271150551327535627, 2.402417154265752863, 69.19026906368604557 ) ) ;
#579 = CARTESIAN_POINT ( 'NONE',  ( -4.013949869229449519, -8.890625001706990105, -4.013949869229449519 ) ) ;
#580 = CARTESIAN_POINT ( 'NONE',  ( -3.535533905932739973, -0.5312500034139829852, 3.535533905932735088 ) ) ;
#581 = CARTESIAN_POINT ( 'NONE',  ( 2.351317394708899666, -5.843750001706994546, 5.676582343750006032 ) ) ;
#582 =( NAMED_UNIT ( * ) SI_UNIT ( $, .STERADIAN. ) SOLID_ANGLE_UNIT ( ) );
#583 = SURFACE_STYLE_USAGE ( .BOTH. , #1257 ) ;
#584 = AXIS2_PLACEMENT_3D ( 'NONE', #6057, #104, #154 ) ;
#585 = ORIENTED_EDGE ( 'NONE', *, *, #6350, .F. ) ;
#586 = CARTESIAN_POINT ( 'NONE',  ( 7.632479766240568786, 0.1229064238348690219, 2.780137655924077578 ) ) ;
#587 = CARTESIAN_POINT ( 'NONE',  ( -4.592451586062995972, -0.1101579808844967562, -3.336611385079436776 ) ) ;
#588 = CARTESIAN_POINT ( 'NONE',  ( -8.482600589630813204, 3.817277042713052460, -1.307698341321887225 ) ) ;
#589 =( REPRESENTATION_RELATIONSHIP ('NONE','NONE', #1998, #122 ) REPRESENTATION_RELATIONSHIP_WITH_TRANSFORMATION ( #3013 )SHAPE_REPRESENTATION_RELATIONSHIP( ) );
#590 = CARTESIAN_POINT ( 'NONE',  ( -2.351317394708905439, -3.343750001706991437, 5.676582343750004256 ) ) ;
#591 = EDGE_CURVE ( 'NONE', #6957, #5857, #1755, .T. ) ;
#592 = ORIENTED_EDGE ( 'NONE', *, *, #6304, .T. ) ;
#593 = CARTESIAN_POINT ( 'NONE',  ( -3.104154834607505187, -0.1238540719910467824, 50.08955046547200141 ) ) ;
#594 = CARTESIAN_POINT ( 'NONE',  ( -0.2055350425414410875, 1.932900320268509997, 50.30762829360712374 ) ) ;
#595 = CARTESIAN_POINT ( 'NONE',  ( -5.000000000000005329, -8.265625003413978433, -2.071067811865475949 ) ) ;
#596 = CARTESIAN_POINT ( 'NONE',  ( 2.071067811865475949, -7.484374999999998224, 4.999999999999994671 ) ) ;
#597 = EDGE_CURVE ( 'NONE', #6125, #440, #4422, .T. ) ;
#598 = CARTESIAN_POINT ( 'NONE',  ( -4.013949869229449519, -9.828125001706990105, 4.013949869229449519 ) ) ;
#599 = EDGE_LOOP ( 'NONE', ( #3967, #1728, #1479, #7376 ) ) ;
#600 = CARTESIAN_POINT ( 'NONE',  ( -0.9504352245001579380, -1.317117910474557396, 48.62551595998243670 ) ) ;
#601 = LINE ( 'NONE', #1909, #6710 ) ;
#602 = CARTESIAN_POINT ( 'NONE',  ( 13.62500000000000355, 0.1799870791119157765, 0.000000000000000000 ) ) ;
#603 = VERTEX_POINT ( 'NONE', #5561 ) ;
#604 = UNCERTAINTY_MEASURE_WITH_UNIT (LENGTH_MEASURE( 1.000000000000000082E-05 ), #680, 'distance_accuracy_value', 'NONE');
#605 = CARTESIAN_POINT ( 'NONE',  ( 13.62500000000000000, 6.161142665431478987E-16, 0.000000000000000000 ) ) ;
#606 = CARTESIAN_POINT ( 'NONE',  ( -9.184850993605149917E-16, -2.562500000000000000, 5.000000000000000000 ) ) ;
#607 =( LENGTH_UNIT ( ) NAMED_UNIT ( * ) SI_UNIT ( .MILLI., .METRE. ) );
#608 = SURFACE_SIDE_STYLE ('',( #46 ) ) ;
#609 = STYLED_ITEM ( 'NONE', ( #4386 ), #2801 ) ;
#610 = CARTESIAN_POINT ( 'NONE',  ( -1.829881290477824773, -1.840326582793092802, 71.91651414636810102 ) ) ;
#611 = LINE ( 'NONE', #3671, #1525 ) ;
#612 = CARTESIAN_POINT ( 'NONE',  ( 3.061616997868385113E-16, -9.750000003413978433, -5.000000000000000000 ) ) ;
#613 = CARTESIAN_POINT ( 'NONE',  ( 0.9374342619751689920, 0.2041561441980679903, 50.75849686516189507 ) ) ;
#614 = CARTESIAN_POINT ( 'NONE',  ( -5.681612619331729341, 0.1108910265334429740, -1.837509830406199418 ) ) ;
#615 = CARTESIAN_POINT ( 'NONE',  ( 3.856341382571757848, 0.8742688694801086235, 7.999846217854742925 ) ) ;
#616 = CARTESIAN_POINT ( 'NONE',  ( 4.013949869229449519, -8.265625001706990105, 4.013949869229449519 ) ) ;
#617 = CARTESIAN_POINT ( 'NONE',  ( -3.849712980827725506, -1.981944279537670273, 67.35259794366889707 ) ) ;
#618 = CARTESIAN_POINT ( 'NONE',  ( -5.676582343750006032, -4.906250001706996322, 2.351317394708899666 ) ) ;
#619 = MECHANICAL_DESIGN_GEOMETRIC_PRESENTATION_REPRESENTATION (  '', ( #1653 ), #4052 ) ;
#620 = FILL_AREA_STYLE_COLOUR ( '', #2416 ) ;
#621 = CARTESIAN_POINT ( 'NONE',  ( -6.580299006146062446, 4.370353428023223685, 4.602685982231009554 ) ) ;
#622 = CONTEXT_DEPENDENT_SHAPE_REPRESENTATION ( #2913, #4652 ) ;
#623 = CARTESIAN_POINT ( 'NONE',  ( 9.237604307034001039, 1.237604307033950191, -7.481529052163500417E-16 ) ) ;
#624 = CARTESIAN_POINT ( 'NONE',  ( 5.676582343750006032, -0.6875000017069912150, 2.351317394708905439 ) ) ;
#625 = CARTESIAN_POINT ( 'NONE',  ( -8.228874879499786132, 3.988520555973474657, -1.747052290185137302 ) ) ;
#626 = CARTESIAN_POINT ( 'NONE',  ( 4.013949869229449519, -1.546875001706990105, -4.013949869229449519 ) ) ;
#627 = VERTEX_POINT ( 'NONE', #4918 ) ;
#628 = CARTESIAN_POINT ( 'NONE',  ( -2.522794561275770064, 1.855579253784960025, 51.40761700585299820 ) ) ;
#629 = CARTESIAN_POINT ( 'NONE',  ( -4.233369929858590730, 1.044888195204740189, -7.999999999999930722 ) ) ;
#630 = FACE_OUTER_BOUND ( 'NONE', #7019, .T. ) ;
#631 =( BOUNDED_CURVE ( )  B_SPLINE_CURVE ( 2, ( #949, #3363, #4569, #5152, #3439, #6454, #5723, #7079, #1090 ),
 .UNSPECIFIED., .F., .F. ) 
 B_SPLINE_CURVE_WITH_KNOTS ( ( 3, 2, 2, 2, 3 ),
 ( 0.007824097804865081177, 0.01173547001803262012, 0.01564684223120019896, 0.01955821444436774831, 0.02346958665753529766 ),
 .UNSPECIFIED. ) 
 CURVE ( )  GEOMETRIC_REPRESENTATION_ITEM ( )  RATIONAL_B_SPLINE_CURVE ( ( 1.000000000000000000, 0.9238795325112869605, 1.000000000000000000, 0.9238795325112869605, 1.000000000000000000, 0.9238795325112869605, 1.000000000000000000, 0.9238795325106879952, 1.000000000000599965 ) ) 
 REPRESENTATION_ITEM ( '' )  );
#632 = CONICAL_SURFACE ( 'NONE', #1766, 8.000000000000000000, 0.7853981633974503884 ) ;
#633 = B_SPLINE_CURVE_WITH_KNOTS ( 'NONE', 3,
 ( #3612, #3693, #7255, #5401, #6117, #6003, #3730, #5961, #4244, #4730 ),
 .UNSPECIFIED., .F., .F.,
 ( 4, 2, 2, 2, 4 ),
 ( 0.000000000000000000, 0.2499999999999998890, 0.4999999999999997780, 0.7499999999999998890, 1.000000000000000000 ),
 .UNSPECIFIED. ) ;
#634 = CARTESIAN_POINT ( 'NONE',  ( -4.013949869229449519, 0.01562499829300954823, -4.013949869229449519 ) ) ;
#635 = CARTESIAN_POINT ( 'NONE',  ( 3.535533905932735088, -1.156250000000000000, 3.535533905932739973 ) ) ;
#636 = CARTESIAN_POINT ( 'NONE',  ( 2.351317394708899666, -8.343750001706986552, 5.676582343750006032 ) ) ;
#637 = ORIENTED_EDGE ( 'NONE', *, *, #517, .T. ) ;
#638 = CARTESIAN_POINT ( 'NONE',  ( 0.2565084930884155567, -1.634396147154119738, 50.89105931738178157 ) ) ;
#639 = CARTESIAN_POINT ( 'NONE',  ( -2.118944895698296804, -1.142085074890691443, 48.74437137060021286 ) ) ;
#640 = FILL_AREA_STYLE_COLOUR ( '', #3968 ) ;
#641 = CARTESIAN_POINT ( 'NONE',  ( 13.79854371601289209, 0.6924760980099875507, -0.000000000000000000 ) ) ;
#642 = ORIENTED_EDGE ( 'NONE', *, *, #3527, .F. ) ;
#643 = CARTESIAN_POINT ( 'NONE',  ( 16.37500000000000000, 4.477253316603870700E-16, 0.000000000000000000 ) ) ;
#644 =( NAMED_UNIT ( * ) SI_UNIT ( $, .STERADIAN. ) SOLID_ANGLE_UNIT ( ) );
#645 = CARTESIAN_POINT ( 'NONE',  ( -2.071067811870952902, -10.14062500000029843, 4.999999999994511946 ) ) ;
#646 = AXIS2_PLACEMENT_3D ( 'NONE', #7710, #3010, #2919 ) ;
#647 = CARTESIAN_POINT ( 'NONE',  ( 0.03381660839679127145, 0.03342140497853733627, 49.22693012741591190 ) ) ;
#648 = STYLED_ITEM ( 'NONE', ( #1163 ), #4691 ) ;
#649 = CARTESIAN_POINT ( 'NONE',  ( 0.8108583506570504751, -3.997572203422029791, 69.26952024175864153 ) ) ;
#650 = CARTESIAN_POINT ( 'NONE',  ( 4.538822920839959529, 0.0001238542810131512900, -2.222553483392527340 ) ) ;
#651 = DIRECTION ( 'NONE',  ( 0.000000000000000000, -1.000000000000000000, 0.000000000000000000 ) ) ;
#652 = CONICAL_SURFACE ( 'NONE', #3192, 38.00000000000000000, 0.7853981633974447263 ) ;
#653 = PRODUCT_DEFINITION_FORMATION_WITH_SPECIFIED_SOURCE ( 'ANY', '', #3545, .NOT_KNOWN. ) ;
#654 = CARTESIAN_POINT ( 'NONE',  ( -1.279229318879743449, 2.250163663556208782, 51.18154693043888415 ) ) ;
#655 =( LENGTH_UNIT ( ) NAMED_UNIT ( * ) SI_UNIT ( .MILLI., .METRE. ) );
#656 = SURFACE_SIDE_STYLE ('',( #224 ) ) ;
#657 =( GEOMETRIC_REPRESENTATION_CONTEXT ( 3 ) GLOBAL_UNCERTAINTY_ASSIGNED_CONTEXT ( ( #5185 ) ) GLOBAL_UNIT_ASSIGNED_CONTEXT ( ( #6748, #1389, #5086 ) ) REPRESENTATION_CONTEXT ( 'NONE', 'WORKASPACE' ) );
#658 = CARTESIAN_POINT ( 'NONE',  ( -1.042771259605471878E-15, -12.17187500170700076, 5.676582343749999815 ) ) ;
#659 = CARTESIAN_POINT ( 'NONE',  ( -4.084540738646100344, -1.981944279537670273, 63.02563206652870065 ) ) ;
#660 = CARTESIAN_POINT ( 'NONE',  ( 4.013949869229449519, -2.015625001706990105, 4.013949869229449519 ) ) ;
#661 = CARTESIAN_POINT ( 'NONE',  ( 4.013949869229449519, -4.203125001706990105, -4.013949869229449519 ) ) ;
#662 = EDGE_CURVE ( 'NONE', #1082, #3650, #5179, .T. ) ;
#663 = CARTESIAN_POINT ( 'NONE',  ( -5.988165287206395959, 4.182578632204031699, 5.628234615998980672 ) ) ;
#664 = CIRCLE ( 'NONE', #2574, 8.000000000000000000 ) ;
#665 = CARTESIAN_POINT ( 'NONE',  ( -1.042771259605471878E-15, -12.01562500170700076, 5.676582343749999815 ) ) ;
#666 = CARTESIAN_POINT ( 'NONE',  ( 3.061616997868385113E-16, -6.000000003413980210, -5.000000000000000000 ) ) ;
#667 = DIRECTION ( 'NONE',  ( 0.000000000000000000, 0.000000000000000000, 1.000000000000000000 ) ) ;
#668 = AXIS2_PLACEMENT_3D ( 'NONE', #2662, #4544, #316 ) ;
#669 = CARTESIAN_POINT ( 'NONE',  ( 4.013949869229449519, -3.109375001706990105, 4.013949869229449519 ) ) ;
#670 = VERTEX_POINT ( 'NONE', #4432 ) ;
#671 = CARTESIAN_POINT ( 'NONE',  ( 13.62500000000000000, -2.749999999999999556, 0.000000000000000000 ) ) ;
#672 = CARTESIAN_POINT ( 'NONE',  ( 0.000000000000000000, 4.400000000000000355, 0.000000000000000000 ) ) ;
#673 =( NAMED_UNIT ( * ) SI_UNIT ( $, .STERADIAN. ) SOLID_ANGLE_UNIT ( ) );
#674 = CARTESIAN_POINT ( 'NONE',  ( -3.535533905932735088, -10.84375000341397843, -3.535533905932739973 ) ) ;
#675 = CARTESIAN_POINT ( 'NONE',  ( -3.535533905932735088, -4.281250000000000000, -3.535533905932739973 ) ) ;
#676 = CARTESIAN_POINT ( 'NONE',  ( 2.351317394708899666, -7.093750001706996322, 5.676582343750006032 ) ) ;
#677 = ORIENTED_EDGE ( 'NONE', *, *, #5773, .T. ) ;
#678 =( BOUNDED_CURVE ( )  B_SPLINE_CURVE ( 2, ( #6156, #6749, #5486, #202, #3215, #114, #3769, #70, #7335 ),
 .UNSPECIFIED., .F., .F. ) 
 B_SPLINE_CURVE_WITH_KNOTS ( ( 3, 2, 2, 2, 3 ),
 ( 0.5681818181818180102, 0.5795454545454550299, 0.5909090909090910504, 0.6022727272727269598, 0.6136363636363639795 ),
 .UNSPECIFIED. ) 
 CURVE ( )  GEOMETRIC_REPRESENTATION_ITEM ( )  RATIONAL_B_SPLINE_CURVE ( ( 1.000000000000000000, 0.9238795325112859613, 1.000000000000000000, 0.9238795325112869605, 1.000000000000000000, 0.9238795325112869605, 1.000000000000000000, 0.9238795325112879597, 1.000000000000000000 ) ) 
 REPRESENTATION_ITEM ( '' )  );
#679 = CARTESIAN_POINT ( 'NONE',  ( -0.3868264327464551178, 0.9673514780548347902, 48.56630212284817816 ) ) ;
#680 =( LENGTH_UNIT ( ) NAMED_UNIT ( * ) SI_UNIT ( .MILLI., .METRE. ) );
#681 = CARTESIAN_POINT ( 'NONE',  ( 16.09954190829749621, 0.8450017399655064265, -0.000000000000000000 ) ) ;
#682 = ORIENTED_EDGE ( 'NONE', *, *, #5731, .T. ) ;
#683 = SURFACE_SIDE_STYLE ('',( #4898 ) ) ;
#684 = EDGE_CURVE ( 'NONE', #3377, #4115, #3150, .T. ) ;
#685 = CARTESIAN_POINT ( 'NONE',  ( -0.02838582654501310004, 4.477253316603870700E-16, 45.00270829813769780 ) ) ;
#686 = CARTESIAN_POINT ( 'NONE',  ( -4.999999999999984901, -10.45312500000000533, -2.071067811865470620 ) ) ;
#687 = CARTESIAN_POINT ( 'NONE',  ( 0.03019188642831664715, -0.05636170991604212699, 49.22745012572788426 ) ) ;
#688 = CARTESIAN_POINT ( 'NONE',  ( 4.653657836759939574E-15, 15.00000000000000000, 38.00000000000000000 ) ) ;
#689 = EDGE_CURVE ( 'NONE', #7613, #1108, #4988, .T. ) ;
#690 =( LENGTH_UNIT ( ) NAMED_UNIT ( * ) SI_UNIT ( .MILLI., .METRE. ) );
#691 = UNCERTAINTY_MEASURE_WITH_UNIT (LENGTH_MEASURE( 1.000000000000000082E-05 ), #4910, 'distance_accuracy_value', 'NONE');
#692 = CARTESIAN_POINT ( 'NONE',  ( -2.841345022365743933, 1.576987111017373655, 51.46432777994402130 ) ) ;
#693 = CARTESIAN_POINT ( 'NONE',  ( 8.413408858487509359E-14, 4.400000000000000355, 8.000000000000000000 ) ) ;
#694 = CARTESIAN_POINT ( 'NONE',  ( -2.351317394708905439, -7.250000001706997210, 5.676582343750004256 ) ) ;
#695 = CARTESIAN_POINT ( 'NONE',  ( 16.37500000000000000, 5.217144091088729873E-16, -65.48512825965229922 ) ) ;
#696 = CARTESIAN_POINT ( 'NONE',  ( -4.013949869229449519, -2.640625001706990105, -4.013949869229449519 ) ) ;
#697 = CARTESIAN_POINT ( 'NONE',  ( 5.676582343750006032, -8.031250001706993658, -2.351317394708899666 ) ) ;
#698 = CARTESIAN_POINT ( 'NONE',  ( 2.071067811865489716, -2.328125003413981098, -4.999999999999988454 ) ) ;
#699 = ITEM_DEFINED_TRANSFORMATION ( 'NONE', 'NONE', #418,  #2581 ) ;
#700 = CARTESIAN_POINT ( 'NONE',  ( 8.487230541280828433, 0.5843990721695225821, 1.299411340006070947 ) ) ;
#701 = CARTESIAN_POINT ( 'NONE',  ( -1.042771259605471878E-15, -5.765625001706989217, 5.676582343749999815 ) ) ;
#702 = CYLINDRICAL_SURFACE ( 'NONE', #3632, 6.000000000000000000 ) ;
#703 = FACE_OUTER_BOUND ( 'NONE', #6988, .T. ) ;
#704 = EDGE_CURVE ( 'NONE', #7029, #2977, #3403, .T. ) ;
#705 = CARTESIAN_POINT ( 'NONE',  ( 2.351317394708899666, -1.468750001706990105, -5.676582343750004256 ) ) ;
#706 = EDGE_LOOP ( 'NONE', ( #4406, #3284, #6704, #4043 ) ) ;
#707 = CARTESIAN_POINT ( 'NONE',  ( 4.599355438478710312, 1.981944279537670273, 69.06391559825200943 ) ) ;
#708 = CARTESIAN_POINT ( 'NONE',  ( 4.124106581329999521, 0.4472798115921347017, 62.58014247876558755 ) ) ;
#709 = CARTESIAN_POINT ( 'NONE',  ( -8.653176161787410337, -5.599999999999999645, -2.975187644189464908 ) ) ;
#710 = CARTESIAN_POINT ( 'NONE',  ( -5.000000000000000000, -11.93750000341398021, -6.123233995736771213E-16 ) ) ;
#711 = CARTESIAN_POINT ( 'NONE',  ( -2.071067811865475949, -2.640624999999997780, 4.999999999999994671 ) ) ;
#712 = SURFACE_SIDE_STYLE ('',( #4367 ) ) ;
#713 = CARTESIAN_POINT ( 'NONE',  ( -5.676582343749999815, -9.984375001706990105, -6.951808397369819752E-16 ) ) ;
#714 = ORIENTED_EDGE ( 'NONE', *, *, #2887, .F. ) ;
#715 = EDGE_CURVE ( 'NONE', #4853, #4146, #2259, .T. ) ;
#716 = SURFACE_STYLE_USAGE ( .BOTH. , #6052 ) ;
#717 = CARTESIAN_POINT ( 'NONE',  ( -0.02087314792307775127, 0.3312435219686333809, 48.52528630639631047 ) ) ;
#718 = FACE_OUTER_BOUND ( 'NONE', #2297, .T. ) ;
#719 = EDGE_CURVE ( 'NONE', #231, #6437, #6594, .T. ) ;
#720 = VERTEX_POINT ( 'NONE', #2877 ) ;
#721 = CARTESIAN_POINT ( 'NONE',  ( -8.857399940928678106, 3.524682278641710464, 0.6582302983725234480 ) ) ;
#722 = CARTESIAN_POINT ( 'NONE',  ( 4.013949869229449519, -11.85937500170700076, 4.013949869229449519 ) ) ;
#723 = CARTESIAN_POINT ( 'NONE',  ( 7.347880794884119736E-16, 0.000000000000000000, 6.000000000000000000 ) ) ;
#724 = CARTESIAN_POINT ( 'NONE',  ( -0.7025826309308029760, 1.210380457800649845, 48.60020823126000522 ) ) ;
#725 =( GEOMETRIC_REPRESENTATION_CONTEXT ( 3 ) GLOBAL_UNCERTAINTY_ASSIGNED_CONTEXT ( ( #3716 ) ) GLOBAL_UNIT_ASSIGNED_CONTEXT ( ( #607, #1715, #5895 ) ) REPRESENTATION_CONTEXT ( 'NONE', 'WORKASPACE' ) );
#726 = DIRECTION ( 'NONE',  ( 0.9985305870323568644, 0.000000000000000000, -0.05419102103500970241 ) ) ;
#727 =( GEOMETRIC_REPRESENTATION_CONTEXT ( 3 ) GLOBAL_UNCERTAINTY_ASSIGNED_CONTEXT ( ( #1651 ) ) GLOBAL_UNIT_ASSIGNED_CONTEXT ( ( #3642, #3088, #4721 ) ) REPRESENTATION_CONTEXT ( 'NONE', 'WORKASPACE' ) );
#728 = SURFACE_STYLE_FILL_AREA ( #5552 ) ;
#729 = CARTESIAN_POINT ( 'NONE',  ( -2.071067811865461739, -2.171875003413985539, -5.000000000000021316 ) ) ;
#730 = CARTESIAN_POINT ( 'NONE',  ( -2.562923604764469676, -0.5660473176718273658, 49.60102299830280970 ) ) ;
#731 =( NAMED_UNIT ( * ) PLANE_ANGLE_UNIT ( ) SI_UNIT ( $, .RADIAN. ) );
#732 = CARTESIAN_POINT ( 'NONE',  ( -3.535533905932739973, -3.031250003413985095, 3.535533905932735088 ) ) ;
#733 = CIRCLE ( 'NONE', #7778, 6.000000000000000000 ) ;
#734 = CARTESIAN_POINT ( 'NONE',  ( 0.3992676518653889284, 4.392530623275761492, 7.999986212844764744 ) ) ;
#735 = CARTESIAN_POINT ( 'NONE',  ( -4.013949869229449519, -3.890625001706990105, -4.013949869229449519 ) ) ;
#736 = CARTESIAN_POINT ( 'NONE',  ( 15.69247609800998511, 1.201456283987104356, -65.48512825965231343 ) ) ;
#737 = CARTESIAN_POINT ( 'NONE',  ( -5.676582343750006032, -4.906250001706996322, 2.351317394708899666 ) ) ;
#738 = CARTESIAN_POINT ( 'NONE',  ( 5.676582343750006032, -0.5312500017069907710, -2.351317394708899666 ) ) ;
#739 = DIRECTION ( 'NONE',  ( 0.000000000000000000, 0.000000000000000000, -1.000000000000000000 ) ) ;
#740 = CARTESIAN_POINT ( 'NONE',  ( 6.232826420750716245, 4.282133885680908136, -5.204721526035259949 ) ) ;
#741 = CARTESIAN_POINT ( 'NONE',  ( 2.580521545309184983, 3.495145553417038364, 71.67715820079075684 ) ) ;
#742 = EDGE_CURVE ( 'NONE', #3264, #6997, #1500, .T. ) ;
#743 = CARTESIAN_POINT ( 'NONE',  ( -2.351317394708899666, -7.562500001706990105, -5.676582343750006032 ) ) ;
#744 = CARTESIAN_POINT ( 'NONE',  ( 13.62500000000000000, 6.161142665431478987E-16, 0.000000000000000000 ) ) ;
#745 = FILL_AREA_STYLE_COLOUR ( '', #3031 ) ;
#746 = VECTOR ( 'NONE', #4433, 1000.000000000000000 ) ;
#747 = CARTESIAN_POINT ( 'NONE',  ( 4.013949869229449519, -0.2968750017069904934, -4.013949869229449519 ) ) ;
#748 = CARTESIAN_POINT ( 'NONE',  ( 2.873294324526161514, -1.611580737186883105, 62.64802501957066028 ) ) ;
#749 = CARTESIAN_POINT ( 'NONE',  ( 0.8499999999999999778, -15.00000000000000000, 2.847243186433544793 ) ) ;
#750 = CARTESIAN_POINT ( 'NONE',  ( 3.535533905932724874, -3.656250000000000000, 3.535533905932724874 ) ) ;
#751 = EDGE_CURVE ( 'NONE', #796, #6509, #6879, .T. ) ;
#752 = CARTESIAN_POINT ( 'NONE',  ( 0.000000000000000000, 0.000000000000000000, 0.000000000000000000 ) ) ;
#753 =( NAMED_UNIT ( * ) PLANE_ANGLE_UNIT ( ) SI_UNIT ( $, .RADIAN. ) );
#754 = EDGE_CURVE ( 'NONE', #290, #1036, #3156, .T. ) ;
#755 = CARTESIAN_POINT ( 'NONE',  ( -2.071067811865475949, -10.45312500341398021, 4.999999999999994671 ) ) ;
#756 = CARTESIAN_POINT ( 'NONE',  ( -3.535533905932739973, -2.718750000000000000, 3.535533905932735088 ) ) ;
#757 = PRESENTATION_LAYER_ASSIGNMENT (  '', '', ( #5802 ) ) ;
#758 =( NAMED_UNIT ( * ) PLANE_ANGLE_UNIT ( ) SI_UNIT ( $, .RADIAN. ) );
#759 = CARTESIAN_POINT ( 'NONE',  ( 2.351317394708899666, -10.37500000170699721, -5.676582343750006032 ) ) ;
#760 = ORIENTED_EDGE ( 'NONE', *, *, #6549, .T. ) ;
#761 = PRESENTATION_LAYER_ASSIGNMENT (  '', '', ( #3048 ) ) ;
#762 = CARTESIAN_POINT ( 'NONE',  ( -2.525402004843966264, 0.7142860045033035954, 48.78451450605233930 ) ) ;
#763 = CARTESIAN_POINT ( 'NONE',  ( 0.000000000000000000, -13.50000000000000000, 0.000000000000000000 ) ) ;
#764 = EDGE_LOOP ( 'NONE', ( #5579, #434 ) ) ;
#765 = PRESENTATION_LAYER_ASSIGNMENT (  '', '', ( #2780 ) ) ;
#766 = CARTESIAN_POINT ( 'NONE',  ( 0.000000000000000000, 15.00000000000000000, -38.00000000000000000 ) ) ;
#767 = EDGE_CURVE ( 'NONE', #627, #1036, #907, .T. ) ;
#768 = ADVANCED_FACE ( 'NONE', ( #6416 ), #5148, .T. ) ;
#769 = CARTESIAN_POINT ( 'NONE',  ( -1.372979557169489162, -2.749999999999999112, 61.37626619790971461 ) ) ;
#770 =( LENGTH_UNIT ( ) NAMED_UNIT ( * ) SI_UNIT ( .MILLI., .METRE. ) );
#771 = AXIS2_PLACEMENT_3D ( 'NONE', #6515, #6016, #2382 ) ;
#772 = SURFACE_SIDE_STYLE ('',( #1285 ) ) ;
#773 = CARTESIAN_POINT ( 'NONE',  ( 0.4954557959180367899, 0.04389435455366050287, 49.76063160889334824 ) ) ;
#774 = FILL_AREA_STYLE_COLOUR ( '', #4903 ) ;
#775 = FILL_AREA_STYLE_COLOUR ( '', #2944 ) ;
#776 = CARTESIAN_POINT ( 'NONE',  ( -3.212048898189582502, 1.671527700419625839, 69.48784650454449263 ) ) ;
#777 = B_SPLINE_CURVE_WITH_KNOTS ( 'NONE', 3,
 ( #4527, #4022, #6853, #1535, #5145, #3882, #1459, #7589, #7476, #3358, #300, #5189, #2077, #5111, #6413, #1014, #5830, #6262 ),
 .UNSPECIFIED., .F., .F.,
 ( 4, 2, 2, 2, 2, 2, 2, 2, 4 ),
 ( 0.000000000000000000, 0.1250000000000000000, 0.2500000000000000000, 0.3750000000000000000, 0.5000000000000000000, 0.6250000000000000000, 0.7500000000000000000, 0.8750000000000000000, 1.000000000000000000 ),
 .UNSPECIFIED. ) ;
#778 = DIRECTION ( 'NONE',  ( 0.000000000000000000, -1.000000000000000000, 0.000000000000000000 ) ) ;
#779 = COLOUR_RGB ( '',1.000000000000000000, 1.000000000000000000, 0.000000000000000000 ) ;
#780 = CARTESIAN_POINT ( 'NONE',  ( 6.820812641018439315, 4.477253316603870700E-16, 35.60590401973295371 ) ) ;
#781 = SURFACE_SIDE_STYLE ('',( #3792 ) ) ;
#782 = FILL_AREA_STYLE_COLOUR ( '', #5651 ) ;
#783 = AXIS2_PLACEMENT_3D ( 'NONE', #447, #5864, #4218 ) ;
#784 = CARTESIAN_POINT ( 'NONE',  ( -2.351317394708905439, -4.750000001706988328, 5.676582343750004256 ) ) ;
#785 = SURFACE_STYLE_USAGE ( .BOTH. , #3241 ) ;
#786 = CARTESIAN_POINT ( 'NONE',  ( 5.676582343749999815, -1.859375001706989883, 0.000000000000000000 ) ) ;
#787 = CARTESIAN_POINT ( 'NONE',  ( 3.475904198684909876E-16, -0.2968750017069904934, -5.676582343749999815 ) ) ;
#788 = CARTESIAN_POINT ( 'NONE',  ( 0.000000000000000000, 0.000000000000000000, 0.000000000000000000 ) ) ;
#789 = DIRECTION ( 'NONE',  ( 0.000000000000000000, 1.000000000000000000, 0.000000000000000000 ) ) ;
#790 = STYLED_ITEM ( 'NONE', ( #5118 ), #5120 ) ;
#791 = CARTESIAN_POINT ( 'NONE',  ( -3.486284661076251457, 1.087384656353404866, 69.50272948979117871 ) ) ;
#792 = CARTESIAN_POINT ( 'NONE',  ( 2.351317394708899666, -9.437500001706986552, 5.676582343750006032 ) ) ;
#793 = CARTESIAN_POINT ( 'NONE',  ( 4.528470622501890475, 6.161142665431478987E-16, 34.12832495771964858 ) ) ;
#794 = CARTESIAN_POINT ( 'NONE',  ( -3.104158948864975009, -0.1238543311104984002, 50.08954742521519421 ) ) ;
#795 = PRESENTATION_LAYER_ASSIGNMENT (  '', '', ( #4570 ) ) ;
#796 = VERTEX_POINT ( 'NONE', #5382 ) ;
#797 = CARTESIAN_POINT ( 'NONE',  ( -3.363277440655104922, 2.622049124298944989, 69.49605379356731305 ) ) ;
#798 = CARTESIAN_POINT ( 'NONE',  ( -5.845223838017769680, 4.400000000000000355, -1.354015614189448158 ) ) ;
#799 = CARTESIAN_POINT ( 'NONE',  ( 0.000000000000000000, 0.000000000000000000, 0.000000000000000000 ) ) ;
#800 =( NAMED_UNIT ( * ) PLANE_ANGLE_UNIT ( ) SI_UNIT ( $, .RADIAN. ) );
#801 = CARTESIAN_POINT ( 'NONE',  ( -9.184850993605149917E-16, -7.875000003413979321, 5.000000000000000000 ) ) ;
#802 = CARTESIAN_POINT ( 'NONE',  ( 5.000000000000000000, -4.750000000000000000, 0.000000000000000000 ) ) ;
#803 = CARTESIAN_POINT ( 'NONE',  ( -4.013949869229449519, -11.23437500170700076, -4.013949869229449519 ) ) ;
#804 = CARTESIAN_POINT ( 'NONE',  ( 4.013949869229449519, -7.015625001706990105, 4.013949869229449519 ) ) ;
#805 = VERTEX_POINT ( 'NONE', #4715 ) ;
#806 = CARTESIAN_POINT ( 'NONE',  ( -2.446811114486026728, -4.499999999999997335, 59.39186134853500931 ) ) ;
#807 = CARTESIAN_POINT ( 'NONE',  ( 0.4578227078350027845, 0.3600655782631811963, 49.75799451519495165 ) ) ;
#808 =( GEOMETRIC_REPRESENTATION_CONTEXT ( 3 ) GLOBAL_UNCERTAINTY_ASSIGNED_CONTEXT ( ( #2266 ) ) GLOBAL_UNIT_ASSIGNED_CONTEXT ( ( #6785, #6271, #4400 ) ) REPRESENTATION_CONTEXT ( 'NONE', 'WORKASPACE' ) );
#809 = CARTESIAN_POINT ( 'NONE',  ( -1.439530937381116134E-11, -3.812500000000544897, 5.000000000000000000 ) ) ;
#810 = SURFACE_STYLE_USAGE ( .BOTH. , #1404 ) ;
#811 = ORIENTED_EDGE ( 'NONE', *, *, #4673, .T. ) ;
#812 = CARTESIAN_POINT ( 'NONE',  ( -8.487230541273007134, 3.815600927836786838, 1.299411340015244720 ) ) ;
#813 = EDGE_CURVE ( 'NONE', #2923, #850, #4211, .T. ) ;
#814 = FACE_OUTER_BOUND ( 'NONE', #6313, .T. ) ;
#815 = DIRECTION ( 'NONE',  ( 0.000000000000000000, 1.000000000000000000, 0.000000000000000000 ) ) ;
#816 = CARTESIAN_POINT ( 'NONE',  ( -0.5845543366746381864, 1.156304908893105221, 49.31505570882216460 ) ) ;
#817 = LINE ( 'NONE', #3233, #2274 ) ;
#818 = CARTESIAN_POINT ( 'NONE',  ( 13.62500000000000000, 4.094551191870319911E-16, -21.82837608655076522 ) ) ;
#819 = DIRECTION ( 'NONE',  ( 0.000000000000000000, -1.000000000000000000, 0.000000000000000000 ) ) ;
#820 = CARTESIAN_POINT ( 'NONE',  ( -2.287088715852053422, -1.629533467712498629, 50.11051748333518674 ) ) ;
#821 = CARTESIAN_POINT ( 'NONE',  ( -3.226887678096485246, 1.077579250070088257, 51.53191348182825493 ) ) ;
#822 = FILL_AREA_STYLE ('',( #4344 ) ) ;
#823 = PRESENTATION_LAYER_ASSIGNMENT (  '', '', ( #5220 ) ) ;
#824 = CARTESIAN_POINT ( 'NONE',  ( 1.151012496651291128, 4.317629048738459652, 8.000139685250644561 ) ) ;
#825 = CARTESIAN_POINT ( 'NONE',  ( -5.676582343749999815, -6.234375001706990105, -6.951808397369819752E-16 ) ) ;
#826 = CARTESIAN_POINT ( 'NONE',  ( 2.738236337499214985E-11, -11.93750000000101963, -5.000000000000000000 ) ) ;
#827 = CARTESIAN_POINT ( 'NONE',  ( 5.676582343749999815, -4.359375001706990105, 0.000000000000000000 ) ) ;
#828 = CARTESIAN_POINT ( 'NONE',  ( -4.013949869229449519, -2.640625001706990105, -4.013949869229449519 ) ) ;
#829 = CARTESIAN_POINT ( 'NONE',  ( 4.999999999999994671, -3.890625003413983318, 2.071067811865475949 ) ) ;
#830 = DIRECTION ( 'NONE',  ( 1.000000000000000000, 0.000000000000000000, -3.380207847158605207E-15 ) ) ;
#831 = ORIENTED_EDGE ( 'NONE', *, *, #190, .F. ) ;
#832 = CARTESIAN_POINT ( 'NONE',  ( 3.762972927148283908, 2.458186879899662891, 71.61298565711680908 ) ) ;
#833 = CARTESIAN_POINT ( 'NONE',  ( -4.013949869229449519, -7.484375001706989217, -4.013949869229449519 ) ) ;
#834 = CARTESIAN_POINT ( 'NONE',  ( 0.4335281682800889991, 3.541190434132545185E-17, 69.28999824024549525 ) ) ;
#835 = CARTESIAN_POINT ( 'NONE',  ( -2.798035692614199377, -1.742634798232119753, 50.64185186192651855 ) ) ;
#836 = VERTEX_POINT ( 'NONE', #1718 ) ;
#837 = CARTESIAN_POINT ( 'NONE',  ( -3.425116627261814539, 6.721286557412869754E-15, 72.00308879196640532 ) ) ;
#838 = CARTESIAN_POINT ( 'NONE',  ( -6.913723615242350122E-13, -8.187500000000000000, -5.000000000000000000 ) ) ;
#839 = CARTESIAN_POINT ( 'NONE',  ( 9.266383633362000438, -80.48512825965200079, -13.88854241511200094 ) ) ;
#840 = DIRECTION ( 'NONE',  ( 0.000000000000000000, 1.000000000000000000, 0.000000000000000000 ) ) ;
#841 = CARTESIAN_POINT ( 'NONE',  ( 3.535533905932739973, -4.906250003413980210, -3.535533905932739973 ) ) ;
#842 = CARTESIAN_POINT ( 'NONE',  ( -5.676582343749999815, -12.48437500170700076, -6.951808397369819752E-16 ) ) ;
#843 =( NAMED_UNIT ( * ) SI_UNIT ( $, .STERADIAN. ) SOLID_ANGLE_UNIT ( ) );
#844 = ORIENTED_EDGE ( 'NONE', *, *, #754, .F. ) ;
#845 = CARTESIAN_POINT ( 'NONE',  ( -2.446811114486030281, 3.186068887686590082E-16, 59.39186134853500221 ) ) ;
#846 = CARTESIAN_POINT ( 'NONE',  ( -0.3922476595948536371, 0.9728488027796315940, 48.56689008097097116 ) ) ;
#847 = CARTESIAN_POINT ( 'NONE',  ( -9.184850993605149917E-16, -8.812500000000000000, 5.000000000000000000 ) ) ;
#848 = DIRECTION ( 'NONE',  ( 0.000000000000000000, 0.000000000000000000, -1.000000000000000000 ) ) ;
#849 = COLOUR_RGB ( '',0.5019607843137254832, 0.5019607843137254832, 0.000000000000000000 ) ;
#850 = VERTEX_POINT ( 'NONE', #2998 ) ;
#851 = CARTESIAN_POINT ( 'NONE',  ( -1.292377006071387502, 2.749999999999999112, 60.68143081094141422 ) ) ;
#852 = CARTESIAN_POINT ( 'NONE',  ( -0.06318749103305770776, -2.749999999999999112, 49.62022829881481556 ) ) ;
#853 = EDGE_CURVE ( 'NONE', #2217, #2883, #7077, .T. ) ;
#854 = CARTESIAN_POINT ( 'NONE',  ( 5.676582343749999815, -7.953125001706990993, 0.000000000000000000 ) ) ;
#855 =( LENGTH_UNIT ( ) NAMED_UNIT ( * ) SI_UNIT ( .MILLI., .METRE. ) );
#856 = SURFACE_SIDE_STYLE ('',( #1451 ) ) ;
#857 = APPLICATION_CONTEXT ( 'automotive_design' ) ;
#858 =( LENGTH_UNIT ( ) NAMED_UNIT ( * ) SI_UNIT ( .MILLI., .METRE. ) );
#859 = CARTESIAN_POINT ( 'NONE',  ( 8.481325356111446112, 3.847045041930316156, 1.309904742674125044 ) ) ;
#860 = CARTESIAN_POINT ( 'NONE',  ( -2.988814417707989612, -0.9157536565575223886, 50.19974709694040627 ) ) ;
#861 = UNCERTAINTY_MEASURE_WITH_UNIT (LENGTH_MEASURE( 1.000000000000000082E-05 ), #2457, 'distance_accuracy_value', 'NONE');
#862 = CARTESIAN_POINT ( 'NONE',  ( -3.064245404450613997, 1.340448403698375701, 51.50387660773558451 ) ) ;
#863 = CARTESIAN_POINT ( 'NONE',  ( -5.676582343750004256, -6.312500001706988328, -2.351317394708899666 ) ) ;
#864 = CARTESIAN_POINT ( 'NONE',  ( -3.535533905932890075, -5.218749999999880984, 3.535533905932890075 ) ) ;
#865 = CARTESIAN_POINT ( 'NONE',  ( -2.351317394708899666, -1.468750001706992325, -5.676582343750006032 ) ) ;
#866 = CARTESIAN_POINT ( 'NONE',  ( 3.061616997868385113E-16, -3.500000003413985095, -5.000000000000000000 ) ) ;
#867 = ORIENTED_EDGE ( 'NONE', *, *, #4523, .F. ) ;
#868 = CONICAL_SURFACE ( 'NONE', #1504, 38.00000000000000000, 0.7853981633974447263 ) ;
#869 = UNCERTAINTY_MEASURE_WITH_UNIT (LENGTH_MEASURE( 1.000000000000000082E-05 ), #346, 'distance_accuracy_value', 'NONE');
#870 = SURFACE_STYLE_FILL_AREA ( #2575 ) ;
#871 = CARTESIAN_POINT ( 'NONE',  ( 5.676582343749999815, -7.953125001706990993, 0.000000000000000000 ) ) ;
#872 =( NAMED_UNIT ( * ) SI_UNIT ( $, .STERADIAN. ) SOLID_ANGLE_UNIT ( ) );
#873 = CARTESIAN_POINT ( 'NONE',  ( 0.9176489911485212758, -3.116712565338612073, 62.75415939219221428 ) ) ;
#874 = CARTESIAN_POINT ( 'NONE',  ( 15.00000000000000000, 4.094551191870319911E-16, 0.000000000000000000 ) ) ;
#875 = DIRECTION ( 'NONE',  ( 0.000000000000000000, -1.000000000000000000, 0.000000000000000000 ) ) ;
#876 = CARTESIAN_POINT ( 'NONE',  ( 0.005939587951499731081, -0.05714910627792550019, 48.52259809227380316 ) ) ;
#877 = MECHANICAL_DESIGN_GEOMETRIC_PRESENTATION_REPRESENTATION (  '', ( #1386 ), #364 ) ;
#878 = CARTESIAN_POINT ( 'NONE',  ( 2.071067811865475949, -5.296875003413981986, 4.999999999999994671 ) ) ;
#879 = CARTESIAN_POINT ( 'NONE',  ( 5.676582343749999815, -8.109375001706990105, 0.000000000000000000 ) ) ;
#880 = COLOUR_RGB ( '',0.5019607843137254832, 0.5019607843137254832, 0.000000000000000000 ) ;
#881 = ORIENTED_EDGE ( 'NONE', *, *, #704, .T. ) ;
#882 = CARTESIAN_POINT ( 'NONE',  ( 8.349746842362394617, 3.910284587952104651, -1.537662710513333142 ) ) ;
#883 = CARTESIAN_POINT ( 'NONE',  ( -3.467116748376960267, -0.2036941022042529914, 51.57470463618170697 ) ) ;
#884 = DIRECTION ( 'NONE',  ( 1.000000000000000000, 0.000000000000000000, 0.000000000000000000 ) ) ;
#885 = EDGE_LOOP ( 'NONE', ( #7711, #3421, #7737, #4512 ) ) ;
#886 =( NAMED_UNIT ( * ) PLANE_ANGLE_UNIT ( ) SI_UNIT ( $, .RADIAN. ) );
#887 =( NAMED_UNIT ( * ) PLANE_ANGLE_UNIT ( ) SI_UNIT ( $, .RADIAN. ) );
#888 = B_SPLINE_CURVE_WITH_KNOTS ( 'NONE', 3,
 ( #2006, #3845, #6143, #6265, #3280, #5675, #2571, #945, #2114, #6342, #3957, #3361, #5758, #5114, #7517, #4530, #339, #6934 ),
 .UNSPECIFIED., .F., .F.,
 ( 4, 2, 2, 2, 2, 2, 2, 2, 4 ),
 ( 0.000000000000000000, 0.1249999999999999445, 0.2499999999999998890, 0.3749999999999999445, 0.5000000000000000000, 0.6250000000000000000, 0.7500000000000001110, 0.8750000000000000000, 1.000000000000000000 ),
 .UNSPECIFIED. ) ;
#889 = CARTESIAN_POINT ( 'NONE',  ( -2.351317394708905439, -8.343750001706986552, 5.676582343750006032 ) ) ;
#890 = CARTESIAN_POINT ( 'NONE',  ( -2.071067811865475949, -10.14062500000000000, 4.999999999999994671 ) ) ;
#891 = AXIS2_PLACEMENT_3D ( 'NONE', #16, #3446, #7274 ) ;
#892 = CARTESIAN_POINT ( 'NONE',  ( -1.602812713794652177, 1.348604753582315574, 49.46020655184958770 ) ) ;
#893 = SURFACE_STYLE_FILL_AREA ( #4989 ) ;
#894 = CARTESIAN_POINT ( 'NONE',  ( 3.061616997868385113E-16, -3.500000003413985095, -5.000000000000000000 ) ) ;
#895 = CARTESIAN_POINT ( 'NONE',  ( 9.237604307034001039, 3.162395692965989991, -2.348089655196865167E-17 ) ) ;
#896 = CARTESIAN_POINT ( 'NONE',  ( -0.5702763329277399373, -1.127616565610856103, 48.58613375446419269 ) ) ;
#897 =( BOUNDED_CURVE ( )  B_SPLINE_CURVE ( 2, ( #2994, #6019, #2952, #2908, #1116, #1714, #486, #1681, #7658 ),
 .UNSPECIFIED., .F., .F. ) 
 B_SPLINE_CURVE_WITH_KNOTS ( ( 3, 2, 2, 2, 3 ),
 ( 0.1590909090909090051, 0.1704545454545454974, 0.1818181818181820175, 0.1931818181818180102, 0.2045454545454545026 ),
 .UNSPECIFIED. ) 
 CURVE ( )  GEOMETRIC_REPRESENTATION_ITEM ( )  RATIONAL_B_SPLINE_CURVE ( ( 1.000000000000000000, 0.9238795325112869605, 1.000000000000000000, 0.9238795325112869605, 1.000000000000000000, 0.9238795325112869605, 1.000000000000000000, 0.9238795325112869605, 1.000000000000000000 ) ) 
 REPRESENTATION_ITEM ( '' )  );
#898 = MECHANICAL_DESIGN_GEOMETRIC_PRESENTATION_REPRESENTATION (  '', ( #4311 ), #1533 ) ;
#899 = CARTESIAN_POINT ( 'NONE',  ( 13.90972873837949919, 4.477253316603870700E-16, 20.63402643463730257 ) ) ;
#900 = PRODUCT_RELATED_PRODUCT_CATEGORY ( 'part', '', ( #2469 ) ) ;
#901 = CARTESIAN_POINT ( 'NONE',  ( -2.720527203297725016, 7.582145089942320987E-12, 48.80353893819129496 ) ) ;
#902 = PRESENTATION_STYLE_ASSIGNMENT (( #5072 ) ) ;
#903 = LINE ( 'NONE', #301, #7176 ) ;
#904 = CARTESIAN_POINT ( 'NONE',  ( -1.201095362628406438, -3.729977029070298489, 69.37871051335780237 ) ) ;
#905 = CARTESIAN_POINT ( 'NONE',  ( 3.195297878503560174, 1.764254179839200230E-15, 61.12834227667459430 ) ) ;
#906 = CARTESIAN_POINT ( 'NONE',  ( -5.676582343750006032, -2.562500001706989217, -2.351317394708899666 ) ) ;
#907 = LINE ( 'NONE', #3362, #4894 ) ;
#908 = CARTESIAN_POINT ( 'NONE',  ( 6.380850554395195218, 4.325420342370919435, -4.948337212917599537 ) ) ;
#909 = VERTEX_POINT ( 'NONE', #1122 ) ;
#910 = PRESENTATION_LAYER_ASSIGNMENT (  '', '', ( #2809 ) ) ;
#911 = CARTESIAN_POINT ( 'NONE',  ( -3.424781050865678633, 1.854716890326174816, 69.49939164167921035 ) ) ;
#912 = CARTESIAN_POINT ( 'NONE',  ( -4.013949869229449519, -4.671875001706989217, 4.013949869229449519 ) ) ;
#913 = ADVANCED_FACE ( 'NONE', ( #2390 ), #4138, .F. ) ;
#914 =( LENGTH_UNIT ( ) NAMED_UNIT ( * ) SI_UNIT ( .MILLI., .METRE. ) );
#915 = VERTEX_POINT ( 'NONE', #2589 ) ;
#916 = LINE ( 'NONE', #5641, #1118 ) ;
#917 = CARTESIAN_POINT ( 'NONE',  ( -3.425116627261814095, -0.5235987755982759451, 72.00308879196646217 ) ) ;
#918 = DIRECTION ( 'NONE',  ( 0.4999999999999985567, 0.000000000000000000, -0.8660254037844394848 ) ) ;
#919 = CARTESIAN_POINT ( 'NONE',  ( 4.013949869229449519, -11.70312500170700076, -4.013949869229449519 ) ) ;
#920 = CARTESIAN_POINT ( 'NONE',  ( 5.000000000000005329, -7.484375003413981098, -2.071067811865475949 ) ) ;
#921 = AXIS2_PLACEMENT_3D ( 'NONE', #5131, #1401, #1519 ) ;
#922 = CARTESIAN_POINT ( 'NONE',  ( -2.351317394708905439, -12.25000000170699543, 5.676582343750006032 ) ) ;
#923 = CARTESIAN_POINT ( 'NONE',  ( 8.064807640708274050, 0.3166650675836933382, -2.031343725915306209 ) ) ;
#924 = ORIENTED_EDGE ( 'NONE', *, *, #3965, .T. ) ;
#925 = CARTESIAN_POINT ( 'NONE',  ( 8.133784423294263988, 4.044573795074779099, -1.911872404781274293 ) ) ;
#926 = CARTESIAN_POINT ( 'NONE',  ( -3.284445867593774881, 0.9634620135120459672, 51.54263519186179821 ) ) ;
#927 = B_SPLINE_CURVE_WITH_KNOTS ( 'NONE', 3,
 ( #6806, #3985, #818, #2186 ),
 .UNSPECIFIED., .F., .F.,
 ( 4, 4 ),
 ( 0.000000000000000000, 1.000000000000000000 ),
 .UNSPECIFIED. ) ;
#928 = CARTESIAN_POINT ( 'NONE',  ( -3.114011346951009784, 1.119922323704249853E-15, 62.97296069184719869 ) ) ;
#929 = CARTESIAN_POINT ( 'NONE',  ( 0.8363624595960067465, -3.116712565338612517, 61.25636351164366999 ) ) ;
#930 = VERTEX_POINT ( 'NONE', #4889 ) ;
#931 = CLOSED_SHELL ( 'NONE', ( #4319, #3504, #1917, #2706, #5461, #6650, #494, #3334, #3266, #226, #5360, #1083, #2086, #3554, #1240, #3780, #3991, #6836, #2462, #5483, #445, #2235, #4998, #5863, #2061, #6486 ) ) ;
#932 = CARTESIAN_POINT ( 'NONE',  ( -1.663199927805586231, -2.246149305570327215, 50.48640084390106608 ) ) ;
#933 = CARTESIAN_POINT ( 'NONE',  ( -5.676582343750006032, -6.000000001706996322, 2.351317394708899666 ) ) ;
#934 =( BOUNDED_CURVE ( )  B_SPLINE_CURVE ( 2, ( #4142, #3005, #492, #4795, #2439, #2313, #6487, #2961, #1127 ),
 .UNSPECIFIED., .F., .F. ) 
 B_SPLINE_CURVE_WITH_KNOTS ( ( 3, 2, 2, 2, 3 ),
 ( 0.2500000000000000000, 0.2613636363636365201, 0.2727272727272725406, 0.2840909090909090051, 0.2954545454545455252 ),
 .UNSPECIFIED. ) 
 CURVE ( )  GEOMETRIC_REPRESENTATION_ITEM ( )  RATIONAL_B_SPLINE_CURVE ( ( 1.000000000000000000, 0.9238795325112859613, 1.000000000000000000, 0.9238795325112869605, 1.000000000000000000, 0.9238795325112869605, 1.000000000000000000, 0.9238795325112869605, 1.000000000000000000 ) ) 
 REPRESENTATION_ITEM ( '' )  );
#935 = CARTESIAN_POINT ( 'NONE',  ( -2.702816153097769902, 0.2382926095266335031, 48.80177734591320160 ) ) ;
#936 = VECTOR ( 'NONE', #3938, 1000.000000000000000 ) ;
#937 = SURFACE_SIDE_STYLE ('',( #893 ) ) ;
#938 = CARTESIAN_POINT ( 'NONE',  ( 4.230333777215284918, -2.622049124298944989, 69.08394268692370588 ) ) ;
#939 = CARTESIAN_POINT ( 'NONE',  ( -0.05516783864160842293, -0.4918599657247802459, 49.23963561149020052 ) ) ;
#940 = UNCERTAINTY_MEASURE_WITH_UNIT (LENGTH_MEASURE( 1.000000000000000082E-05 ), #2384, 'distance_accuracy_value', 'NONE');
#941 =( NAMED_UNIT ( * ) SI_UNIT ( $, .STERADIAN. ) SOLID_ANGLE_UNIT ( ) );
#942 = DIRECTION ( 'NONE',  ( -0.05419102103501000078, -5.875402273536609207E-18, -0.9985305870323569755 ) ) ;
#943 = CARTESIAN_POINT ( 'NONE',  ( 5.676582343749999815, -12.95312500170700076, 0.000000000000000000 ) ) ;
#944 = CARTESIAN_POINT ( 'NONE',  ( -1.404094214767187987, -2.402417154265922949, 69.38972741680491652 ) ) ;
#945 = CARTESIAN_POINT ( 'NONE',  ( 15.35990334099400911, -1.339212430418934785, -0.000000000000000000 ) ) ;
#946 = EDGE_CURVE ( 'NONE', #7762, #5372, #1757, .T. ) ;
#947 = CARTESIAN_POINT ( 'NONE',  ( 4.427650516409522119, -0.1068554401274638271, 69.07323415610547102 ) ) ;
#948 = UNCERTAINTY_MEASURE_WITH_UNIT (LENGTH_MEASURE( 1.000000000000000082E-05 ), #1784, 'distance_accuracy_value', 'NONE');
#949 = CARTESIAN_POINT ( 'NONE',  ( 3.061616997868385113E-16, -13.18750000000000000, -5.000000000000000000 ) ) ;
#950 = CARTESIAN_POINT ( 'NONE',  ( -1.042771259605471878E-15, -0.7656250017069909930, 5.676582343749999815 ) ) ;
#951 = CARTESIAN_POINT ( 'NONE',  ( -3.838526297803815712, 1.087384656353405976, 63.01228067408090538 ) ) ;
#952 = CARTESIAN_POINT ( 'NONE',  ( 4.427650516409520343, 0.3241317705476609579, 69.07323415610547102 ) ) ;
#953 = ORIENTED_EDGE ( 'NONE', *, *, #2719, .T. ) ;
#954 = CARTESIAN_POINT ( 'NONE',  ( -1.439530937381116134E-11, -3.812500000000544897, 5.000000000000000000 ) ) ;
#955 = CARTESIAN_POINT ( 'NONE',  ( 5.655110834652931295, 0.3952046512725656546, -6.205038213076271347 ) ) ;
#956 = CARTESIAN_POINT ( 'NONE',  ( -9.184850993605149917E-16, -5.375000003413979321, 5.000000000000000000 ) ) ;
#957 = B_SPLINE_CURVE_WITH_KNOTS ( 'NONE', 3,
 ( #488, #6524, #3036, #3473, #2311, #4714 ),
 .UNSPECIFIED., .F., .F.,
 ( 4, 2, 4 ),
 ( 0.000000000000000000, 0.5000000000000000000, 1.000000000000000000 ),
 .UNSPECIFIED. ) ;
#958 = CARTESIAN_POINT ( 'NONE',  ( 4.013949869229449519, -10.76562500170700076, 4.013949869229449519 ) ) ;
#959 = CARTESIAN_POINT ( 'NONE',  ( -2.351317394708905439, -10.84375000170699010, 5.676582343750004256 ) ) ;
#960 = ORIENTED_EDGE ( 'NONE', *, *, #4963, .T. ) ;
#961 = DIRECTION ( 'NONE',  ( -0.000000000000000000, 1.000000000000000000, 0.000000000000000000 ) ) ;
#962 = CARTESIAN_POINT ( 'NONE',  ( -3.298471750341237740, 3.748514939935736034, 7.999833933077930226 ) ) ;
#963 = CARTESIAN_POINT ( 'NONE',  ( -2.326909987316467365, 3.282697217478163232, 62.93024409719245682 ) ) ;
#964 = ORIENTED_EDGE ( 'NONE', *, *, #2999, .T. ) ;
#965 = CARTESIAN_POINT ( 'NONE',  ( -0.3028632891708399888, -1.504434417293185167, 49.82063009485680283 ) ) ;
#966 = CARTESIAN_POINT ( 'NONE',  ( 5.676582343750006032, -8.031250001706993658, 2.351317394708905439 ) ) ;
#967 = EDGE_CURVE ( 'NONE', #4644, #4737, #573, .T. ) ;
#968 = CARTESIAN_POINT ( 'NONE',  ( -2.631116118088085098, 0.4975360228770070448, 48.79465253495899901 ) ) ;
#969 = CARTESIAN_POINT ( 'NONE',  ( -2.977412502413213868, -1.424650705987819288, 51.48821413400440861 ) ) ;
#970 = CARTESIAN_POINT ( 'NONE',  ( 7.347880794884119736E-16, 4.400000000000000355, 6.000000000000000000 ) ) ;
#971 = CARTESIAN_POINT ( 'NONE',  ( -6.913723615242350122E-13, -8.187500000000000000, -5.000000000000000000 ) ) ;
#972 = CARTESIAN_POINT ( 'NONE',  ( -0.4614245005622239493, -1.064833348280603387, 49.29752496361427205 ) ) ;
#973 = CARTESIAN_POINT ( 'NONE',  ( 3.061616997868385113E-16, -8.500000003413980210, -5.000000000000000000 ) ) ;
#974 = CARTESIAN_POINT ( 'NONE',  ( 3.535533905932764842, -7.093750000000000000, -3.535533905932764842 ) ) ;
#975 = CARTESIAN_POINT ( 'NONE',  ( 4.618802153517090225, 3.162395692965989991, 8.000000000000000000 ) ) ;
#976 = CARTESIAN_POINT ( 'NONE',  ( 4.013949869229449519, -0.7656250017069909930, 4.013949869229449519 ) ) ;
#977 = CARTESIAN_POINT ( 'NONE',  ( -4.618802153517040487, 1.237604307033952189, -8.000000000000000000 ) ) ;
#978 = SURFACE_STYLE_FILL_AREA ( #419 ) ;
#979 = CARTESIAN_POINT ( 'NONE',  ( -4.013949869229449519, -2.484375001706990105, -4.013949869229449519 ) ) ;
#980 = CARTESIAN_POINT ( 'NONE',  ( -4.084540738646100344, -1.981944279537670273, 63.02563206652870065 ) ) ;
#981 = B_SPLINE_CURVE_WITH_KNOTS ( 'NONE', 3,
 ( #6825, #6150, #5687, #3171, #2699, #459, #982, #2882, #952, #5122 ),
 .UNSPECIFIED., .F., .F.,
 ( 4, 2, 2, 2, 4 ),
 ( 0.000000000000000000, 0.2500000000000000555, 0.5000000000000001110, 0.7500000000000002220, 1.000000000000000000 ),
 .UNSPECIFIED. ) ;
#982 = CARTESIAN_POINT ( 'NONE',  ( 4.234032727417345932, 1.272042165331037200, 69.08374194205846663 ) ) ;
#983 = ORIENTED_EDGE ( 'NONE', *, *, #1995, .F. ) ;
#984 =( BOUNDED_SURFACE ( )  B_SPLINE_SURFACE ( 1, 2, ( 
 ( #4622, #4558, #6370, #7027, #2718, #7541, #5216, #1565, #1597, #6402, #3385, #6991, #5102, #362, #2794, #5176, #7580, #2181, #4589, #3348, #7466, #5745, #4046, #4011, #1003, #6436, #5065, #2071, #1040, #5816, #401, #328, #2834, #5855, #2676, #3309, #4483, #5705, #7505, #6885, #1489, #3910, #6288, #890, #1195, #7727, #4735, #3657, #7139, #1742, #4164, #7225, #2255, #4661, #5407, #3581, #7189, #1825, #6552, #5885, #4249, #5922, #1075, #7690, #3495, #7100, #1153, #5966, #438, #4699, #559, #6639, #2984, #1106, #1231, #2864, #5254, #596, #4813, #5368, #476, #518, #2896, #3618, #7767, #1782, #2336, #6470, #1428, #7649, #5290, #6009, #7063, #1674, #2374, #4773, #4086, #2294, #4208, #6598, #1704, #4121, #2939, #2419, #6507, #3534, #5332, #3024, #2497, #6049, #7260, #4888, #802, #4974, #4324, #1864, #6201, #4285, #675, #3736, #6122, #5445, #2540, #5615, #7297, #4366, #1275, #4443, #6834, #1902, #7339, #36, #3063, #1395, #3698, #4934, #6712, #1979, #756, #711, #1437, #1315, #7408, #2459, #118, #4851, #204, #5577, #6751, #164, #5489, #1356, #1943, #6088, #2588, #3137, #3773, #7374, #635, #6672, #3218, #4403, #3103, #76, #2627, #6160, #3181, #5015, #5532, #6787, #2022 ),
 ( #3815, #6949, #4547, #5129, #3974, #6320, #2133, #284, #842, #5693, #5208, #922, #3933, #6390, #6243, #3257, #991, #6357, #2171, #3297, #4507, #5653, #6982, #2709, #5090, #7496, #7709, #1556, #1586, #3411, #958, #2094, #3373, #2059, #5771, #1477, #353, #3342, #5734, #6914, #244, #3861, #5806, #5053, #2783, #2743, #3899, #2665, #7454, #2316, #1514, #4473, #5164, #4720, #318, #7533, #7120, #7568, #6872, #4581, #4003, #391, #6275, #2823, #879, #697, #2400, #4271, #3564, #5429, #24, #4190, #6109, #3721, #1217, #6657, #2523, #2965, #1254, #4799, #7281, #1295, #7164, #3123, #5947, #541, #6576, #5351, #7752, #7246, #2443, #1181, #6695, #581, #4874, #5515, #1849, #1809, #3641, #5471, #3683, #3009, #1887, #3600, #4309, #618, #4835, #6032, #3047, #3087, #98, #6622, #2355, #6073, #661, #4917, #4757, #1765, #1724, #60, #2482, #4145, #6530, #5993, #1132, #7210, #5391, #7787, #4232, #6184, #228, #6228, #7324, #3798, #828, #906, #3243, #192, #3324, #2731, #1930, #7480, #3920, #5037, #4962, #7394, #7362, #2690, #4461, #865, #1419, #5560, #4494, #6736, #1965, #267, #5718, #6301, #2649, #1463, #3759, #738, #7435, #5639, #787, #3205, #5000, #1499, #4389, #6773, #3164 ) ),
 .UNSPECIFIED., .F., .F., .F. ) 
 B_SPLINE_SURFACE_WITH_KNOTS ( ( 2, 2 ),
 ( 3, 2, 2, 2, 2, 2, 2, 2, 2, 2, 2, 2, 2, 2, 2, 2, 2, 2, 2, 2, 2, 2, 2, 2, 2, 2, 2, 2, 2, 2, 2, 2, 2, 2, 2, 2, 2, 2, 2, 2, 2, 2, 2, 2, 2, 2, 2, 2, 2, 2, 2, 2, 2, 2, 2, 2, 2, 2, 2, 2, 2, 2, 2, 2, 2, 2, 2, 2, 2, 2, 2, 2, 2, 2, 2, 2, 2, 2, 2, 2, 2, 2, 2, 2, 2, 3 ),
 ( 0.000000000000000000, 1.000000000000000000 ),
 ( 0.000000000000000000, 0.01136363636363636048, 0.02272727272727274872, 0.03409090909090910226, 0.04545454545454549744, 0.05681818181818180241, 0.06818181818181820453, 0.07954545454545450256, 0.09090909090909089774, 0.1022727272727271958, 0.1136363636363636048, 0.1250000000000000000, 0.1363636363636364091, 0.1477272727272725961, 0.1590909090909090051, 0.1704545454545454974, 0.1818181818181820175, 0.1931818181818180102, 0.2045454545454545026, 0.2159090909090909949, 0.2272727272727275150, 0.2386363636363634799, 0.2500000000000000000, 0.2613636363636365201, 0.2727272727272725406, 0.2840909090909090051, 0.2954545454545455252, 0.3068181818181820453, 0.3181818181818180102, 0.3295454545454545303, 0.3409090909090910504, 0.3522727272727275150, 0.3636363636363635354, 0.3750000000000000000, 0.3863636363636365201, 0.3977272727272725406, 0.4090909090909090051, 0.4204545454545455252, 0.4318181818181820453, 0.4431818181818180102, 0.4545454545454550299, 0.4659090909090910504, 0.4772727272727270154, 0.4886363636363640350, 0.5000000000000000000, 0.5113636363636360205, 0.5227272727272730402, 0.5340909090909089496, 0.5454545454545449701, 0.5568181818181819898, 0.5681818181818180102, 0.5795454545454550299, 0.5909090909090910504, 0.6022727272727269598, 0.6136363636363639795, 0.6250000000000000000, 0.6363636363636360205, 0.6477272727272730402, 0.6590909090909089496, 0.6704545454545449701, 0.6818181818181819898, 0.6931818181818180102, 0.7045454545454550299, 0.7159090909090910504, 0.7272727272727269598, 0.7386363636363639795, 0.7500000000000000000, 0.7613636363636360205, 0.7727272727272730402, 0.7840909090909089496, 0.7954545454545449701, 0.8068181818181819898, 0.8181818181818180102, 0.8295454545454550299, 0.8409090909090910504, 0.8522727272727269598, 0.8636363636363639795, 0.8750000000000000000, 0.8863636363636360205, 0.8977272727272730402, 0.9090909090909089496, 0.9204545454545449701, 0.9318181818181819898, 0.9431818181818180102, 0.9454828808519810668, 0.9549377096604999560 ),
 .UNSPECIFIED. ) 
 GEOMETRIC_REPRESENTATION_ITEM ( )  RATIONAL_B_SPLINE_SURFACE ( (
 ( 1.000000000000000000, 0.9238795325112869605, 1.000000000000000000, 0.9238795325112869605, 1.000000000000000000, 0.9238795325112869605, 1.000000000000000000, 0.9238795325112869605, 1.000000000000000000, 0.9238795325112869605, 1.000000000000000000, 0.9238795325112869605, 1.000000000000000000, 0.9238795325112869605, 1.000000000000000000, 0.9238795325112869605, 1.000000000000000000, 0.9238795325112869605, 1.000000000000000000, 0.9238795325112869605, 1.000000000000000000, 0.9238795325112869605, 1.000000000000000000, 0.9238795325112869605, 1.000000000000000000, 0.9238795325112869605, 1.000000000000000000, 0.9238795325112869605, 1.000000000000000000, 0.9238795325112869605, 1.000000000000000000, 0.9238795325112869605, 1.000000000000000000, 0.9238795325112869605, 1.000000000000000000, 0.9238795325112869605, 1.000000000000000000, 0.9238795325112869605, 1.000000000000000000, 0.9238795325112869605, 1.000000000000000000, 0.9238795325112869605, 1.000000000000000000, 0.9238795325112869605, 1.000000000000000000, 0.9238795325112869605, 1.000000000000000000, 0.9238795325112869605, 1.000000000000000000, 0.9238795325112869605, 1.000000000000000000, 0.9238795325112869605, 1.000000000000000000, 0.9238795325112869605, 1.000000000000000000, 0.9238795325112869605, 1.000000000000000000, 0.9238795325112869605, 1.000000000000000000, 0.9238795325112869605, 1.000000000000000000, 0.9238795325112869605, 1.000000000000000000, 0.9238795325112869605, 1.000000000000000000, 0.9238795325112869605, 1.000000000000000000, 0.9238795325112869605, 1.000000000000000000, 0.9238795325112869605, 1.000000000000000000, 0.9238795325112869605, 1.000000000000000000, 0.9238795325112869605, 1.000000000000000000, 0.9238795325112869605, 1.000000000000000000, 0.9238795325112869605, 1.000000000000000000, 0.9238795325112869605, 1.000000000000000000, 0.9238795325112869605, 1.000000000000000000, 0.9238795325112869605, 1.000000000000000000, 0.9238795325112869605, 1.000000000000000000, 0.9238795325112869605, 1.000000000000000000, 0.9238795325112869605, 1.000000000000000000, 0.9238795325112869605, 1.000000000000000000, 0.9238795325112869605, 1.000000000000000000, 0.9238795325112869605, 1.000000000000000000, 0.9238795325112869605, 1.000000000000000000, 0.9238795325112869605, 1.000000000000000000, 0.9238795325112869605, 1.000000000000000000, 0.9238795325112869605, 1.000000000000000000, 0.9238795325112869605, 1.000000000000000000, 0.9238795325112869605, 1.000000000000000000, 0.9238795325112869605, 1.000000000000000000, 0.9238795325112869605, 1.000000000000000000, 0.9238795325112869605, 1.000000000000000000, 0.9238795325112869605, 1.000000000000000000, 0.9238795325112869605, 1.000000000000000000, 0.9238795325112869605, 1.000000000000000000, 0.9238795325112869605, 1.000000000000000000, 0.9238795325112869605, 1.000000000000000000, 0.9238795325112869605, 1.000000000000000000, 0.9238795325112869605, 1.000000000000000000, 0.9238795325112869605, 1.000000000000000000, 0.9238795325112869605, 1.000000000000000000, 0.9238795325112869605, 1.000000000000000000, 0.9238795325112869605, 1.000000000000000000, 0.9238795325112869605, 1.000000000000000000, 0.9238795325112869605, 1.000000000000000000, 0.9238795325112869605, 1.000000000000000000, 0.9238795325112869605, 1.000000000000000000, 0.9238795325112869605, 1.000000000000000000, 0.9238795325112869605, 1.000000000000000000, 0.9238795325112869605, 1.000000000000000000, 0.9238795325112869605, 1.000000000000000000, 0.9238795325112869605, 1.000000000000000000, 0.9238795325112869605, 1.000000000000000000, 0.9238795325112869605, 1.000000000000000000, 0.9238795325112869605, 1.000000000000000000, 0.9238795325112869605, 1.000000000000000000, 0.9238795325112869605, 1.000000000000000000, 0.9238795325112869605, 1.000000000000000000, 0.9845860989767230009, 0.9754146279487850846, 0.9754146279487850846, 0.9754146279487850846),
 ( 1.000000000000000000, 0.9238795325112869605, 1.000000000000000000, 0.9238795325112869605, 1.000000000000000000, 0.9238795325112869605, 1.000000000000000000, 0.9238795325112869605, 1.000000000000000000, 0.9238795325112869605, 1.000000000000000000, 0.9238795325112869605, 1.000000000000000000, 0.9238795325112869605, 1.000000000000000000, 0.9238795325112869605, 1.000000000000000000, 0.9238795325112869605, 1.000000000000000000, 0.9238795325112869605, 1.000000000000000000, 0.9238795325112869605, 1.000000000000000000, 0.9238795325112869605, 1.000000000000000000, 0.9238795325112869605, 1.000000000000000000, 0.9238795325112869605, 1.000000000000000000, 0.9238795325112869605, 1.000000000000000000, 0.9238795325112869605, 1.000000000000000000, 0.9238795325112869605, 1.000000000000000000, 0.9238795325112869605, 1.000000000000000000, 0.9238795325112869605, 1.000000000000000000, 0.9238795325112869605, 1.000000000000000000, 0.9238795325112869605, 1.000000000000000000, 0.9238795325112869605, 1.000000000000000000, 0.9238795325112869605, 1.000000000000000000, 0.9238795325112869605, 1.000000000000000000, 0.9238795325112869605, 1.000000000000000000, 0.9238795325112869605, 1.000000000000000000, 0.9238795325112869605, 1.000000000000000000, 0.9238795325112869605, 1.000000000000000000, 0.9238795325112869605, 1.000000000000000000, 0.9238795325112869605, 1.000000000000000000, 0.9238795325112869605, 1.000000000000000000, 0.9238795325112869605, 1.000000000000000000, 0.9238795325112869605, 1.000000000000000000, 0.9238795325112869605, 1.000000000000000000, 0.9238795325112869605, 1.000000000000000000, 0.9238795325112869605, 1.000000000000000000, 0.9238795325112869605, 1.000000000000000000, 0.9238795325112869605, 1.000000000000000000, 0.9238795325112869605, 1.000000000000000000, 0.9238795325112869605, 1.000000000000000000, 0.9238795325112869605, 1.000000000000000000, 0.9238795325112869605, 1.000000000000000000, 0.9238795325112869605, 1.000000000000000000, 0.9238795325112869605, 1.000000000000000000, 0.9238795325112869605, 1.000000000000000000, 0.9238795325112869605, 1.000000000000000000, 0.9238795325112869605, 1.000000000000000000, 0.9238795325112869605, 1.000000000000000000, 0.9238795325112869605, 1.000000000000000000, 0.9238795325112869605, 1.000000000000000000, 0.9238795325112869605, 1.000000000000000000, 0.9238795325112869605, 1.000000000000000000, 0.9238795325112869605, 1.000000000000000000, 0.9238795325112869605, 1.000000000000000000, 0.9238795325112869605, 1.000000000000000000, 0.9238795325112869605, 1.000000000000000000, 0.9238795325112869605, 1.000000000000000000, 0.9238795325112869605, 1.000000000000000000, 0.9238795325112869605, 1.000000000000000000, 0.9238795325112869605, 1.000000000000000000, 0.9238795325112869605, 1.000000000000000000, 0.9238795325112869605, 1.000000000000000000, 0.9238795325112869605, 1.000000000000000000, 0.9238795325112869605, 1.000000000000000000, 0.9238795325112869605, 1.000000000000000000, 0.9238795325112869605, 1.000000000000000000, 0.9238795325112869605, 1.000000000000000000, 0.9238795325112869605, 1.000000000000000000, 0.9238795325112869605, 1.000000000000000000, 0.9238795325112869605, 1.000000000000000000, 0.9238795325112869605, 1.000000000000000000, 0.9238795325112869605, 1.000000000000000000, 0.9238795325112869605, 1.000000000000000000, 0.9238795325112869605, 1.000000000000000000, 0.9238795325112869605, 1.000000000000000000, 0.9238795325112869605, 1.000000000000000000, 0.9238795325112869605, 1.000000000000000000, 0.9238795325112869605, 1.000000000000000000, 0.9238795325112869605, 1.000000000000000000, 0.9238795325112869605, 1.000000000000000000, 0.9238795325112869605, 1.000000000000000000, 0.9238795325112869605, 1.000000000000000000, 0.9238795325112869605, 1.000000000000000000, 0.9845860989767230009, 0.9754146279487850846, 0.9754146279487850846, 0.9754146279487850846) ) ) 
 REPRESENTATION_ITEM ( '' )  SURFACE ( )  );
#985 =( GEOMETRIC_REPRESENTATION_CONTEXT ( 3 ) GLOBAL_UNCERTAINTY_ASSIGNED_CONTEXT ( ( #53 ) ) GLOBAL_UNIT_ASSIGNED_CONTEXT ( ( #2774, #4572, #4536 ) ) REPRESENTATION_CONTEXT ( 'NONE', 'WORKASPACE' ) );
#986 = SURFACE_SIDE_STYLE ('',( #2239 ) ) ;
#987 = CARTESIAN_POINT ( 'NONE',  ( 3.564597481964779657, 6.120234720524399620E-15, 71.62375164472138067 ) ) ;
#988 = DIRECTION ( 'NONE',  ( 1.000000000000000000, 0.000000000000000000, 0.000000000000000000 ) ) ;
#989 = COLOUR_RGB ( '',0.7529411764705882248, 0.7529411764705882248, 0.000000000000000000 ) ;
#990 = CARTESIAN_POINT ( 'NONE',  ( -3.535533905932735088, 0.4062499965860175144, -3.535533905932739973 ) ) ;
#991 = CARTESIAN_POINT ( 'NONE',  ( 5.676582343749999815, -11.85937500170700076, 0.000000000000000000 ) ) ;
#992 = CARTESIAN_POINT ( 'NONE',  ( 5.676582343750004256, -10.37500000170699366, -2.351317394708899666 ) ) ;
#993 = ADVANCED_FACE ( 'NONE', ( #5016 ), #7497, .T. ) ;
#994 = VERTEX_POINT ( 'NONE', #4474 ) ;
#995 = CARTESIAN_POINT ( 'NONE',  ( 3.535533905932735088, -6.468750003413979321, 3.535533905932739973 ) ) ;
#996 = CARTESIAN_POINT ( 'NONE',  ( -2.806145242566969955, 1.006706206108926249, 50.05740212079220441 ) ) ;
#997 = EDGE_CURVE ( 'NONE', #2621, #4539, #5811, .T. ) ;
#998 = SURFACE_SIDE_STYLE ('',( #1670 ) ) ;
#999 = ORIENTED_EDGE ( 'NONE', *, *, #1351, .T. ) ;
#1000 = CARTESIAN_POINT ( 'NONE',  ( -0.7984963986496758093, -2.189820322145073828, 50.37710805906952771 ) ) ;
#1001 = CARTESIAN_POINT ( 'NONE',  ( -2.351317394708905439, -5.843750001706994546, 5.676582343750006032 ) ) ;
#1002 = PRESENTATION_LAYER_ASSIGNMENT (  '', '', ( #6061 ) ) ;
#1003 = CARTESIAN_POINT ( 'NONE',  ( -5.000000000000000000, -11.62500000000000000, -6.123233995736771213E-16 ) ) ;
#1004 = CARTESIAN_POINT ( 'NONE',  ( -2.473887233471997682, 1.966549503919730268, 62.93822066510286817 ) ) ;
#1005 = ORIENTED_EDGE ( 'NONE', *, *, #7687, .T. ) ;
#1006 = CARTESIAN_POINT ( 'NONE',  ( 0.07561266739303257323, -1.160701626058569857, 49.78912285954830708 ) ) ;
#1007 = CARTESIAN_POINT ( 'NONE',  ( 2.071067811865459962, -4.984375000000025757, 4.999999999999962697 ) ) ;
#1008 = CARTESIAN_POINT ( 'NONE',  ( -2.862676667485246629, 4.499999999999997335, 55.77147151714466844 ) ) ;
#1009 = EDGE_CURVE ( 'NONE', #2343, #6837, #1439, .T. ) ;
#1010 =( GEOMETRIC_REPRESENTATION_CONTEXT ( 3 ) GLOBAL_UNCERTAINTY_ASSIGNED_CONTEXT ( ( #5031 ) ) GLOBAL_UNIT_ASSIGNED_CONTEXT ( ( #914, #1508, #872 ) ) REPRESENTATION_CONTEXT ( 'NONE', 'WORKASPACE' ) );
#1011 = ORIENTED_EDGE ( 'NONE', *, *, #7393, .T. ) ;
#1012 = CARTESIAN_POINT ( 'NONE',  ( -1.322662189068687821, -1.377513150277023923, 48.66430956013210363 ) ) ;
#1013 = CARTESIAN_POINT ( 'NONE',  ( 0.8499999999999999778, 0.000000000000000000, -1.472243186433543904 ) ) ;
#1014 = CARTESIAN_POINT ( 'NONE',  ( 3.488588866878079120, 0.7806986699331307511, 71.62787669057625806 ) ) ;
#1015 = CARTESIAN_POINT ( 'NONE',  ( -0.3461992245439514670, -2.923806530756155375, 69.33231464406412670 ) ) ;
#1016 = CARTESIAN_POINT ( 'NONE',  ( 2.555173765024552512, 1.966549503919724717, 61.16308230341898877 ) ) ;
#1017 = COLOUR_RGB ( '',1.000000000000000000, 1.000000000000000000, 0.000000000000000000 ) ;
#1018 = CIRCLE ( 'NONE', #7672, 6.000000000000000000 ) ;
#1019 = CONICAL_SURFACE ( 'NONE', #3050, 8.000000000000000000, 0.7853981633974503884 ) ;
#1020 = CARTESIAN_POINT ( 'NONE',  ( 3.475904198684909876E-16, -3.890625001706990105, -5.676582343749999815 ) ) ;
#1021 = CARTESIAN_POINT ( 'NONE',  ( -3.535533905932704890, -1.781250000000025091, -3.535533905932704890 ) ) ;
#1022 = FACE_BOUND ( 'NONE', #2140, .T. ) ;
#1023 = VERTEX_POINT ( 'NONE', #7166 ) ;
#1024 = FILL_AREA_STYLE_COLOUR ( '', #779 ) ;
#1025 = CARTESIAN_POINT ( 'NONE',  ( -3.104154834607505187, -0.1238540719910467824, 50.08955046547200141 ) ) ;
#1026 = APPLICATION_PROTOCOL_DEFINITION ( 'draft international standard', 'automotive_design', 1998, #5741 ) ;
#1027 = CARTESIAN_POINT ( 'NONE',  ( 8.922889085312638358, 4.477253316603870700E-16, 32.77463669513984712 ) ) ;
#1028 = PRESENTATION_LAYER_ASSIGNMENT (  '', '', ( #276 ) ) ;
#1029 = AXIS2_PLACEMENT_3D ( 'NONE', #3606, #3051, #4274 ) ;
#1030 = CARTESIAN_POINT ( 'NONE',  ( 4.013949869229449519, -10.29687500170700076, -4.013949869229449519 ) ) ;
#1031 = ORIENTED_EDGE ( 'NONE', *, *, #7744, .F. ) ;
#1032 = PLANE ( 'NONE',  #4808 ) ;
#1033 = PRESENTATION_STYLE_ASSIGNMENT (( #2748 ) ) ;
#1034 = PRODUCT_RELATED_PRODUCT_CATEGORY ( 'part', '', ( #2202 ) ) ;
#1035 = CARTESIAN_POINT ( 'NONE',  ( -2.246693820822800003, 6.007701435643800150E-16, 61.42368334131539598 ) ) ;
#1036 = VERTEX_POINT ( 'NONE', #3684 ) ;
#1037 = CARTESIAN_POINT ( 'NONE',  ( 0.3379544841339809369, -1.557905432564310244, 50.87528256829450157 ) ) ;
#1038 =( GEOMETRIC_REPRESENTATION_CONTEXT ( 3 ) GLOBAL_UNCERTAINTY_ASSIGNED_CONTEXT ( ( #2190 ) ) GLOBAL_UNIT_ASSIGNED_CONTEXT ( ( #1148, #7290, #7763 ) ) REPRESENTATION_CONTEXT ( 'NONE', 'WORKASPACE' ) );
#1039 = CARTESIAN_POINT ( 'NONE',  ( 5.676582343750006032, -4.125000001706988328, -2.351317394708899666 ) ) ;
#1040 = CARTESIAN_POINT ( 'NONE',  ( -9.184850993605149917E-16, -11.31250000000000000, 5.000000000000000000 ) ) ;
#1041 = CARTESIAN_POINT ( 'NONE',  ( 4.013949869229449519, -12.95312500170700076, -4.013949869229449519 ) ) ;
#1042 = ORIENTED_EDGE ( 'NONE', *, *, #319, .F. ) ;
#1043 = CARTESIAN_POINT ( 'NONE',  ( -0.9594175092051240306, -2.238416288770082918, 51.12247551096329090 ) ) ;
#1044 = ORIENTED_EDGE ( 'NONE', *, *, #5234, .T. ) ;
#1045 = SURFACE_STYLE_FILL_AREA ( #5891 ) ;
#1046 = CARTESIAN_POINT ( 'NONE',  ( -6.053203230275529201, 4.210830322920400270, -5.515544456622719416 ) ) ;
#1047 = ADVANCED_FACE ( 'NONE', ( #7211 ), #498, .T. ) ;
#1048 = ORIENTED_EDGE ( 'NONE', *, *, #2722, .F. ) ;
#1049 = CARTESIAN_POINT ( 'NONE',  ( 3.535533905932779941, -12.09375000000000000, -3.535533905932779941 ) ) ;
#1050 = CARTESIAN_POINT ( 'NONE',  ( 5.000000000000000000, -13.50000000000000000, 0.000000000000000000 ) ) ;
#1051 = CARTESIAN_POINT ( 'NONE',  ( -2.071067811875868969, -3.109374999999470202, -4.999999999989555022 ) ) ;
#1052 = PLANE ( 'NONE',  #232 ) ;
#1053 = STYLED_ITEM ( 'NONE', ( #1201 ), #7452 ) ;
#1054 = CARTESIAN_POINT ( 'NONE',  ( -1.042771259605471878E-15, -2.171875001706990105, 5.676582343749999815 ) ) ;
#1055 = CARTESIAN_POINT ( 'NONE',  ( -2.350577425142852395, -0.7806986699330383805, 71.94477272507658938 ) ) ;
#1056 = CARTESIAN_POINT ( 'NONE',  ( -5.689335439649684467, 0.3748791082669053476, 6.145773977242963149 ) ) ;
#1057 = SURFACE_SIDE_STYLE ('',( #978 ) ) ;
#1058 = CARTESIAN_POINT ( 'NONE',  ( 3.475904198684909876E-16, -1.390625001706991881, -5.676582343749999815 ) ) ;
#1059 = CARTESIAN_POINT ( 'NONE',  ( 4.414844607846999835, -0.3200524223806365254, 69.07392914258790029 ) ) ;
#1060 = CARTESIAN_POINT ( 'NONE',  ( 5.676582343750004256, -13.03125000170699010, -2.351317394708899666 ) ) ;
#1061 = ADVANCED_FACE ( 'NONE', ( #5314 ), #2444, .T. ) ;
#1062 = EDGE_LOOP ( 'NONE', ( #1636, #7289, #6162, #2318, #6666 ) ) ;
#1063 = DIRECTION ( 'NONE',  ( 0.000000000000000000, 0.000000000000000000, -1.000000000000000000 ) ) ;
#1064 = ORIENTED_EDGE ( 'NONE', *, *, #5040, .F. ) ;
#1065 = DIRECTION ( 'NONE',  ( -0.9237192430873120141, 0.000000000000000000, -0.3830701762734909921 ) ) ;
#1066 = CARTESIAN_POINT ( 'NONE',  ( -0.06318749103305430770, 4.477253316603870700E-16, 49.62022829881479424 ) ) ;
#1067 = AXIS2_PLACEMENT_3D ( 'NONE', #2547, #5539, #848 ) ;
#1068 = CARTESIAN_POINT ( 'NONE',  ( -5.676582343750004256, -7.406250001706987440, -2.351317394708899666 ) ) ;
#1069 = VERTEX_POINT ( 'NONE', #7247 ) ;
#1070 = PLANE ( 'NONE',  #1926 ) ;
#1071 = CARTESIAN_POINT ( 'NONE',  ( 0.7009886215137843823, 0.8530333139058851044, 50.20769187517783649 ) ) ;
#1072 = CARTESIAN_POINT ( 'NONE',  ( -0.4182635142140681550, -3.199999999999998845, 61.32445302579654367 ) ) ;
#1073 = CARTESIAN_POINT ( 'NONE',  ( -2.458099246811912497, -1.978915863815397636, 50.59416449956284367 ) ) ;
#1074 = CARTESIAN_POINT ( 'NONE',  ( -2.351317394708899666, -5.062500001706985664, -5.676582343750006032 ) ) ;
#1075 = CARTESIAN_POINT ( 'NONE',  ( 3.535533905932735088, -8.656250000000000000, 3.535533905932739973 ) ) ;
#1076 = VERTEX_POINT ( 'NONE', #7121 ) ;
#1077 = CARTESIAN_POINT ( 'NONE',  ( -0.3821574869982335976, -2.063731267368350775, 51.01362385534646648 ) ) ;
#1078 = CARTESIAN_POINT ( 'NONE',  ( -9.237604307034001039, 1.237604307033950191, 6.478578814905459465E-14 ) ) ;
#1079 = ORIENTED_EDGE ( 'NONE', *, *, #5543, .F. ) ;
#1080 = CARTESIAN_POINT ( 'NONE',  ( 1.548040796805536967, 4.252607504388783433, -7.999975764965439495 ) ) ;
#1081 = CARTESIAN_POINT ( 'NONE',  ( -4.618802153517040487, 3.162395692965989991, -8.000000000000000000 ) ) ;
#1082 = VERTEX_POINT ( 'NONE', #5948 ) ;
#1083 = ADVANCED_FACE ( 'NONE', ( #4350 ), #4755, .T. ) ;
#1084 = PRODUCT_DEFINITION_CONTEXT ( 'detailed design', #2465, 'design' ) ;
#1085 = CARTESIAN_POINT ( 'NONE',  ( 0.000000000000000000, -13.50000000000000000, 5.000000000000000000 ) ) ;
#1086 = DIRECTION ( 'NONE',  ( -0.05419102103501258205, -2.531900870405029808E-15, -0.9985305870323567534 ) ) ;
#1087 = CARTESIAN_POINT ( 'NONE',  ( 1.348733113692082375, -2.923806530756111854, 71.74400830400777807 ) ) ;
#1088 = DIRECTION ( 'NONE',  ( 0.000000000000000000, 1.000000000000000000, 0.000000000000000000 ) ) ;
#1089 = MECHANICAL_DESIGN_GEOMETRIC_PRESENTATION_REPRESENTATION (  '', ( #74 ), #2099 ) ;
#1090 = CARTESIAN_POINT ( 'NONE',  ( 3.010579128930434490E-11, -12.56249999999885958, 5.000000000000000000 ) ) ;
#1091 = CARTESIAN_POINT ( 'NONE',  ( -7.501464135280696333, 0.08170811633308922017, 3.007388522248151119 ) ) ;
#1092 = ORIENTED_EDGE ( 'NONE', *, *, #2447, .T. ) ;
#1093 = CARTESIAN_POINT ( 'NONE',  ( -4.618802153517040487, 1.237604307033952189, -8.000000000000000000 ) ) ;
#1094 = EDGE_LOOP ( 'NONE', ( #2945, #7734, #3929, #2226 ) ) ;
#1095 = CARTESIAN_POINT ( 'NONE',  ( 11.16227881057209714, 2.750000000000001776, 20.43400127884240547 ) ) ;
#1096 = CARTESIAN_POINT ( 'NONE',  ( -4.013949869229449519, -0.1406250017069906044, -4.013949869229449519 ) ) ;
#1097 = CARTESIAN_POINT ( 'NONE',  ( -8.428496933870317065, 3.856135335472625769, -1.401389926202715186 ) ) ;
#1098 = CARTESIAN_POINT ( 'NONE',  ( -2.351317394708905439, -8.343750001706986552, 5.676582343750004256 ) ) ;
#1099 = STYLED_ITEM ( 'NONE', ( #338 ), #1138 ) ;
#1100 = ORIENTED_EDGE ( 'NONE', *, *, #7667, .T. ) ;
#1101 = CARTESIAN_POINT ( 'NONE',  ( 0.6340862214147030551, 1.003300630246441782, 50.21493102973578004 ) ) ;
#1102 = CARTESIAN_POINT ( 'NONE',  ( -1.280363805555795986, 3.613021264067779903, 69.38301247257049909 ) ) ;
#1103 = FILL_AREA_STYLE ('',( #1778 ) ) ;
#1104 = STYLED_ITEM ( 'NONE', ( #2309 ), #2691 ) ;
#1105 = CARTESIAN_POINT ( 'NONE',  ( 5.676582343749999815, -1.703125001706990105, 0.000000000000000000 ) ) ;
#1106 = CARTESIAN_POINT ( 'NONE',  ( -5.000000000000005329, -7.796875000000000000, 2.071067811865475949 ) ) ;
#1107 = CARTESIAN_POINT ( 'NONE',  ( 3.276584410056075924, 0.4188790204786347338, 62.62613815722317412 ) ) ;
#1108 = VERTEX_POINT ( 'NONE', #5757 ) ;
#1109 = CARTESIAN_POINT ( 'NONE',  ( -1.980668500211880234, -1.690158124488409852, 49.97261338324196345 ) ) ;
#1110 = CARTESIAN_POINT ( 'NONE',  ( -0.2957558691848059529, -0.8658909590688482760, 48.55621506927686681 ) ) ;
#1111 = ORIENTED_EDGE ( 'NONE', *, *, #2161, .T. ) ;
#1112 = CYLINDRICAL_SURFACE ( 'NONE', #3450, 5.000000000000000000 ) ;
#1113 = CARTESIAN_POINT ( 'NONE',  ( 13.62500000000000000, 3.533254742261115176E-16, 0.000000000000000000 ) ) ;
#1114 = EDGE_LOOP ( 'NONE', ( #881, #2751, #2988, #1790 ) ) ;
#1115 = CARTESIAN_POINT ( 'NONE',  ( 2.738236337499214985E-11, -11.93750000000101963, -5.000000000000000000 ) ) ;
#1116 = CARTESIAN_POINT ( 'NONE',  ( 5.000000000000000000, -10.06250000341399975, 0.000000000000000000 ) ) ;
#1117 =( LENGTH_UNIT ( ) NAMED_UNIT ( * ) SI_UNIT ( .MILLI., .METRE. ) );
#1118 = VECTOR ( 'NONE', #3245, 1000.000000000000000 ) ;
#1119 = FACE_OUTER_BOUND ( 'NONE', #6714, .T. ) ;
#1120 = AXIS2_PLACEMENT_3D ( 'NONE', #3885, #2155, #3396 ) ;
#1121 = CARTESIAN_POINT ( 'NONE',  ( 3.564597481964779657, 6.120234720524399620E-15, 71.62375164472138067 ) ) ;
#1122 = CARTESIAN_POINT ( 'NONE',  ( -9.184850993605149917E-16, -1.625000003413984873, 5.000000000000000000 ) ) ;
#1123 = PRESENTATION_LAYER_ASSIGNMENT (  '', '', ( #1758 ) ) ;
#1124 = CARTESIAN_POINT ( 'NONE',  ( 0.2017196276121399623, -1.796558187087344293E-08, -5.420305986127819331 ) ) ;
#1125 = PRODUCT_RELATED_PRODUCT_CATEGORY ( 'part', '', ( #3545 ) ) ;
#1126 =( NAMED_UNIT ( * ) SI_UNIT ( $, .STERADIAN. ) SOLID_ANGLE_UNIT ( ) );
#1127 = CARTESIAN_POINT ( 'NONE',  ( 3.061616997868385113E-16, -8.500000003413980210, -5.000000000000000000 ) ) ;
#1128 = CARTESIAN_POINT ( 'NONE',  ( -8.481325356057404008, 0.5529549580292575373, 1.309904742726173632 ) ) ;
#1129 = AXIS2_PLACEMENT_3D ( 'NONE', #4224, #3714, #6101 ) ;
#1130 = CARTESIAN_POINT ( 'NONE',  ( 2.351317394708899666, -10.84375000170699010, 5.676582343750004256 ) ) ;
#1131 = CARTESIAN_POINT ( 'NONE',  ( -1.699999999999999956, 0.000000000000000000, 0.000000000000000000 ) ) ;
#1132 = CARTESIAN_POINT ( 'NONE',  ( -1.042771259605471878E-15, -3.421875001706990105, 5.676582343749999815 ) ) ;
#1133 = ORIENTED_EDGE ( 'NONE', *, *, #4747, .T. ) ;
#1134 =( NAMED_UNIT ( * ) PLANE_ANGLE_UNIT ( ) SI_UNIT ( $, .RADIAN. ) );
#1135 = VERTEX_POINT ( 'NONE', #977 ) ;
#1136 = AXIS2_PLACEMENT_3D ( 'NONE', #4821, #1795, #2950 ) ;
#1137 = ITEM_DEFINED_TRANSFORMATION ( 'NONE', 'NONE', #5457,  #4697 ) ;
#1138 = ADVANCED_FACE ( 'NONE', ( #5076 ), #7479, .T. ) ;
#1139 =( NAMED_UNIT ( * ) PLANE_ANGLE_UNIT ( ) SI_UNIT ( $, .RADIAN. ) );
#1140 = EDGE_CURVE ( 'NONE', #3443, #5914, #6614, .T. ) ;
#1141 = CARTESIAN_POINT ( 'NONE',  ( 2.351317394708899666, -12.71875000170700964, -5.676582343750006032 ) ) ;
#1142 = AXIS2_PLACEMENT_3D ( 'NONE', #7146, #5973, #4172 ) ;
#1143 = CARTESIAN_POINT ( 'NONE',  ( 3.061616997868385113E-16, -11.00000000341397843, -5.000000000000000000 ) ) ;
#1144 = LINE ( 'NONE', #2451, #7675 ) ;
#1145 = APPLICATION_CONTEXT ( 'automotive_design' ) ;
#1146 = CARTESIAN_POINT ( 'NONE',  ( 5.676582343750004256, -9.125000001706995434, -2.351317394708899666 ) ) ;
#1147 = EDGE_LOOP ( 'NONE', ( #4217, #6492 ) ) ;
#1148 =( LENGTH_UNIT ( ) NAMED_UNIT ( * ) SI_UNIT ( .MILLI., .METRE. ) );
#1149 = CARTESIAN_POINT ( 'NONE',  ( -2.752162649471479927, 1.083433584423009854, 50.05166118238769712 ) ) ;
#1150 = DIRECTION ( 'NONE',  ( -0.8660254037844394848, 0.000000000000000000, -0.4999999999999986122 ) ) ;
#1151 = MECHANICAL_DESIGN_GEOMETRIC_PRESENTATION_REPRESENTATION (  '', ( #2809 ), #7069 ) ;
#1152 = CARTESIAN_POINT ( 'NONE',  ( 3.475904198684909876E-16, -3.890625001706990105, -5.676582343749999815 ) ) ;
#1153 = CARTESIAN_POINT ( 'NONE',  ( 3.535533905932739973, -8.343750000000000000, -3.535533905932739973 ) ) ;
#1154 = CIRCLE ( 'NONE', #2554, 7.649999999999999467 ) ;
#1155 = CARTESIAN_POINT ( 'NONE',  ( 5.676582343749999815, -13.10937500170700076, 0.000000000000000000 ) ) ;
#1156 = ORIENTED_EDGE ( 'NONE', *, *, #7093, .F. ) ;
#1157 = CARTESIAN_POINT ( 'NONE',  ( 13.62500000000000000, 3.533254742261115176E-16, -65.48512825965229922 ) ) ;
#1158 = AXIS2_PLACEMENT_3D ( 'NONE', #6345, #3960, #7520 ) ;
#1159 = ORIENTED_EDGE ( 'NONE', *, *, #3826, .F. ) ;
#1160 = CARTESIAN_POINT ( 'NONE',  ( 3.276584410056075036, 1.773067283249504962E-15, 62.62613815722311017 ) ) ;
#1161 = FACE_OUTER_BOUND ( 'NONE', #5219, .T. ) ;
#1162 = ORIENTED_EDGE ( 'NONE', *, *, #4341, .F. ) ;
#1163 = PRESENTATION_STYLE_ASSIGNMENT (( #3467 ) ) ;
#1164 = PRODUCT_DEFINITION_CONTEXT ( 'detailed design', #5173, 'design' ) ;
#1165 = CARTESIAN_POINT ( 'NONE',  ( 12.53592464316425925, 6.161142665431478987E-16, 10.88671310266082060 ) ) ;
#1166 = LINE ( 'NONE', #1085, #4002 ) ;
#1167 = CARTESIAN_POINT ( 'NONE',  ( -3.535533905932729759, -10.53125000000000000, -3.535533905932729759 ) ) ;
#1168 = DIRECTION ( 'NONE',  ( 0.000000000000000000, -1.000000000000000000, 0.000000000000000000 ) ) ;
#1169 = CARTESIAN_POINT ( 'NONE',  ( -1.833896297450940072, -3.292968841687144987, 69.41305310557808639 ) ) ;
#1170 = DIRECTION ( 'NONE',  ( 0.000000000000000000, 1.000000000000000000, 0.000000000000000000 ) ) ;
#1171 = STYLED_ITEM ( 'NONE', ( #159 ), #6904 ) ;
#1172 = CARTESIAN_POINT ( 'NONE',  ( 1.506834058996257886, -3.422231010235918767E-09, -5.122966899733476076 ) ) ;
#1173 = UNCERTAINTY_MEASURE_WITH_UNIT (LENGTH_MEASURE( 1.000000000000000082E-05 ), #770, 'distance_accuracy_value', 'NONE');
#1174 = SURFACE_STYLE_FILL_AREA ( #7241 ) ;
#1175 = PRESENTATION_LAYER_ASSIGNMENT (  '', '', ( #26 ) ) ;
#1176 = DIRECTION ( 'NONE',  ( 0.000000000000000000, 0.000000000000000000, -1.000000000000000000 ) ) ;
#1177 = CARTESIAN_POINT ( 'NONE',  ( 4.599355438478710312, 1.981944279537670273, 69.06391559825200943 ) ) ;
#1178 = EDGE_CURVE ( 'NONE', #4938, #567, #6933, .T. ) ;
#1179 = CARTESIAN_POINT ( 'NONE',  ( -2.351317394708905439, -8.500000001706998987, 5.676582343750004256 ) ) ;
#1180 = CARTESIAN_POINT ( 'NONE',  ( 2.071067811865475949, -0.2968750034139832072, 4.999999999999994671 ) ) ;
#1181 = CARTESIAN_POINT ( 'NONE',  ( -2.351317394708905439, -6.000000001706996322, 5.676582343750006032 ) ) ;
#1182 = CARTESIAN_POINT ( 'NONE',  ( -2.071067811866344144, -6.390625000000034639, 4.999999999999182876 ) ) ;
#1183 = CARTESIAN_POINT ( 'NONE',  ( -6.232826420754327579, 4.282133885681987273, 5.204721526028976974 ) ) ;
#1184 = EDGE_LOOP ( 'NONE', ( #6326, #2282, #1031, #1625, #5130, #358 ) ) ;
#1185 = APPLICATION_PROTOCOL_DEFINITION ( 'draft international standard', 'automotive_design', 1998, #7193 ) ;
#1186 = CARTESIAN_POINT ( 'NONE',  ( -1.292377006071389944, 6.161142665431478987E-16, 60.68143081094149949 ) ) ;
#1187 = CARTESIAN_POINT ( 'NONE',  ( 4.013949869229449519, -10.60937500170700076, 4.013949869229449519 ) ) ;
#1188 = CARTESIAN_POINT ( 'NONE',  ( -8.766532150821271685, 3.605902529102067877, -0.8159156497178682299 ) ) ;
#1189 = CARTESIAN_POINT ( 'NONE',  ( -5.676582343750004256, -3.656250001706994546, -2.351317394708899666 ) ) ;
#1190 = ORIENTED_EDGE ( 'NONE', *, *, #4323, .F. ) ;
#1191 = CARTESIAN_POINT ( 'NONE',  ( -0.2707610554192644847, 1.482270476401060133, 49.81792936274929673 ) ) ;
#1192 = SURFACE_STYLE_FILL_AREA ( #2334 ) ;
#1193 = VECTOR ( 'NONE', #3179, 1000.000000000000000 ) ;
#1194 = CARTESIAN_POINT ( 'NONE',  ( 5.000000000000005329, -8.734375003413980210, -2.071067811865475949 ) ) ;
#1195 = CARTESIAN_POINT ( 'NONE',  ( -9.184850993605149917E-16, -10.06250000000000000, 5.000000000000000000 ) ) ;
#1196 = CARTESIAN_POINT ( 'NONE',  ( 5.676582343750006032, -11.93750000170698833, 2.351317394708905439 ) ) ;
#1197 = ORIENTED_EDGE ( 'NONE', *, *, #2104, .F. ) ;
#1198 = AXIS2_PLACEMENT_3D ( 'NONE', #2423, #5337, #4816 ) ;
#1199 = CARTESIAN_POINT ( 'NONE',  ( -2.326338686286188118, -0.9663696538160628791, 48.76444003358224677 ) ) ;
#1200 = ORIENTED_EDGE ( 'NONE', *, *, #436, .F. ) ;
#1201 = PRESENTATION_STYLE_ASSIGNMENT (( #1321 ) ) ;
#1202 = DIRECTION ( 'NONE',  ( 1.000000000000000000, 0.000000000000000000, 0.000000000000000000 ) ) ;
#1203 = ORIENTED_EDGE ( 'NONE', *, *, #1867, .T. ) ;
#1204 = FACE_OUTER_BOUND ( 'NONE', #1400, .T. ) ;
#1205 = EDGE_CURVE ( 'NONE', #3140, #6472, #2930, .T. ) ;
#1206 = CARTESIAN_POINT ( 'NONE',  ( -5.000000000000000000, -2.875000000000000000, -6.123233995736720923E-16 ) ) ;
#1207 = DIRECTION ( 'NONE',  ( 0.000000000000000000, 0.000000000000000000, 1.000000000000000000 ) ) ;
#1208 =( NAMED_UNIT ( * ) SI_UNIT ( $, .STERADIAN. ) SOLID_ANGLE_UNIT ( ) );
#1209 = CARTESIAN_POINT ( 'NONE',  ( 3.535533905932729759, -9.593750000000000000, -3.535533905932729759 ) ) ;
#1210 = CARTESIAN_POINT ( 'NONE',  ( 0.000000000000000000, -13.50000000000000000, 0.000000000000000000 ) ) ;
#1211 = CARTESIAN_POINT ( 'NONE',  ( 2.071067811865461739, -0.2968750034139834293, 5.000000000000011546 ) ) ;
#1212 = CARTESIAN_POINT ( 'NONE',  ( 0.2041201391264895471, 1.682774337664262321, 50.90118062720376457 ) ) ;
#1213 =( NAMED_UNIT ( * ) PLANE_ANGLE_UNIT ( ) SI_UNIT ( $, .RADIAN. ) );
#1214 = CARTESIAN_POINT ( 'NONE',  ( -7.721453705627959962, 0.1536023270844509292, 2.626199047097044215 ) ) ;
#1215 = CARTESIAN_POINT ( 'NONE',  ( 5.676582343750004256, -11.93750000170698833, 2.351317394708905439 ) ) ;
#1216 = CARTESIAN_POINT ( 'NONE',  ( 3.061616997868385113E-16, -2.250000003413984651, -5.000000000000000000 ) ) ;
#1217 = CARTESIAN_POINT ( 'NONE',  ( -4.013949869229449519, -7.328125001706989217, 4.013949869229449519 ) ) ;
#1218 = CARTESIAN_POINT ( 'NONE',  ( -6.355206926956034508, 4.318291883666590003, 4.992764245608584339 ) ) ;
#1219 = MECHANICAL_DESIGN_GEOMETRIC_PRESENTATION_REPRESENTATION (  '', ( #211 ), #985 ) ;
#1220 = CARTESIAN_POINT ( 'NONE',  ( 4.247113801751139839, 1.981944279537670273, 62.57346678254169348 ) ) ;
#1221 = CARTESIAN_POINT ( 'NONE',  ( 5.676582343749999815, -0.6093750017069909930, 0.000000000000000000 ) ) ;
#1222 = CARTESIAN_POINT ( 'NONE',  ( 6.272604014112051374, 4.293404661837946001, 5.135526346581857027 ) ) ;
#1223 =( LENGTH_UNIT ( ) NAMED_UNIT ( * ) SI_UNIT ( .MILLI., .METRE. ) );
#1224 = CARTESIAN_POINT ( 'NONE',  ( -5.676582343750004256, -2.250000001706990549, 2.351317394708899666 ) ) ;
#1225 = ORIENTED_EDGE ( 'NONE', *, *, #508, .T. ) ;
#1226 = CARTESIAN_POINT ( 'NONE',  ( -2.032227184551402388, 0.2531292535837804669, 8.000001036316749747 ) ) ;
#1227 = CARTESIAN_POINT ( 'NONE',  ( -2.771857511764745485, 1.764249519606610361, 50.63815250693576075 ) ) ;
#1228 =( NAMED_UNIT ( * ) PLANE_ANGLE_UNIT ( ) SI_UNIT ( $, .RADIAN. ) );
#1229 = B_SPLINE_CURVE_WITH_KNOTS ( 'NONE', 3,
 ( #7156, #532, #1756, #2997, #1717, #5897 ),
 .UNSPECIFIED., .F., .F.,
 ( 4, 2, 4 ),
 ( 0.000000000000000000, 0.5000000000000003331, 1.000000000000000000 ),
 .UNSPECIFIED. ) ;
#1230 = CARTESIAN_POINT ( 'NONE',  ( -5.000000000000000000, -8.187500003413980210, -6.123233995736771213E-16 ) ) ;
#1231 = CARTESIAN_POINT ( 'NONE',  ( -3.535533905932739973, -7.718750000000000000, 3.535533905932735088 ) ) ;
#1232 = CARTESIAN_POINT ( 'NONE',  ( 4.013949869229449519, -9.515625001706990105, 4.013949869229449519 ) ) ;
#1233 = ORIENTED_EDGE ( 'NONE', *, *, #6428, .F. ) ;
#1234 =( BOUNDED_CURVE ( )  B_SPLINE_CURVE ( 2, ( #216, #85, #1991, #3151, #3230, #4415, #6804, #3112, #3831 ),
 .UNSPECIFIED., .F., .F. ) 
 B_SPLINE_CURVE_WITH_KNOTS ( ( 3, 2, 2, 2, 3 ),
 ( 0.3050966637339779797, 0.3090086508537079890, 0.3129206379734384980, 0.3168326250931684518, 0.3207446122128984611 ),
 .UNSPECIFIED. ) 
 CURVE ( )  GEOMETRIC_REPRESENTATION_ITEM ( )  RATIONAL_B_SPLINE_CURVE ( ( 1.000000000000000000, 0.9238795325112869605, 1.000000000000000000, 0.9238795325112869605, 1.000000000000000000, 0.9238795325112869605, 1.000000000000000000, 0.9238795325113678958, 0.9999999999999180655 ) ) 
 REPRESENTATION_ITEM ( '' )  );
#1235 = CARTESIAN_POINT ( 'NONE',  ( 0.7011273325769036280, -1.071474732849879707, 50.80544513916157001 ) ) ;
#1236 = SURFACE_STYLE_USAGE ( .BOTH. , #7732 ) ;
#1237 = DIRECTION ( 'NONE',  ( 0.000000000000000000, 0.000000000000000000, 1.000000000000000000 ) ) ;
#1238 = ORIENTED_EDGE ( 'NONE', *, *, #1776, .F. ) ;
#1239 = CARTESIAN_POINT ( 'NONE',  ( 2.412205700290597221, 3.492375585852335540, 69.18261389253376592 ) ) ;
#1240 = ADVANCED_FACE ( 'NONE', ( #4460 ), #3956, .F. ) ;
#1241 = CARTESIAN_POINT ( 'NONE',  ( 2.351317394708899666, -12.71875000170700964, -5.676582343750006032 ) ) ;
#1242 = CARTESIAN_POINT ( 'NONE',  ( -1.310991070213767706, 1.875691218635656909, 49.98733396873607404 ) ) ;
#1243 = DIRECTION ( 'NONE',  ( 8.659560562354899578E-17, -0.7071067811865500152, 0.7071067811865450192 ) ) ;
#1244 = CARTESIAN_POINT ( 'NONE',  ( 4.270041397737950106, -6.887325289849924151E-09, -2.773123636655205448 ) ) ;
#1245 =( LENGTH_UNIT ( ) NAMED_UNIT ( * ) SI_UNIT ( .MILLI., .METRE. ) );
#1246 = AXIS2_PLACEMENT_3D ( 'NONE', #5231, #6302, #304 ) ;
#1247 = UNCERTAINTY_MEASURE_WITH_UNIT (LENGTH_MEASURE( 1.000000000000000082E-05 ), #4868, 'distance_accuracy_value', 'NONE');
#1248 = CARTESIAN_POINT ( 'NONE',  ( -1.244143187156828034, 2.250041896469747726, 51.17500236623398280 ) ) ;
#1249 = CARTESIAN_POINT ( 'NONE',  ( -6.770773652600451165, 0.1756900339513825515, -0.3384082757329635593 ) ) ;
#1250 = CARTESIAN_POINT ( 'NONE',  ( -2.486054977730411064, 0.7806986699328578583, 69.44844625749567513 ) ) ;
#1251 = CARTESIAN_POINT ( 'NONE',  ( 5.676582343750004256, -8.031250001706993658, -2.351317394708899666 ) ) ;
#1252 = CARTESIAN_POINT ( 'NONE',  ( 3.535533905932735088, -0.2187500034139829852, 3.535533905932739973 ) ) ;
#1253 = CARTESIAN_POINT ( 'NONE',  ( -1.042771259605471878E-15, -4.671875001706989217, 5.676582343749999815 ) ) ;
#1254 = CARTESIAN_POINT ( 'NONE',  ( 4.013949869229449519, -7.015625001706990105, 4.013949869229449519 ) ) ;
#1255 = VECTOR ( 'NONE', #1683, 1000.000000000000000 ) ;
#1256 = FILL_AREA_STYLE_COLOUR ( '', #5059 ) ;
#1257 = SURFACE_SIDE_STYLE ('',( #5516 ) ) ;
#1258 = VECTOR ( 'NONE', #148, 1000.000000000000000 ) ;
#1259 = B_SPLINE_CURVE_WITH_KNOTS ( 'NONE', 3,
 ( #4430, #6817, #6857, #1342 ),
 .UNSPECIFIED., .F., .F.,
 ( 4, 4 ),
 ( 2.863740673551150415E-07, 0.0002710724117954860257 ),
 .UNSPECIFIED. ) ;
#1260 = CARTESIAN_POINT ( 'NONE',  ( -5.676582343750006032, -11.00000000170697945, 2.351317394708899666 ) ) ;
#1261 = CARTESIAN_POINT ( 'NONE',  ( -8.290080595638979588, 3.949844957499192954, -1.641064989130525120 ) ) ;
#1262 = DIRECTION ( 'NONE',  ( 0.000000000000000000, 1.000000000000000000, 0.000000000000000000 ) ) ;
#1263 =( GEOMETRIC_REPRESENTATION_CONTEXT ( 3 ) GLOBAL_UNCERTAINTY_ASSIGNED_CONTEXT ( ( #4954 ) ) GLOBAL_UNIT_ASSIGNED_CONTEXT ( ( #4575, #7449, #5649 ) ) REPRESENTATION_CONTEXT ( 'NONE', 'WORKASPACE' ) );
#1264 = CARTESIAN_POINT ( 'NONE',  ( 5.676582343750004256, -5.531250001706991881, 2.351317394708905439 ) ) ;
#1265 = AXIS2_PLACEMENT_3D ( 'NONE', #6963, #3984, #7469 ) ;
#1266 = ORIENTED_EDGE ( 'NONE', *, *, #4139, .F. ) ;
#1267 = EDGE_CURVE ( 'NONE', #7013, #6942, #5084, .T. ) ;
#1268 = CARTESIAN_POINT ( 'NONE',  ( -3.846964633890477714, 0.8516855472207407463, 7.999999999999988454 ) ) ;
#1269 = SURFACE_STYLE_FILL_AREA ( #1391 ) ;
#1270 = DIRECTION ( 'NONE',  ( 0.000000000000000000, -1.000000000000000000, 0.000000000000000000 ) ) ;
#1271 = CARTESIAN_POINT ( 'NONE',  ( -3.535533905932739973, -11.78125000341397843, 3.535533905932735088 ) ) ;
#1272 = AXIS2_PLACEMENT_3D ( 'NONE', #1332, #6966, #5751 ) ;
#1273 = CARTESIAN_POINT ( 'NONE',  ( -5.000000000000005329, -10.76562500341398021, -2.071067811865475949 ) ) ;
#1274 = EDGE_CURVE ( 'NONE', #2264, #4853, #1890, .T. ) ;
#1275 = CARTESIAN_POINT ( 'NONE',  ( 3.535533905932735088, -3.656250000000000000, 3.535533905932739973 ) ) ;
#1276 = CARTESIAN_POINT ( 'NONE',  ( 4.013949869229449519, -9.203125001706990105, -4.013949869229449519 ) ) ;
#1277 = ORIENTED_EDGE ( 'NONE', *, *, #6079, .F. ) ;
#1278 = CARTESIAN_POINT ( 'NONE',  ( 0.3200263767561778439, 0.7761922863222117108, 49.76915635963938911 ) ) ;
#1279 = PLANE ( 'NONE',  #6971 ) ;
#1280 = PRESENTATION_STYLE_ASSIGNMENT (( #42 ) ) ;
#1281 = EDGE_LOOP ( 'NONE', ( #7219, #4373, #924, #7262 ) ) ;
#1282 = CARTESIAN_POINT ( 'NONE',  ( 0.000000000000000000, -13.50000000000000000, 0.000000000000000000 ) ) ;
#1283 = PLANE ( 'NONE',  #3428 ) ;
#1284 = CARTESIAN_POINT ( 'NONE',  ( -5.676582343750006032, -12.25000000170699543, 2.351317394708899666 ) ) ;
#1285 = SURFACE_STYLE_FILL_AREA ( #5589 ) ;
#1286 = CARTESIAN_POINT ( 'NONE',  ( -0.4142927546824264895, 0.9986128956454458638, 48.56931065238259748 ) ) ;
#1287 = VECTOR ( 'NONE', #1711, 1000.000000000000000 ) ;
#1288 = EDGE_CURVE ( 'NONE', #930, #805, #5247, .T. ) ;
#1289 = SURFACE_STYLE_USAGE ( .BOTH. , #1842 ) ;
#1290 = DIRECTION ( 'NONE',  ( 0.000000000000000000, 0.000000000000000000, -1.000000000000000000 ) ) ;
#1291 = EDGE_CURVE ( 'NONE', #1082, #4539, #1229, .T. ) ;
#1292 = FACE_BOUND ( 'NONE', #3026, .T. ) ;
#1293 = CARTESIAN_POINT ( 'NONE',  ( 4.013949869229449519, -7.953125001706990993, -4.013949869229449519 ) ) ;
#1294 = CARTESIAN_POINT ( 'NONE',  ( 5.676582343749999815, -3.109375001706990105, 0.000000000000000000 ) ) ;
#1295 = CARTESIAN_POINT ( 'NONE',  ( 5.676582343750006032, -6.781250001706992769, -2.351317394708899666 ) ) ;
#1296 =( LENGTH_UNIT ( ) NAMED_UNIT ( * ) SI_UNIT ( .MILLI., .METRE. ) );
#1297 = B_SPLINE_CURVE_WITH_KNOTS ( 'NONE', 3,
 ( #575, #1549, #347, #3405, #5801, #7528, #7600, #3001, #6979, #1618, #2778, #4225, #314, #1583, #4607, #3970, #5159, #6571, #3998, #2205, #6387, #4033, #5384, #2817, #5203, #7781, #6422, #2349, #7159, #1124, #7746, #3555, #5939, #535, #2959, #1759, #5344, #4749, #4183, #1172, #2394, #4792, #7202, #3787, #3634, #6024, #135, #3115, #5506, #4990, #2513, #4418, #182, #1877, #3751, #3039, #4904, #7315, #3673, #5593, #3196, #4339, #3153, #5422, #2434, #1331, #1921, #2476, #4863, #6687, #2602, #1244, #6649, #4828, #1996, #650, #6726, #7239 ),
 .UNSPECIFIED., .F., .F.,
 ( 4, 2, 2, 1, 1, 1, 2, 2, 2, 2, 2, 2, 2, 1, 1, 1, 2, 2, 2, 2, 1, 1, 2, 2, 2, 2, 2, 2, 2, 2, 2, 1, 1, 1, 1, 2, 2, 2, 2, 1, 1, 1, 1, 2, 2, 2, 4 ),
 ( 0.000000000000000000, 0.06249999999999711342, 0.09374999999999561462, 0.1093749999999949207, 0.1171874999999945322, 0.1210937499999943379, 0.1230468749999942824, 0.1249999999999942130, 0.1874999999999952816, 0.2187499999999958367, 0.2499999999999963918, 0.3124999999999974465, 0.3437499999999979461, 0.3593749999999982236, 0.3671874999999983347, 0.3710937499999983902, 0.3730468749999984457, 0.3749999999999984457, 0.4374999999999995004, 0.4687500000000000555, 0.4843750000000003331, 0.4921875000000003886, 0.4960937500000004996, 0.5000000000000005551, 0.5625000000000009992, 0.5937500000000012212, 0.6093750000000012212, 0.6250000000000013323, 0.6875000000000012212, 0.7500000000000011102, 0.7812500000000011102, 0.7968750000000009992, 0.8046875000000008882, 0.8085937500000008882, 0.8105468750000008882, 0.8115234375000006661, 0.8125000000000005551, 0.8437499999999998890, 0.8593749999999994449, 0.8671874999999993339, 0.8710937499999993339, 0.8730468749999993339, 0.8740234374999993339, 0.8745117187499993339, 0.8749999999999993339, 0.9374999999999996669, 1.000000000000000000 ),
 .UNSPECIFIED. ) ;
#1298 =( NAMED_UNIT ( * ) SI_UNIT ( $, .STERADIAN. ) SOLID_ANGLE_UNIT ( ) );
#1299 = APPLICATION_CONTEXT ( 'automotive_design' ) ;
#1300 = AXIS2_PLACEMENT_3D ( 'NONE', #5450, #3187, #5581 ) ;
#1301 = CONTEXT_DEPENDENT_SHAPE_REPRESENTATION ( #5592, #497 ) ;
#1302 = CARTESIAN_POINT ( 'NONE',  ( 0.000000000000000000, 4.400000000000000355, 0.000000000000000000 ) ) ;
#1303 = CARTESIAN_POINT ( 'NONE',  ( -5.676582343750006032, -6.000000001706996322, 2.351317394708899666 ) ) ;
#1304 = CARTESIAN_POINT ( 'NONE',  ( 6.411930867382100274, 6.161142665431478987E-16, 31.61781053289665522 ) ) ;
#1305 = EDGE_CURVE ( 'NONE', #7072, #796, #4634, .T. ) ;
#1306 =( NAMED_UNIT ( * ) PLANE_ANGLE_UNIT ( ) SI_UNIT ( $, .RADIAN. ) );
#1307 = AXIS2_PLACEMENT_3D ( 'NONE', #7714, #4686, #4111 ) ;
#1308 = CARTESIAN_POINT ( 'NONE',  ( 2.351317394708899666, -3.968750001706992325, -5.676582343750004256 ) ) ;
#1309 = EDGE_CURVE ( 'NONE', #43, #394, #957, .T. ) ;
#1310 = EDGE_LOOP ( 'NONE', ( #7798, #4079, #1484, #7348, #2746, #5974, #1710, #6555, #3183, #4605, #5971 ) ) ;
#1311 = FACE_OUTER_BOUND ( 'NONE', #4131, .T. ) ;
#1312 = CARTESIAN_POINT ( 'NONE',  ( 5.676582343749999815, -13.10937500170700076, 0.000000000000000000 ) ) ;
#1313 = FILL_AREA_STYLE_COLOUR ( '', #5607 ) ;
#1314 = CARTESIAN_POINT ( 'NONE',  ( 2.071067811865475949, -9.046875003413983762, 4.999999999999994671 ) ) ;
#1315 = CARTESIAN_POINT ( 'NONE',  ( 2.071067811865475949, -2.484375000000001776, 4.999999999999994671 ) ) ;
#1316 = CARTESIAN_POINT ( 'NONE',  ( -5.000000000000005329, -5.609375003413984651, 2.071067811865475949 ) ) ;
#1317 = CARTESIAN_POINT ( 'NONE',  ( -5.676582343749999815, -8.734375001706991881, -6.951808397369819752E-16 ) ) ;
#1318 = ORIENTED_EDGE ( 'NONE', *, *, #1552, .T. ) ;
#1319 = CARTESIAN_POINT ( 'NONE',  ( 0.5391379881556241926, -1.337060492219698027, 50.83625968071135048 ) ) ;
#1320 = CARTESIAN_POINT ( 'NONE',  ( -2.319525371427756166, 0.9733694134064708736, 48.76377311422923100 ) ) ;
#1321 = SURFACE_STYLE_USAGE ( .BOTH. , #6717 ) ;
#1322 = FACE_OUTER_BOUND ( 'NONE', #6404, .T. ) ;
#1323 = ORIENTED_EDGE ( 'NONE', *, *, #4912, .T. ) ;
#1324 = CARTESIAN_POINT ( 'NONE',  ( 8.922889085312633028, -2.749999999999999112, 32.77463669513980449 ) ) ;
#1325 = CARTESIAN_POINT ( 'NONE',  ( -1.042771259605471878E-15, -10.76562500170700076, 5.676582343749999815 ) ) ;
#1326 = DIRECTION ( 'NONE',  ( 0.000000000000000000, -1.000000000000000000, 0.000000000000000000 ) ) ;
#1327 = CIRCLE ( 'NONE', #5739, 1.375000000000000000 ) ;
#1328 = CARTESIAN_POINT ( 'NONE',  ( -0.9543939434533891264, 1.830445691294191768, 49.94250831251117262 ) ) ;
#1329 = CARTESIAN_POINT ( 'NONE',  ( 0.4630184291762486914, -4.015188307530254797, 69.28839778116163473 ) ) ;
#1330 = ADVANCED_FACE ( 'NONE', ( #4223 ), #7111, .F. ) ;
#1331 = CARTESIAN_POINT ( 'NONE',  ( 4.179975653362160593, -1.357962304777421589E-05, -2.928630722808579723 ) ) ;
#1332 = CARTESIAN_POINT ( 'NONE',  ( 0.000000000000000000, 4.400000000000000355, 0.000000000000000000 ) ) ;
#1333 = CARTESIAN_POINT ( 'NONE',  ( -2.698653773222300156, -0.3044463113696135315, 48.80136072848069517 ) ) ;
#1334 = UNCERTAINTY_MEASURE_WITH_UNIT (LENGTH_MEASURE( 1.000000000000000082E-05 ), #233, 'distance_accuracy_value', 'NONE');
#1335 = DIRECTION ( 'NONE',  ( 4.672177829550829582E-14, -1.000000000000000000, 0.000000000000000000 ) ) ;
#1336 = CARTESIAN_POINT ( 'NONE',  ( -5.000000000000000000, -0.6875000034139828742, -6.123233995736771213E-16 ) ) ;
#1337 = CARTESIAN_POINT ( 'NONE',  ( 1.099338820322318444, 4.324839396712330419, 8.000134379923915517 ) ) ;
#1338 = CARTESIAN_POINT ( 'NONE',  ( 2.351317394708899666, -7.093750001706996322, 5.676582343750004256 ) ) ;
#1339 = CARTESIAN_POINT ( 'NONE',  ( 14.82001292088808597, 1.375000000000000444, -65.48512825965228501 ) ) ;
#1340 = CARTESIAN_POINT ( 'NONE',  ( 3.475904198684909876E-16, -2.796875001706990105, -5.676582343749999815 ) ) ;
#1341 = ADVANCED_FACE ( 'NONE', ( #2720 ), #329, .T. ) ;
#1342 = CARTESIAN_POINT ( 'NONE',  ( -7.803203230275509661, 0.1891696770795384952, -2.484455543377180220 ) ) ;
#1343 = CARTESIAN_POINT ( 'NONE',  ( 0.9374342619751689920, 0.2041561441980679903, 50.75849686516189507 ) ) ;
#1344 = B_SPLINE_CURVE_WITH_KNOTS ( 'NONE', 3,
 ( #695, #5513, #4997, #6141, #6226, #4346, #736, #3121, #6734, #1339, #3757, #6771, #3162, #2569, #6815, #1417, #3843, #4959 ),
 .UNSPECIFIED., .F., .F.,
 ( 4, 2, 2, 2, 2, 2, 2, 2, 4 ),
 ( 0.000000000000000000, 0.1249999999999993061, 0.2499999999999986122, 0.3749999999999978906, 0.4999999999999983347, 0.6249999999999987788, 0.7499999999999991118, 0.8749999999999995559, 1.000000000000000000 ),
 .UNSPECIFIED. ) ;
#1345 =( LENGTH_UNIT ( ) NAMED_UNIT ( * ) SI_UNIT ( .MILLI., .METRE. ) );
#1346 = CARTESIAN_POINT ( 'NONE',  ( 0.04617632810002656601, 4.000000000000010658, 71.81469906008874204 ) ) ;
#1347 = CARTESIAN_POINT ( 'NONE',  ( -4.013949869229449519, -7.171875001706990105, 4.013949869229449519 ) ) ;
#1348 = CARTESIAN_POINT ( 'NONE',  ( 3.535533905932890075, -6.156249999999870326, 3.535533905932894516 ) ) ;
#1349 = CARTESIAN_POINT ( 'NONE',  ( 4.013949869229449519, -5.296875001706990105, -4.013949869229449519 ) ) ;
#1350 = EDGE_LOOP ( 'NONE', ( #6268, #7415, #983, #2383, #7402 ) ) ;
#1351 = EDGE_CURVE ( 'NONE', #603, #7268, #1611, .T. ) ;
#1352 = DIRECTION ( 'NONE',  ( 0.000000000000000000, 0.000000000000000000, 1.000000000000000000 ) ) ;
#1353 = EDGE_CURVE ( 'NONE', #5282, #7769, #105, .T. ) ;
#1354 = FACE_OUTER_BOUND ( 'NONE', #523, .T. ) ;
#1355 = CARTESIAN_POINT ( 'NONE',  ( 3.535533905932739973, -12.40625000341398021, -3.535533905932739973 ) ) ;
#1356 = CARTESIAN_POINT ( 'NONE',  ( -5.000000000000005329, -1.703124999999999778, -2.071067811865475949 ) ) ;
#1357 = CARTESIAN_POINT ( 'NONE',  ( -3.535533905932735088, -5.843750003413980210, -3.535533905932739973 ) ) ;
#1358 = CARTESIAN_POINT ( 'NONE',  ( 2.351317394708899666, -10.84375000170699010, 5.676582343750006032 ) ) ;
#1359 = ORIENTED_EDGE ( 'NONE', *, *, #6765, .F. ) ;
#1360 = CARTESIAN_POINT ( 'NONE',  ( 2.147420142115969988, -3.613021264067779903, 69.19698400792050563 ) ) ;
#1361 = CARTESIAN_POINT ( 'NONE',  ( -2.307121437362589234, 0.9855720869974503584, 48.76253975710821464 ) ) ;
#1362 = DIRECTION ( 'NONE',  ( 0.000000000000000000, 0.000000000000000000, 1.000000000000000000 ) ) ;
#1363 = FILL_AREA_STYLE_COLOUR ( '', #1574 ) ;
#1364 = ORIENTED_EDGE ( 'NONE', *, *, #2957, .F. ) ;
#1365 = CARTESIAN_POINT ( 'NONE',  ( -7.705493517360850753, 4.251354262859391220, 2.653645365258493261 ) ) ;
#1366 = CARTESIAN_POINT ( 'NONE',  ( 6.411930867382091392, -2.749999999999999112, 31.61781053289658416 ) ) ;
#1367 = CARTESIAN_POINT ( 'NONE',  ( 0.4890706819071654055, 0.1602813222036289231, 49.76143368609775308 ) ) ;
#1368 = SURFACE_STYLE_USAGE ( .BOTH. , #5460 ) ;
#1369 = PRESENTATION_LAYER_ASSIGNMENT (  '', '', ( #1099 ) ) ;
#1370 = CARTESIAN_POINT ( 'NONE',  ( -1.888956552070191641, 3.273177347207429477, 69.41604126783873596 ) ) ;
#1371 = CARTESIAN_POINT ( 'NONE',  ( -2.770903615072287440, -1.228916514185344422, 50.17197591444782034 ) ) ;
#1372 = CARTESIAN_POINT ( 'NONE',  ( 0.5690057208676159162, 6.884572797299199851E-15, 71.78632470782640951 ) ) ;
#1373 = SURFACE_SIDE_STYLE ('',( #4383 ) ) ;
#1374 = MECHANICAL_DESIGN_GEOMETRIC_PRESENTATION_REPRESENTATION (  '', ( #609 ), #2372 ) ;
#1375 = FACE_OUTER_BOUND ( 'NONE', #5878, .T. ) ;
#1376 = CARTESIAN_POINT ( 'NONE',  ( -5.676582343750004256, -5.062500001706986552, -2.351317394708899666 ) ) ;
#1377 = CARTESIAN_POINT ( 'NONE',  ( -4.013949869229449519, -6.390625001706989217, -4.013949869229449519 ) ) ;
#1378 = CARTESIAN_POINT ( 'NONE',  ( 8.412961752928069907E-14, 0.000000000000000000, 8.000000000000000000 ) ) ;
#1379 = CARTESIAN_POINT ( 'NONE',  ( 16.37500000000000000, 5.217144091088729873E-16, 0.000000000000000000 ) ) ;
#1380 = CARTESIAN_POINT ( 'NONE',  ( 6.355206926956970648, 4.318291883666857345, -4.992764245606974072 ) ) ;
#1381 = CARTESIAN_POINT ( 'NONE',  ( -2.719332446952854809, 0.05748776037083420248, 48.80342012613120062 ) ) ;
#1382 = CARTESIAN_POINT ( 'NONE',  ( -5.676582343750006032, -6.156250001706985664, -2.351317394708899666 ) ) ;
#1383 = CARTESIAN_POINT ( 'NONE',  ( -2.720527203297725016, 7.582145089942320987E-12, 48.80353893819129496 ) ) ;
#1384 = CONICAL_SURFACE ( 'NONE', #1136, 8.000000000000000000, 0.7853981633974503884 ) ;
#1385 = CARTESIAN_POINT ( 'NONE',  ( -3.250059067187665907, -1.224109494387458419, 50.70634210494123550 ) ) ;
#1386 = STYLED_ITEM ( 'NONE', ( #3889 ), #474 ) ;
#1387 = AXIS2_PLACEMENT_3D ( 'NONE', #3360, #6856, #1462 ) ;
#1388 = ORIENTED_EDGE ( 'NONE', *, *, #2120, .F. ) ;
#1389 =( NAMED_UNIT ( * ) PLANE_ANGLE_UNIT ( ) SI_UNIT ( $, .RADIAN. ) );
#1390 = ADVANCED_FACE ( 'NONE', ( #2220 ), #7616, .F. ) ;
#1391 = FILL_AREA_STYLE ('',( #7256 ) ) ;
#1392 = AXIS2_PLACEMENT_3D ( 'NONE', #5934, #5418, #2347 ) ;
#1393 = FILL_AREA_STYLE ('',( #4470 ) ) ;
#1394 = CARTESIAN_POINT ( 'NONE',  ( 3.535533905932735088, -3.968750003413985095, 3.535533905932739973 ) ) ;
#1395 = CARTESIAN_POINT ( 'NONE',  ( -2.071067811865475949, -3.109374999999997335, -5.000000000000005329 ) ) ;
#1396 =( GEOMETRIC_REPRESENTATION_CONTEXT ( 3 ) GLOBAL_UNCERTAINTY_ASSIGNED_CONTEXT ( ( #6929 ) ) GLOBAL_UNIT_ASSIGNED_CONTEXT ( ( #7795, #1306, #2974 ) ) REPRESENTATION_CONTEXT ( 'NONE', 'WORKASPACE' ) );
#1397 = CARTESIAN_POINT ( 'NONE',  ( 5.676582343750004256, -12.87500000170697945, -2.351317394708899666 ) ) ;
#1398 = CARTESIAN_POINT ( 'NONE',  ( 5.676582343750006032, -6.781250001706992769, -2.351317394708899666 ) ) ;
#1399 = ORIENTED_EDGE ( 'NONE', *, *, #3527, .T. ) ;
#1400 = EDGE_LOOP ( 'NONE', ( #7754, #5223, #478 ) ) ;
#1401 = DIRECTION ( 'NONE',  ( 0.000000000000000000, 1.000000000000000000, 0.000000000000000000 ) ) ;
#1402 = CARTESIAN_POINT ( 'NONE',  ( -0.4004666731772819621, 0.9811132872090941870, 48.56777943608069137 ) ) ;
#1403 = CARTESIAN_POINT ( 'NONE',  ( -3.113779419911079760, 3.817252013214593731, 7.999860851451312982 ) ) ;
#1404 = SURFACE_SIDE_STYLE ('',( #3779 ) ) ;
#1405 = ORIENTED_EDGE ( 'NONE', *, *, #4887, .F. ) ;
#1406 =( GEOMETRIC_REPRESENTATION_CONTEXT ( 3 ) GLOBAL_UNCERTAINTY_ASSIGNED_CONTEXT ( ( #2606 ) ) GLOBAL_UNIT_ASSIGNED_CONTEXT ( ( #4947, #887, #2791 ) ) REPRESENTATION_CONTEXT ( 'NONE', 'WORKASPACE' ) );
#1407 = CARTESIAN_POINT ( 'NONE',  ( -1.382076251119709109, -2.749999999999999112, 58.96176907103395592 ) ) ;
#1408 = CARTESIAN_POINT ( 'NONE',  ( 5.676582343750006032, -11.62500000170699010, -2.351317394708899666 ) ) ;
#1409 = CARTESIAN_POINT ( 'NONE',  ( 3.535533905932735088, -7.718750003413980210, 3.535533905932739973 ) ) ;
#1410 = CARTESIAN_POINT ( 'NONE',  ( 0.02880358153778762170, 0.1220867167689605459, 49.22764963377188252 ) ) ;
#1411 =( NAMED_UNIT ( * ) PLANE_ANGLE_UNIT ( ) SI_UNIT ( $, .RADIAN. ) );
#1412 = CARTESIAN_POINT ( 'NONE',  ( 8.027845682895289769, 4.103439423226593163, 2.095363827228769349 ) ) ;
#1413 = UNCERTAINTY_MEASURE_WITH_UNIT (LENGTH_MEASURE( 1.000000000000000082E-05 ), #3255, 'distance_accuracy_value', 'NONE');
#1414 = CARTESIAN_POINT ( 'NONE',  ( -9.184850993605149917E-16, -0.3750000034139829852, 5.000000000000000000 ) ) ;
#1415 = AXIS2_PLACEMENT_3D ( 'NONE', #7485, #1934, #4351 ) ;
#1416 = CARTESIAN_POINT ( 'NONE',  ( 5.676582343749999815, -6.859375001706989217, 0.000000000000000000 ) ) ;
#1417 = CARTESIAN_POINT ( 'NONE',  ( 13.66078756958106943, 0.3599033409940106121, -65.48512825965228501 ) ) ;
#1418 = CARTESIAN_POINT ( 'NONE',  ( 4.013949869229449519, -5.765625001706989217, 4.013949869229449519 ) ) ;
#1419 = CARTESIAN_POINT ( 'NONE',  ( -4.013949869229449519, -1.390625001706991881, -4.013949869229449519 ) ) ;
#1420 = CARTESIAN_POINT ( 'NONE',  ( 0.9465570057795469339, 6.183598611335770172E-10, 50.75671530296079936 ) ) ;
#1421 = MECHANICAL_DESIGN_GEOMETRIC_PRESENTATION_REPRESENTATION (  '', ( #5063 ), #5940 ) ;
#1422 = CARTESIAN_POINT ( 'NONE',  ( 4.618802153516980091, 4.400000000000000355, -8.000000000000000000 ) ) ;
#1423 = EDGE_LOOP ( 'NONE', ( #4625, #5409 ) ) ;
#1424 = B_SPLINE_CURVE_WITH_KNOTS ( 'NONE', 3,
 ( #6180, #5466, #3754, #4956 ),
 .UNSPECIFIED., .F., .F.,
 ( 4, 4 ),
 ( 2.863741867199810032E-07, 0.0002710725018165350175 ),
 .UNSPECIFIED. ) ;
#1425 = DIRECTION ( 'NONE',  ( 5.627682551812640154E-15, -1.000000000000000000, 0.000000000000000000 ) ) ;
#1426 = CARTESIAN_POINT ( 'NONE',  ( 4.013949869229449519, -9.046875001706990105, -4.013949869229449519 ) ) ;
#1427 = SURFACE_SIDE_STYLE ('',( #2530 ) ) ;
#1428 = CARTESIAN_POINT ( 'NONE',  ( -5.000000000000000000, -6.625000000000000000, -6.123233995736771213E-16 ) ) ;
#1429 = PRESENTATION_LAYER_ASSIGNMENT (  '', '', ( #7080 ) ) ;
#1430 = ORIENTED_EDGE ( 'NONE', *, *, #7213, .F. ) ;
#1431 = FILL_AREA_STYLE ('',( #2703 ) ) ;
#1432 = CARTESIAN_POINT ( 'NONE',  ( 5.000000000000000000, -3.500000000000000000, 0.000000000000000000 ) ) ;
#1433 = ADVANCED_FACE ( 'NONE', ( #1686 ), #5902, .T. ) ;
#1434 = DIRECTION ( 'NONE',  ( 1.000000000000000000, 0.000000000000000000, 0.000000000000000000 ) ) ;
#1435 = CARTESIAN_POINT ( 'NONE',  ( 0.000000000000000000, 4.400000000000000355, -6.000000000000000000 ) ) ;
#1436 = CARTESIAN_POINT ( 'NONE',  ( 3.535533905932735088, -7.718750003413980210, 3.535533905932739973 ) ) ;
#1437 = CARTESIAN_POINT ( 'NONE',  ( -9.184850993605149917E-16, -2.562500000000000000, 5.000000000000000000 ) ) ;
#1438 = CARTESIAN_POINT ( 'NONE',  ( 8.850751100788764703, 0.8507511007887589294, -0.6700494082874662860 ) ) ;
#1439 =( BOUNDED_CURVE ( )  B_SPLINE_CURVE ( 2, ( #7788, #6531, #2401, #4310, #1725, #5352, #2966, #1182, #2356 ),
 .UNSPECIFIED., .F., .F. ) 
 B_SPLINE_CURVE_WITH_KNOTS ( ( 3, 2, 2, 2, 3 ),
 ( 0.1642844033047144991, 0.1681955458274995152, 0.1721066883502840039, 0.1760178308730684926, 0.1799289733958534809 ),
 .UNSPECIFIED. ) 
 CURVE ( )  GEOMETRIC_REPRESENTATION_ITEM ( )  RATIONAL_B_SPLINE_CURVE ( ( 0.9999999999997279954, 0.9238795325115579660, 1.000000000000000000, 0.9238795325112869605, 1.000000000000000000, 0.9238795325112869605, 1.000000000000000000, 0.9238795325113269286, 0.9999999999999590328 ) ) 
 REPRESENTATION_ITEM ( '' )  );
#1440 = ORIENTED_EDGE ( 'NONE', *, *, #4906, .T. ) ;
#1441 = CARTESIAN_POINT ( 'NONE',  ( -3.629572841245126025, -4.499999999999997335, 50.58085992533126074 ) ) ;
#1442 = CARTESIAN_POINT ( 'NONE',  ( -2.417027035058104012, 0.8654653534004502768, 48.77355548679671671 ) ) ;
#1443 = PRESENTATION_LAYER_ASSIGNMENT (  '', '', ( #1937 ) ) ;
#1444 =( NAMED_UNIT ( * ) PLANE_ANGLE_UNIT ( ) SI_UNIT ( $, .RADIAN. ) );
#1445 = SURFACE_SIDE_STYLE ('',( #6842 ) ) ;
#1446 = ORIENTED_EDGE ( 'NONE', *, *, #377, .T. ) ;
#1447 = CARTESIAN_POINT ( 'NONE',  ( 4.528470622501886922, 2.749999999999999112, 34.12832495771968411 ) ) ;
#1448 = CARTESIAN_POINT ( 'NONE',  ( 0.2377176021706201570, -2.749999999999999112, 38.30791870116129871 ) ) ;
#1449 = CARTESIAN_POINT ( 'NONE',  ( 4.013949869229449519, -9.359375001706990105, 4.013949869229449519 ) ) ;
#1450 =( NAMED_UNIT ( * ) PLANE_ANGLE_UNIT ( ) SI_UNIT ( $, .RADIAN. ) );
#1451 = SURFACE_STYLE_FILL_AREA ( #5782 ) ;
#1452 =( NAMED_UNIT ( * ) SI_UNIT ( $, .STERADIAN. ) SOLID_ANGLE_UNIT ( ) );
#1453 = CARTESIAN_POINT ( 'NONE',  ( 15.17998707911191225, -1.375000000000000222, -65.48512825965231343 ) ) ;
#1454 = CARTESIAN_POINT ( 'NONE',  ( 7.623834271564443377, 4.282133885675325047, 2.795425254698729045 ) ) ;
#1455 =( BOUNDED_CURVE ( )  B_SPLINE_CURVE ( 3, ( #1035, #5917, #5327, #2333 ),
 .UNSPECIFIED., .F., .F. ) 
 B_SPLINE_CURVE_WITH_KNOTS ( ( 4, 4 ),
 ( 0.000000000000000000, 1.000000000000000000 ),
 .UNSPECIFIED. ) 
 CURVE ( )  GEOMETRIC_REPRESENTATION_ITEM ( )  RATIONAL_B_SPLINE_CURVE ( ( 1.000000000000000000, 0.3333333333333335369, 0.3333333333333335369, 1.000000000000000000 ) ) 
 REPRESENTATION_ITEM ( '' )  );
#1456 = CARTESIAN_POINT ( 'NONE',  ( 0.000000000000000000, -13.50000000000000000, 0.000000000000000000 ) ) ;
#1457 = CYLINDRICAL_SURFACE ( 'NONE', #1783, 5.000000000000000000 ) ;
#1458 = AXIS2_PLACEMENT_3D ( 'NONE', #5133, #4082, #6467 ) ;
#1459 = CARTESIAN_POINT ( 'NONE',  ( -0.9439935605106583028, 2.619470664311782215, 71.86843633960607747 ) ) ;
#1460 = CARTESIAN_POINT ( 'NONE',  ( -4.013949869229449519, -6.390625001706989217, -4.013949869229449519 ) ) ;
#1461 = FILL_AREA_STYLE ('',( #2042 ) ) ;
#1462 = DIRECTION ( 'NONE',  ( 0.000000000000000000, 0.000000000000000000, -1.000000000000000000 ) ) ;
#1463 = CARTESIAN_POINT ( 'NONE',  ( 5.676582343750006032, -0.6875000017069912150, 2.351317394708905439 ) ) ;
#1464 = CARTESIAN_POINT ( 'NONE',  ( 0.000000000000000000, 0.000000000000000000, 0.000000000000000000 ) ) ;
#1465 = CARTESIAN_POINT ( 'NONE',  ( 0.000000000000000000, 0.000000000000000000, 0.000000000000000000 ) ) ;
#1466 = ORIENTED_EDGE ( 'NONE', *, *, #1205, .T. ) ;
#1467 = SURFACE_STYLE_USAGE ( .BOTH. , #3209 ) ;
#1468 = CARTESIAN_POINT ( 'NONE',  ( 5.676582343749999815, -5.453125001706989217, 0.000000000000000000 ) ) ;
#1469 = FACE_OUTER_BOUND ( 'NONE', #5727, .T. ) ;
#1470 = B_SPLINE_CURVE_WITH_KNOTS ( 'NONE', 3,
 ( #3791, #2565, #4955, #7355, #4382, #6179, #780, #298, #6447, #899, #3318, #1534, #3355 ),
 .UNSPECIFIED., .F., .F.,
 ( 4, 1, 1, 1, 1, 1, 1, 1, 1, 1, 4 ),
 ( 0.000000000000000000, 0.06696092755495958171, 0.1430882986552787506, 0.1706319356045274682, 0.2606632447286748588, 0.2743029436539412003, 0.3779739517033959828, 0.4491449775331926020, 0.5853159678022693546, 0.7926579839011316242, 1.000000000000000000 ),
 .UNSPECIFIED. ) ;
#1471 = FACE_OUTER_BOUND ( 'NONE', #4815, .T. ) ;
#1472 = EDGE_LOOP ( 'NONE', ( #1946, #4019, #7066, #4729 ) ) ;
#1473 = FILL_AREA_STYLE_COLOUR ( '', #3208 ) ;
#1474 = CARTESIAN_POINT ( 'NONE',  ( 6.077789541737877776, 0.1782031048413627305, -5.472891794221648176 ) ) ;
#1475 = DIRECTION ( 'NONE',  ( 1.000000000000000000, 0.000000000000000000, 0.000000000000000000 ) ) ;
#1476 = CARTESIAN_POINT ( 'NONE',  ( 2.071067811865475949, -4.828125003413981986, -5.000000000000005329 ) ) ;
#1477 = CARTESIAN_POINT ( 'NONE',  ( 2.351317394708899666, -10.37500000170699721, -5.676582343750006032 ) ) ;
#1478 = FILL_AREA_STYLE_COLOUR ( '', #6438 ) ;
#1479 = ORIENTED_EDGE ( 'NONE', *, *, #719, .T. ) ;
#1480 = CARTESIAN_POINT ( 'NONE',  ( -7.635408641495040172, 0.000000000000000000, -2.387579292376210027 ) ) ;
#1481 = CARTESIAN_POINT ( 'NONE',  ( -3.588254425016771609, 0.3620549066873953170, 50.75520758533384935 ) ) ;
#1482 = CARTESIAN_POINT ( 'NONE',  ( -3.195297878503525091, 1.372367204112044127E-15, 61.47516481129870414 ) ) ;
#1483 = DIRECTION ( 'NONE',  ( 0.000000000000000000, 0.000000000000000000, 1.000000000000000000 ) ) ;
#1484 = ORIENTED_EDGE ( 'NONE', *, *, #4876, .T. ) ;
#1485 = ADVANCED_FACE ( 'NONE', ( #7242 ), #19, .F. ) ;
#1486 = CARTESIAN_POINT ( 'NONE',  ( 0.4914932538801130568, -0.09771597008832010045, 49.75527641481040320 ) ) ;
#1487 = CARTESIAN_POINT ( 'NONE',  ( -4.013949869229449519, -8.734375001706991881, -4.013949869229449519 ) ) ;
#1488 = B_SPLINE_CURVE_WITH_KNOTS ( 'NONE', 3,
 ( #6084, #1774, #3021, #2978, #3097, #4202, #6591, #2414, #3130, #6632, #5440, #1226, #32, #69, #4280, #6667, #2331, #1268, #5049 ),
 .UNSPECIFIED., .F., .F.,
 ( 4, 2, 1, 2, 2, 2, 1, 1, 2, 2, 4 ),
 ( 0.000000000000000000, 0.1250000000000001943, 0.1875000000000002776, 0.2187500000000003053, 0.2500000000000003331, 0.3750000000000004996, 0.4375000000000006661, 0.4687500000000006106, 0.4843750000000004996, 0.5000000000000003331, 1.000000000000000000 ),
 .UNSPECIFIED. ) ;
#1489 = CARTESIAN_POINT ( 'NONE',  ( -5.000000000000000000, -10.37500000000000000, -6.123233995736771213E-16 ) ) ;
#1490 = CARTESIAN_POINT ( 'NONE',  ( -2.163566989528987961, 1.083367284589733748, 49.54176781603387525 ) ) ;
#1491 = LINE ( 'NONE', #970, #2433 ) ;
#1492 =( LENGTH_UNIT ( ) NAMED_UNIT ( * ) SI_UNIT ( .MILLI., .METRE. ) );
#1493 = EDGE_CURVE ( 'NONE', #1680, #2068, #934, .T. ) ;
#1494 = CARTESIAN_POINT ( 'NONE',  ( -0.1722453086435839775, -0.7307048641857391003, 49.25636490872842899 ) ) ;
#1495 =( LENGTH_UNIT ( ) NAMED_UNIT ( * ) SI_UNIT ( .MILLI., .METRE. ) );
#1496 = CARTESIAN_POINT ( 'NONE',  ( 3.475904198684909876E-16, -0.2968750017069904934, -5.676582343749999815 ) ) ;
#1497 = CARTESIAN_POINT ( 'NONE',  ( -5.000000000000060396, -11.62500000000000000, -6.123233995736830377E-16 ) ) ;
#1498 = CARTESIAN_POINT ( 'NONE',  ( -5.000000000000222045, -5.296874999999877431, 2.071067811865562991 ) ) ;
#1499 = CARTESIAN_POINT ( 'NONE',  ( -4.329863979533268292, -0.1257805966771882999, -3.698035758925632965 ) ) ;
#1500 = LINE ( 'NONE', #375, #1512 ) ;
#1501 = CARTESIAN_POINT ( 'NONE',  ( 4.618802153516980091, 3.162395692965989991, -8.000000000000000000 ) ) ;
#1502 = ORIENTED_EDGE ( 'NONE', *, *, #751, .F. ) ;
#1503 =( BOUNDED_SURFACE ( )  B_SPLINE_SURFACE ( 3, 3, ( 
 ( #7378, #6794, #3221, #3820, #2063 ),
 ( #6839, #5094, #6245, #5018, #3185 ),
 ( #6206, #806, #5618, #2747, #1441 ),
 ( #207, #845, #4510, #2630, #5056 ) ),
 .UNSPECIFIED., .F., .F., .F. ) 
 B_SPLINE_SURFACE_WITH_KNOTS ( ( 4, 4 ),
 ( 4, 1, 4 ),
 ( 0.5000000000000000000, 1.000000000000000000 ),
 ( 0.000000000000000000, 0.5600000000000000533, 1.000000000000000000 ),
 .UNSPECIFIED. ) 
 GEOMETRIC_REPRESENTATION_ITEM ( )  RATIONAL_B_SPLINE_SURFACE ( (
 ( 1.000000000000000000, 1.000000000000000000, 1.000000000000000000, 1.000000000000000000, 1.000000000000000000),
 ( 0.3333333333333335369, 0.3333333333333335369, 0.3333333333333335369, 0.3333333333333335369, 0.3333333333333335369),
 ( 0.3333333333333335369, 0.3333333333333335369, 0.3333333333333335369, 0.3333333333333335369, 0.3333333333333335369),
 ( 1.000000000000000000, 1.000000000000000000, 1.000000000000000000, 1.000000000000000000, 1.000000000000000000) ) ) 
 REPRESENTATION_ITEM ( '' )  SURFACE ( )  );
#1504 = AXIS2_PLACEMENT_3D ( 'NONE', #7741, #5303, #4744 ) ;
#1505 = UNCERTAINTY_MEASURE_WITH_UNIT (LENGTH_MEASURE( 1.000000000000000082E-05 ), #489, 'distance_accuracy_value', 'NONE');
#1506 = CARTESIAN_POINT ( 'NONE',  ( -2.720143413318348635, 0.03794151738986643180, 48.80353390755661280 ) ) ;
#1507 = CARTESIAN_POINT ( 'NONE',  ( 5.676582343750006032, -0.5312500017069907710, 2.351317394708905439 ) ) ;
#1508 =( NAMED_UNIT ( * ) PLANE_ANGLE_UNIT ( ) SI_UNIT ( $, .RADIAN. ) );
#1509 = CARTESIAN_POINT ( 'NONE',  ( 0.000000000000000000, 13.00000000000000000, -40.00000000000000000 ) ) ;
#1510 = CARTESIAN_POINT ( 'NONE',  ( -1.442510103573962255, -3.495145553417019268, 71.89549121486203376 ) ) ;
#1511 = CARTESIAN_POINT ( 'NONE',  ( 5.689335439650228032, 0.3748791082657975116, -6.145773977240946984 ) ) ;
#1512 = VECTOR ( 'NONE', #2808, 1000.000000000000000 ) ;
#1513 = CARTESIAN_POINT ( 'NONE',  ( -9.184850993605149917E-16, -6.625000003413980210, 5.000000000000000000 ) ) ;
#1514 = CARTESIAN_POINT ( 'NONE',  ( 4.013949869229449519, -9.203125001706990105, -4.013949869229449519 ) ) ;
#1515 = EDGE_CURVE ( 'NONE', #6641, #720, #1154, .T. ) ;
#1516 = CARTESIAN_POINT ( 'NONE',  ( 4.013949869229449519, -11.85937500170700076, 4.013949869229449519 ) ) ;
#1517 = MECHANICAL_DESIGN_GEOMETRIC_PRESENTATION_REPRESENTATION (  '', ( #4039 ), #2661 ) ;
#1518 = ORIENTED_EDGE ( 'NONE', *, *, #591, .F. ) ;
#1519 = DIRECTION ( 'NONE',  ( 0.000000000000000000, 0.000000000000000000, -1.000000000000000000 ) ) ;
#1520 = CARTESIAN_POINT ( 'NONE',  ( -5.000000000000000000, -9.125000000000000000, -6.123233995736750505E-16 ) ) ;
#1521 = CARTESIAN_POINT ( 'NONE',  ( -3.195297878503525091, 1.372367204112044127E-15, 61.47516481129870414 ) ) ;
#1522 = ORIENTED_EDGE ( 'NONE', *, *, #7122, .F. ) ;
#1523 = ADVANCED_FACE ( 'NONE', ( #7748 ), #652, .T. ) ;
#1524 = CARTESIAN_POINT ( 'NONE',  ( 0.5217254629718679482, -1.334799701919447967, 50.83958404702430300 ) ) ;
#1525 = VECTOR ( 'NONE', #4338, 1000.000000000000000 ) ;
#1526 = CARTESIAN_POINT ( 'NONE',  ( 5.676582343750006032, -6.625000001706990105, -2.351317394708899666 ) ) ;
#1527 =( NAMED_UNIT ( * ) SI_UNIT ( $, .STERADIAN. ) SOLID_ANGLE_UNIT ( ) );
#1528 = AXIS2_PLACEMENT_3D ( 'NONE', #3098, #1859, #1352 ) ;
#1529 = CARTESIAN_POINT ( 'NONE',  ( -2.031158517247706463, 1.751888770495037218, 50.07817437778035696 ) ) ;
#1530 = DIRECTION ( 'NONE',  ( 0.000000000000000000, 0.000000000000000000, -1.000000000000000000 ) ) ;
#1531 = CARTESIAN_POINT ( 'NONE',  ( 16.37500000000000000, 5.217144091088729873E-16, -65.48512825965229922 ) ) ;
#1532 = CARTESIAN_POINT ( 'NONE',  ( -1.449647023628599873, -1.372068596671531138, 49.43815067575476263 ) ) ;
#1533 =( GEOMETRIC_REPRESENTATION_CONTEXT ( 3 ) GLOBAL_UNCERTAINTY_ASSIGNED_CONTEXT ( ( #3317 ) ) GLOBAL_UNIT_ASSIGNED_CONTEXT ( ( #5413, #6645, #7267 ) ) REPRESENTATION_CONTEXT ( 'NONE', 'WORKASPACE' ) );
#1534 = CARTESIAN_POINT ( 'NONE',  ( 15.89819671117514943, 4.477253316603870700E-16, 3.478631175052494751 ) ) ;
#1535 = CARTESIAN_POINT ( 'NONE',  ( -2.046750302672473598, 1.515281544003945768, 71.92828379404265604 ) ) ;
#1536 = CARTESIAN_POINT ( 'NONE',  ( 2.351317394708899666, -2.093750001706989661, 5.676582343750004256 ) ) ;
#1537 = CARTESIAN_POINT ( 'NONE',  ( -0.4182635142140538331, 3.200000000000002842, 61.32445302579655078 ) ) ;
#1538 = CARTESIAN_POINT ( 'NONE',  ( 0.000000000000000000, 0.000000000000000000, -7.649999999999999467 ) ) ;
#1539 = CARTESIAN_POINT ( 'NONE',  ( 4.423381880222013507, -0.2135395809210098583, 69.07346581826628551 ) ) ;
#1540 =( GEOMETRIC_REPRESENTATION_CONTEXT ( 3 ) GLOBAL_UNCERTAINTY_ASSIGNED_CONTEXT ( ( #869 ) ) GLOBAL_UNIT_ASSIGNED_CONTEXT ( ( #346, #5766, #4643 ) ) REPRESENTATION_CONTEXT ( 'NONE', 'WORKASPACE' ) );
#1541 = EDGE_CURVE ( 'NONE', #7125, #3377, #2543, .T. ) ;
#1542 = PRESENTATION_LAYER_ASSIGNMENT (  '', '', ( #648 ) ) ;
#1543 = CARTESIAN_POINT ( 'NONE',  ( -1.699999999999999956, -15.00000000000000000, 0.000000000000000000 ) ) ;
#1544 = CARTESIAN_POINT ( 'NONE',  ( -2.351317394708905439, -2.093750001706989661, 5.676582343750006032 ) ) ;
#1545 = CARTESIAN_POINT ( 'NONE',  ( 2.359215200786985223E-11, -1.937500000000889955, -5.000000000000000000 ) ) ;
#1546 =( NAMED_UNIT ( * ) PLANE_ANGLE_UNIT ( ) SI_UNIT ( $, .RADIAN. ) );
#1547 = ORIENTED_EDGE ( 'NONE', *, *, #1515, .F. ) ;
#1548 = STYLED_ITEM ( 'NONE', ( #5795 ), #5127 ) ;
#1549 = CARTESIAN_POINT ( 'NONE',  ( -3.532725683874323508, 3.142184264631643109E-15, -4.433514385149252668 ) ) ;
#1550 = CARTESIAN_POINT ( 'NONE',  ( 3.429119929377254739, -2.095174554881430017E-16, 69.12742517714050905 ) ) ;
#1551 = DIRECTION ( 'NONE',  ( 1.000000000000000000, 0.000000000000000000, 0.000000000000000000 ) ) ;
#1552 = EDGE_CURVE ( 'NONE', #3604, #5261, #7204, .T. ) ;
#1553 = CARTESIAN_POINT ( 'NONE',  ( 5.000000000000000000, -6.312500003413980210, 0.000000000000000000 ) ) ;
#1554 = ADVANCED_FACE ( 'NONE', ( #7356 ), #1457, .T. ) ;
#1555 =( GEOMETRIC_REPRESENTATION_CONTEXT ( 3 ) GLOBAL_UNCERTAINTY_ASSIGNED_CONTEXT ( ( #3546 ) ) GLOBAL_UNIT_ASSIGNED_CONTEXT ( ( #2378, #4776, #6012 ) ) REPRESENTATION_CONTEXT ( 'NONE', 'WORKASPACE' ) );
#1556 = CARTESIAN_POINT ( 'NONE',  ( -2.351317394708905439, -11.00000000170697945, 5.676582343750006032 ) ) ;
#1557 = CARTESIAN_POINT ( 'NONE',  ( -4.013949869229449519, -10.92187500170700076, 4.013949869229449519 ) ) ;
#1558 = ORIENTED_EDGE ( 'NONE', *, *, #7174, .T. ) ;
#1559 = FACE_OUTER_BOUND ( 'NONE', #4156, .T. ) ;
#1560 = PRESENTATION_STYLE_ASSIGNMENT (( #7537 ) ) ;
#1561 = CARTESIAN_POINT ( 'NONE',  ( -0.4031490600810481717, 4.400000000000001243, 8.000000000000001776 ) ) ;
#1562 = CARTESIAN_POINT ( 'NONE',  ( 1.609212659553261426, -2.796116442733630247, 61.21442033835816687 ) ) ;
#1563 = ORIENTED_EDGE ( 'NONE', *, *, #349, .T. ) ;
#1564 = CARTESIAN_POINT ( 'NONE',  ( 2.351317394708899666, -7.718750001706990105, -5.676582343750006032 ) ) ;
#1565 = CARTESIAN_POINT ( 'NONE',  ( -5.000000000000005329, -12.95312499999999645, -2.071067811865475949 ) ) ;
#1566 = CARTESIAN_POINT ( 'NONE',  ( -2.719332446952860138, 0.05748776037068540484, 48.80342012613130009 ) ) ;
#1567 = CARTESIAN_POINT ( 'NONE',  ( 1.750000000000000000, 0.000000000000000000, -1.634036216270185091E-16 ) ) ;
#1568 = CARTESIAN_POINT ( 'NONE',  ( 13.79854371601289031, -0.6924760980099816665, -65.48512825965232764 ) ) ;
#1569 = CARTESIAN_POINT ( 'NONE',  ( -1.280363805555795986, 3.613021264067779903, 69.38301247257049909 ) ) ;
#1570 = CARTESIAN_POINT ( 'NONE',  ( -1.846838713893614869, -1.285884076133170018, 48.71689064012899451 ) ) ;
#1571 = CARTESIAN_POINT ( 'NONE',  ( -2.071067811865495045, -7.953125003413975769, 4.999999999999978684 ) ) ;
#1572 = CARTESIAN_POINT ( 'NONE',  ( 5.000000000000038192, -7.328124999999984901, 2.071067811865491937 ) ) ;
#1573 = DIRECTION ( 'NONE',  ( 0.000000000000000000, 1.000000000000000000, 0.000000000000000000 ) ) ;
#1574 = COLOUR_RGB ( '',1.000000000000000000, 1.000000000000000000, 0.000000000000000000 ) ;
#1575 = DIRECTION ( 'NONE',  ( 0.000000000000000000, 0.000000000000000000, -1.000000000000000000 ) ) ;
#1576 = CARTESIAN_POINT ( 'NONE',  ( -4.329854575046552689, 0.03046896141785911116, -3.698045163412348124 ) ) ;
#1577 = CARTESIAN_POINT ( 'NONE',  ( 3.535533905932739973, -12.40625000341398021, -3.535533905932739973 ) ) ;
#1578 = EDGE_CURVE ( 'NONE', #3923, #5017, #6563, .T. ) ;
#1579 = CARTESIAN_POINT ( 'NONE',  ( 0.7588110520497660660, -4.273669357247000811, 69.27234488858496775 ) ) ;
#1580 = EDGE_CURVE ( 'NONE', #7300, #2062, #1424, .T. ) ;
#1581 = ORIENTED_EDGE ( 'NONE', *, *, #7405, .T. ) ;
#1582 = CARTESIAN_POINT ( 'NONE',  ( -5.350572397923976986, 0.5997348787609910747, -6.732534630284352950 ) ) ;
#1583 = CARTESIAN_POINT ( 'NONE',  ( -2.135234055116273399, -5.570347182905574382E-05, -5.147640254872689169 ) ) ;
#1584 = LINE ( 'NONE', #2127, #5680 ) ;
#1585 = CARTESIAN_POINT ( 'NONE',  ( 5.000000000000000000, -0.06250000341398269377, 0.000000000000000000 ) ) ;
#1586 = CARTESIAN_POINT ( 'NONE',  ( -1.042771259605471878E-15, -10.92187500170700076, 5.676582343749999815 ) ) ;
#1588 = ADVANCED_FACE ( 'NONE', ( #223 ), #4993, .T. ) ;
#1587 = CARTESIAN_POINT ( 'NONE',  ( -1.042771259605471878E-15, -5.765625001706989217, 5.676582343749999815 ) ) ;
#1589 = EDGE_CURVE ( 'NONE', #2240, #1691, #2693, .T. ) ;
#1590 = ORIENTED_EDGE ( 'NONE', *, *, #377, .F. ) ;
#1591 = CARTESIAN_POINT ( 'NONE',  ( -3.461929867191794852, 0.3931019968368830164, 51.57380783408839875 ) ) ;
#1592 = CYLINDRICAL_SURFACE ( 'NONE', #3972, 1.374999999999999556 ) ;
#1593 = EDGE_LOOP ( 'NONE', ( #5116, #5123, #2948, #2790, #585, #2830 ) ) ;
#1594 = CARTESIAN_POINT ( 'NONE',  ( 0.7436438658482009689, -0.9536308355250000535, 50.79633229775490122 ) ) ;
#1595 = AXIS2_PLACEMENT_3D ( 'NONE', #386, #424, #2320 ) ;
#1596 = CARTESIAN_POINT ( 'NONE',  ( -5.676582343750006032, -9.750000001706990105, 2.351317394708899666 ) ) ;
#1597 = CARTESIAN_POINT ( 'NONE',  ( -5.000000000000000000, -12.87500000000000000, -6.123233995736771213E-16 ) ) ;
#1598 = CARTESIAN_POINT ( 'NONE',  ( -1.795762499807963097, 1.825413928808648389, 50.04842913316705477 ) ) ;
#1599 = ORIENTED_EDGE ( 'NONE', *, *, #1884, .T. ) ;
#1600 = CONICAL_SURFACE ( 'NONE', #6007, 8.000000000000000000, 0.7853981633974503884 ) ;
#1601 = CARTESIAN_POINT ( 'NONE',  ( -1.176778718713244798, -2.248327171189047569, 51.16278404117425538 ) ) ;
#1602 = CARTESIAN_POINT ( 'NONE',  ( 4.999999999999962697, -4.671875000000017764, -2.071067811865459962 ) ) ;
#1603 = CARTESIAN_POINT ( 'NONE',  ( -3.629572841245125137, 1.947994872056015277E-17, 50.58085992533119679 ) ) ;
#1604 = VERTEX_POINT ( 'NONE', #6448 ) ;
#1605 = CARTESIAN_POINT ( 'NONE',  ( 0.4861617045902216772, -0.1919139632161734055, 49.76173175848257557 ) ) ;
#1606 = DIRECTION ( 'NONE',  ( 0.000000000000000000, -1.000000000000000000, 0.000000000000000000 ) ) ;
#1607 = CARTESIAN_POINT ( 'NONE',  ( 0.000000000000000000, 15.00000000000000000, 0.000000000000000000 ) ) ;
#1608 = CARTESIAN_POINT ( 'NONE',  ( 2.351317394708899666, -0.8437500017069917702, 5.676582343750004256 ) ) ;
#1609 = CARTESIAN_POINT ( 'NONE',  ( 1.609212659553272973, 2.796116442733626251, 61.21442033835815266 ) ) ;
#1610 = CARTESIAN_POINT ( 'NONE',  ( -6.150871057618399362, 0.1486457371482318435, 5.346330452125677368 ) ) ;
#1611 = B_SPLINE_CURVE_WITH_KNOTS ( 'NONE', 3,
 ( #7650, #439, #6508, #1743, #1004, #2375, #4209, #1635, #5817, #7065, #7140, #5291, #7768, #5218, #7618, #3425, #1107, #2256 ),
 .UNSPECIFIED., .F., .F.,
 ( 4, 2, 2, 2, 2, 2, 2, 2, 4 ),
 ( 0.000000000000000000, 0.1249999999999999722, 0.2500000000000000000, 0.3750000000000000000, 0.5000000000000000000, 0.6250000000000000000, 0.7499999999999998890, 0.8749999999999998890, 1.000000000000000000 ),
 .UNSPECIFIED. ) ;
#1612 = CARTESIAN_POINT ( 'NONE',  ( -7.803203230275509661, 0.1891696770795384952, -2.484455543377180220 ) ) ;
#1613 = CARTESIAN_POINT ( 'NONE',  ( -4.013949869229449519, -0.9218750017069909930, 4.013949869229449519 ) ) ;
#1614 = CARTESIAN_POINT ( 'NONE',  ( -5.941355999494470019, 0.06303783374801320838, -5.450969427823170399 ) ) ;
#1615 = DIRECTION ( 'NONE',  ( 0.000000000000000000, 0.000000000000000000, -1.000000000000000000 ) ) ;
#1616 = ORIENTED_EDGE ( 'NONE', *, *, #5731, .F. ) ;
#1617 = CIRCLE ( 'NONE', #6146, 38.00000000000000000 ) ;
#1618 = CARTESIAN_POINT ( 'NONE',  ( -2.573941841244753892, 1.367976808864622340E-07, -4.971572003964660702 ) ) ;
#1619 = CARTESIAN_POINT ( 'NONE',  ( -3.109657620240044551, 0.01090646573396237586, 50.09009408280904552 ) ) ;
#1620 = APPLICATION_PROTOCOL_DEFINITION ( 'draft international standard', 'automotive_design', 1998, #2056 ) ;
#1621 = CARTESIAN_POINT ( 'NONE',  ( 0.7660046638992290546, 4.477253316603870700E-16, 42.31832445289810352 ) ) ;
#1622 = DIRECTION ( 'NONE',  ( 0.000000000000000000, 0.000000000000000000, -1.000000000000000000 ) ) ;
#1623 = CARTESIAN_POINT ( 'NONE',  ( 3.475904198684909876E-16, -10.14062500170700076, -5.676582343749999815 ) ) ;
#1624 = ADVANCED_FACE ( 'NONE', ( #4526 ), #5714, .T. ) ;
#1625 = ORIENTED_EDGE ( 'NONE', *, *, #4150, .F. ) ;
#1626 = CARTESIAN_POINT ( 'NONE',  ( -4.618802153516930353, 4.400000000000000355, 8.000000000000000000 ) ) ;
#1627 =( LENGTH_UNIT ( ) NAMED_UNIT ( * ) SI_UNIT ( .MILLI., .METRE. ) );
#1628 = B_SPLINE_CURVE_WITH_KNOTS ( 'NONE', 3,
 ( #1521, #3939, #3456, #7023, #7575, #6956, #3381, #6325, #1072, #2750, #929, #1562, #4618, #3979, #6366, #5777, #2177, #3419 ),
 .UNSPECIFIED., .F., .F.,
 ( 4, 2, 2, 2, 2, 2, 2, 2, 4 ),
 ( 0.000000000000000000, 0.1249999999999999445, 0.2499999999999998890, 0.3749999999999999445, 0.5000000000000000000, 0.6249999999999998890, 0.7499999999999998890, 0.8749999999999998890, 1.000000000000000000 ),
 .UNSPECIFIED. ) ;
#1629 = CARTESIAN_POINT ( 'NONE',  ( 3.061616997868385113E-16, -12.25000000341399975, -5.000000000000000000 ) ) ;
#1630 = VERTEX_POINT ( 'NONE', #901 ) ;
#1631 = CARTESIAN_POINT ( 'NONE',  ( -0.7645643675836769626, -2.196871758592205293, 51.08593024075339883 ) ) ;
#1632 = CARTESIAN_POINT ( 'NONE',  ( -1.042771259605471878E-15, -0.7656250017069909930, 5.676582343749999815 ) ) ;
#1633 = MECHANICAL_DESIGN_GEOMETRIC_PRESENTATION_REPRESENTATION (  '', ( #2780 ), #7165 ) ;
#1634 =( LENGTH_UNIT ( ) NAMED_UNIT ( * ) SI_UNIT ( .MILLI., .METRE. ) );
#1635 = CARTESIAN_POINT ( 'NONE',  ( -0.7550759280434633514, 3.116712565338612961, 62.84493945687820116 ) ) ;
#1636 = ORIENTED_EDGE ( 'NONE', *, *, #5186, .T. ) ;
#1637 = CARTESIAN_POINT ( 'NONE',  ( -2.845849411270004126, -0.9576729914804806842, 50.06158496013072323 ) ) ;
#1638 = VERTEX_POINT ( 'NONE', #299 ) ;
#1639 = CARTESIAN_POINT ( 'NONE',  ( 0.4031490600857081663, 4.400000000000002132, -8.000000000000003553 ) ) ;
#1640 = CARTESIAN_POINT ( 'NONE',  ( -2.828496188070320085E-11, -7.562500000001070255, 5.000000000000000000 ) ) ;
#1641 = PRESENTATION_LAYER_ASSIGNMENT (  '', '', ( #6044 ) ) ;
#1642 = ORIENTED_EDGE ( 'NONE', *, *, #1719, .F. ) ;
#1643 = CARTESIAN_POINT ( 'NONE',  ( -1.828427349132541346, -1.817120642019062648, 50.05249008985016701 ) ) ;
#1644 = CARTESIAN_POINT ( 'NONE',  ( 0.8499999999999999778, -15.00000000000000000, 1.472243186433545903 ) ) ;
#1645 = CARTESIAN_POINT ( 'NONE',  ( -9.184850993605149917E-16, -9.125000003413978433, 5.000000000000000000 ) ) ;
#1646 = CARTESIAN_POINT ( 'NONE',  ( -5.676582343749999815, -2.484375001706990105, -6.951808397369819752E-16 ) ) ;
#1647 = CARTESIAN_POINT ( 'NONE',  ( -2.426586040229555152, 6.487628760268599542E-15, 71.94889777093149519 ) ) ;
#1648 = CARTESIAN_POINT ( 'NONE',  ( -5.276841785521879657, 0.6530113535111150558, 6.859914744412874299 ) ) ;
#1649 =( GEOMETRIC_REPRESENTATION_CONTEXT ( 3 ) GLOBAL_UNCERTAINTY_ASSIGNED_CONTEXT ( ( #3391 ) ) GLOBAL_UNIT_ASSIGNED_CONTEXT ( ( #4827, #7238, #6023 ) ) REPRESENTATION_CONTEXT ( 'NONE', 'WORKASPACE' ) );
#1650 = PRESENTATION_LAYER_ASSIGNMENT (  '', '', ( #7556 ) ) ;
#1651 = UNCERTAINTY_MEASURE_WITH_UNIT (LENGTH_MEASURE( 1.000000000000000082E-05 ), #3642, 'distance_accuracy_value', 'NONE');
#1652 = FACE_OUTER_BOUND ( 'NONE', #2825, .T. ) ;
#1653 = STYLED_ITEM ( 'NONE', ( #2873 ), #5380 ) ;
#1654 = CARTESIAN_POINT ( 'NONE',  ( 4.013949869229449519, -1.546875001706990105, -4.013949869229449519 ) ) ;
#1655 = CYLINDRICAL_SURFACE ( 'NONE', #4401, 5.000000000000000000 ) ;
#1656 = CARTESIAN_POINT ( 'NONE',  ( 5.676582343749999815, -13.10937500170700076, 0.000000000000000000 ) ) ;
#1657 = ORIENTED_EDGE ( 'NONE', *, *, #2149, .T. ) ;
#1658 = DIRECTION ( 'NONE',  ( 0.000000000000000000, 1.000000000000000000, 0.000000000000000000 ) ) ;
#1659 = ORIENTED_EDGE ( 'NONE', *, *, #2392, .T. ) ;
#1660 = CARTESIAN_POINT ( 'NONE',  ( -3.535533905932739973, -9.281250003413978433, 3.535533905932735088 ) ) ;
#1661 = SHAPE_DEFINITION_REPRESENTATION ( #4176, #2860 ) ;
#1662 = AXIS2_PLACEMENT_3D ( 'NONE', #5936, #165, #3553 ) ;
#1663 = CIRCLE ( 'NONE', #2158, 8.000000000000000000 ) ;
#1664 = CARTESIAN_POINT ( 'NONE',  ( 3.475904198684909876E-16, -7.640625001706989217, -5.676582343749999815 ) ) ;
#1665 = EDGE_CURVE ( 'NONE', #3705, #6837, #2727, .T. ) ;
#1666 = COLOUR_RGB ( '',1.000000000000000000, 1.000000000000000000, 0.000000000000000000 ) ;
#1667 = ORIENTED_EDGE ( 'NONE', *, *, #6359, .T. ) ;
#1668 = CARTESIAN_POINT ( 'NONE',  ( 7.583798285011046580, 4.293404661833510438, -2.864471250794329293 ) ) ;
#1669 = CARTESIAN_POINT ( 'NONE',  ( -1.724694623713179942, 2.205403612312970107, 51.26357219855800196 ) ) ;
#1670 = SURFACE_STYLE_FILL_AREA ( #4081 ) ;
#1671 = CARTESIAN_POINT ( 'NONE',  ( -2.039586313512134819, -2.111976364129005024, 51.32076337607529837 ) ) ;
#1672 = AXIS2_PLACEMENT_3D ( 'NONE', #2544, #6601, #4939 ) ;
#1673 = CARTESIAN_POINT ( 'NONE',  ( 4.013949869229449519, -4.046875001706990105, -4.013949869229449519 ) ) ;
#1674 = CARTESIAN_POINT ( 'NONE',  ( 2.071067811865475949, -6.234375000000007105, 4.999999999999994671 ) ) ;
#1675 = ORIENTED_EDGE ( 'NONE', *, *, #946, .T. ) ;
#1676 = CARTESIAN_POINT ( 'NONE',  ( -0.4294279298955571700, -2.084065216463758752, 51.02263784037003091 ) ) ;
#1677 = AXIS2_PLACEMENT_3D ( 'NONE', #6613, #5729, #5982 ) ;
#1678 = ORIENTED_EDGE ( 'NONE', *, *, #4151, .F. ) ;
#1679 = CARTESIAN_POINT ( 'NONE',  ( -5.885408641495000204, 4.400000000000000355, -5.418668205621719913 ) ) ;
#1680 = VERTEX_POINT ( 'NONE', #1645 ) ;
#1681 = CARTESIAN_POINT ( 'NONE',  ( 2.071067811865475949, -9.828125003413980210, -5.000000000000005329 ) ) ;
#1682 =( NAMED_UNIT ( * ) SI_UNIT ( $, .STERADIAN. ) SOLID_ANGLE_UNIT ( ) );
#1683 = DIRECTION ( 'NONE',  ( 0.000000000000000000, 1.000000000000000000, 0.000000000000000000 ) ) ;
#1684 = CARTESIAN_POINT ( 'NONE',  ( -2.100037296029074074, -3.109173608499649522, 69.42749678175540851 ) ) ;
#1685 = SURFACE_SIDE_STYLE ('',( #341 ) ) ;
#1686 = FACE_OUTER_BOUND ( 'NONE', #2096, .T. ) ;
#1687 = CARTESIAN_POINT ( 'NONE',  ( 4.230333777215284918, -2.622049124298944989, 69.08394268692370588 ) ) ;
#1688 = CARTESIAN_POINT ( 'NONE',  ( -2.351317394708899666, -12.71875000170700787, -5.676582343750004256 ) ) ;
#1689 = EDGE_LOOP ( 'NONE', ( #2835, #6828, #3306, #2288, #2884, #6479, #4243, #4701, #2592, #3461, #1911, #3020, #1359, #1388, #3996, #6625, #4173, #5583, #4449, #2695, #4782, #78, #1197, #5862 ) ) ;
#1690 = CARTESIAN_POINT ( 'NONE',  ( -5.326741258886714014, 0.6173398803330162332, -6.773813665174743370 ) ) ;
#1691 = VERTEX_POINT ( 'NONE', #5110 ) ;
#1692 = CARTESIAN_POINT ( 'NONE',  ( 2.521302828248970229, 4.477253316603864784E-16, 39.96228081579404545 ) ) ;
#1693 =( BOUNDED_SURFACE ( )  B_SPLINE_SURFACE ( 3, 2, ( 
 ( #4620, #2218, #7539 ),
 ( #3981, #4515, #4587 ),
 ( #7578, #6328, #1486 ),
 ( #4481, #6883, #2716 ),
 ( #7025, #6286, #3907 ),
 ( #2832, #6989, #6959 ),
 ( #1594, #5779, #5100 ),
 ( #5743, #7464, #4556 ),
 ( #1524, #6368, #3307 ),
 ( #1037, #3941, #965 ),
 ( #5062, #3422, #5703 ),
 ( #2141, #3383, #7614 ),
 ( #5136, #5214, #2752 ),
 ( #4009, #359, #6400 ),
 ( #2179, #1000, #5814 ),
 ( #1631, #4044, #326 ),
 ( #7503, #6434, #3459 ),
 ( #253, #2674, #2101 ),
 ( #6920, #932, #3346 ),
 ( #7061, #4658, #7647 ),
 ( #2862, #4084, #2252 ),
 ( #1671, #6468, #435 ),
 ( #5252, #1073, #5853 ),
 ( #522, #1973, #4395 ),
 ( #6310, #835, #275 ),
 ( #7444, #6781, #5646 ),
 ( #2051, #155, #2656 ),
 ( #2620, #1385, #4923 ),
 ( #7488, #3765, #3250 ),
 ( #2579, #6745, #4355 ),
 ( #6191, #7331, #5046 ),
 ( #3806, #3928, #794 ) ),
 .UNSPECIFIED., .F., .F., .F. ) 
 B_SPLINE_SURFACE_WITH_KNOTS ( ( 4, 2, 2, 2, 2, 2, 2, 2, 2, 2, 2, 2, 2, 2, 2, 4 ),
 ( 3, 3 ),
 ( 0.000000000000000000, 4.971604521678330327E-05, 9.943209043356660655E-05, 0.0001491481356503499911, 0.0001988641808671335112, 0.0002485802260839164893, 0.0002982962713006999823, 0.0003480123165174829874, 0.0003977283617342664804, 0.0004474444069510500276, 0.0004971604521678329785, 0.0005468764973846159836, 0.0005965925426013999645, 0.0006463085878181829697, 0.0006960246330349659748, 0.0007954567234685329608 ),
 ( 0.000000000000000000, 1.000000000000000000 ),
 .UNSPECIFIED. ) 
 GEOMETRIC_REPRESENTATION_ITEM ( )  RATIONAL_B_SPLINE_SURFACE ( (
 ( 1.000000000000000000, 0.9611991065866950512, 1.000000000000000000),
 ( 1.000000000000000000, 0.9614204244775190755, 1.000000000000000000),
 ( 1.000000000000000000, 0.9613985458502130044, 1.000000000000000000),
 ( 1.000000000000000000, 0.9608802868130439379, 1.000000000000000000),
 ( 1.000000000000000000, 0.9603734750279580012, 1.000000000000000000),
 ( 1.000000000000000000, 0.9589014390259029685, 1.000000000000000000),
 ( 1.000000000000000000, 0.9579399261313309433, 1.000000000000000000),
 ( 1.000000000000000000, 0.9555798657107900107, 1.000000000000000000),
 ( 1.000000000000000000, 0.9541869482223720444, 1.000000000000000000),
 ( 1.000000000000000000, 0.9511572965504579980, 1.000000000000000000),
 ( 1.000000000000000000, 0.9494972247697830436, 1.000000000000000000),
 ( 1.000000000000000000, 0.9461042736928959584, 1.000000000000000000),
 ( 1.000000000000000000, 0.9443995372439519809, 1.000000000000000000),
 ( 1.000000000000000000, 0.9411106486413429728, 1.000000000000000000),
 ( 1.000000000000000000, 0.9395143561989469649, 1.000000000000000000),
 ( 1.000000000000000000, 0.9366247467865329579, 1.000000000000000000),
 ( 1.000000000000000000, 0.9353200157001079207, 1.000000000000000000),
 ( 1.000000000000000000, 0.9329775391492860503, 1.000000000000000000),
 ( 1.000000000000000000, 0.9319392741732319685, 1.000000000000000000),
 ( 1.000000000000000000, 0.9301557994333600199, 1.000000000000000000),
 ( 1.000000000000000000, 0.9293964258155099634, 1.000000000000000000),
 ( 1.000000000000000000, 0.9280698112589589321, 1.000000000000000000),
 ( 1.000000000000000000, 0.9275110599904139441, 1.000000000000000000),
 ( 1.000000000000000000, 0.9265626246792849630, 1.000000000000000000),
 ( 1.000000000000000000, 0.9261663065775320725, 1.000000000000000000),
 ( 1.000000000000000000, 0.9254825228502620016, 1.000000000000000000),
 ( 1.000000000000000000, 0.9252053954863119767, 1.000000000000000000),
 ( 1.000000000000000000, 0.9247365786548299438, 1.000000000000000000),
 ( 1.000000000000000000, 0.9245437415491950528, 1.000000000000000000),
 ( 1.000000000000000000, 0.9240791164957280479, 1.000000000000000000),
 ( 1.000000000000000000, 0.9239142446883810145, 1.000000000000000000),
 ( 1.000000000000000000, 0.9238572436204960381, 1.000000000000000000) ) ) 
 REPRESENTATION_ITEM ( '' )  SURFACE ( )  );
#1694 = CARTESIAN_POINT ( 'NONE',  ( -8.529665343987218762, 3.782660119666746645, -1.226186416994432093 ) ) ;
#1695 = AXIS2_PLACEMENT_3D ( 'NONE', #7686, #3059, #7098 ) ;
#1696 = APPLICATION_CONTEXT ( 'automotive_design' ) ;
#1697 = CARTESIAN_POINT ( 'NONE',  ( -5.676582343750004256, -8.656250001706990105, -2.351317394708899666 ) ) ;
#1698 = VERTEX_POINT ( 'NONE', #7625 ) ;
#1699 = CARTESIAN_POINT ( 'NONE',  ( 7.130874774230179902, 4.400000000000001243, -3.648962588622072456 ) ) ;
#1700 = CARTESIAN_POINT ( 'NONE',  ( 0.9374342619751679928, 0.2041561441980674907, 50.75849686516189507 ) ) ;
#1701 =( NAMED_UNIT ( * ) PLANE_ANGLE_UNIT ( ) SI_UNIT ( $, .RADIAN. ) );
#1702 = DIRECTION ( 'NONE',  ( 0.000000000000000000, 0.000000000000000000, -1.000000000000000000 ) ) ;
#1703 = CARTESIAN_POINT ( 'NONE',  ( 3.475904198684909876E-16, -5.140625001706990105, -5.676582343749999815 ) ) ;
#1704 = CARTESIAN_POINT ( 'NONE',  ( 3.061616997868385113E-16, -5.687500000000000000, -5.000000000000000000 ) ) ;
#1705 = ORIENTED_EDGE ( 'NONE', *, *, #5528, .F. ) ;
#1706 = CARTESIAN_POINT ( 'NONE',  ( -0.3520565958140686180, -2.050096945806908710, 51.00788960860432297 ) ) ;
#1707 = CARTESIAN_POINT ( 'NONE',  ( -2.458562558415476662, -0.8304702066377662728, 48.77753388949663815 ) ) ;
#1708 = ORIENTED_EDGE ( 'NONE', *, *, #4078, .F. ) ;
#1709 = CARTESIAN_POINT ( 'NONE',  ( 15.84500173996550920, 1.099541908297496651, 0.000000000000000000 ) ) ;
#1710 = ORIENTED_EDGE ( 'NONE', *, *, #1552, .F. ) ;
#1711 = DIRECTION ( 'NONE',  ( 0.000000000000000000, 1.000000000000000000, 0.000000000000000000 ) ) ;
#1712 = UNCERTAINTY_MEASURE_WITH_UNIT (LENGTH_MEASURE( 1.000000000000000082E-05 ), #7053, 'distance_accuracy_value', 'NONE');
#1713 = FILL_AREA_STYLE_COLOUR ( '', #2404 ) ;
#1714 = CARTESIAN_POINT ( 'NONE',  ( 5.000000000000005329, -9.984375003413983762, -2.071067811865475949 ) ) ;
#1715 =( NAMED_UNIT ( * ) PLANE_ANGLE_UNIT ( ) SI_UNIT ( $, .RADIAN. ) );
#1716 = CARTESIAN_POINT ( 'NONE',  ( 3.061616997868385113E-16, -4.437500000000000000, -5.000000000000000000 ) ) ;
#1717 = CARTESIAN_POINT ( 'NONE',  ( -3.846256650233415009, 7.145765913667457983E-05, -4.181050535950167735 ) ) ;
#1718 = CARTESIAN_POINT ( 'NONE',  ( 1.750000000000000000, 0.5999999999999999778, 5.895761189193470031 ) ) ;
#1719 = EDGE_CURVE ( 'NONE', #2883, #2343, #2338, .T. ) ;
#1720 = B_SPLINE_CURVE_WITH_KNOTS ( 'NONE', 3,
 ( #5983, #6688, #426, #2853, #3674, #5239 ),
 .UNSPECIFIED., .F., .F.,
 ( 4, 2, 4 ),
 ( 0.000000000000000000, 0.5000000000000000000, 1.000000000000000000 ),
 .UNSPECIFIED. ) ;
#1721 = CARTESIAN_POINT ( 'NONE',  ( 0.6648675277468200084, 1.109311895590225250, 50.81243181645410090 ) ) ;
#1722 = CARTESIAN_POINT ( 'NONE',  ( -9.237604307034001039, 1.237604307033950191, 6.478578814905459465E-14 ) ) ;
#1723 = CARTESIAN_POINT ( 'NONE',  ( -2.351317394708905439, -11.00000000170697945, 5.676582343750004256 ) ) ;
#1724 = CARTESIAN_POINT ( 'NONE',  ( -4.013949869229449519, -3.890625001706990105, -4.013949869229449519 ) ) ;
#1725 = CARTESIAN_POINT ( 'NONE',  ( -5.000000000000000000, -6.625000000000000000, -6.123233995736800795E-16 ) ) ;
#1726 = ORIENTED_EDGE ( 'NONE', *, *, #5092, .T. ) ;
#1727 = CARTESIAN_POINT ( 'NONE',  ( -6.729376378909840639, 4.392588357005807076, 4.344358587081208256 ) ) ;
#1728 = ORIENTED_EDGE ( 'NONE', *, *, #5528, .T. ) ;
#1729 = CARTESIAN_POINT ( 'NONE',  ( 7.924931380326785124, 0.2424085794229462743, 2.273547653069305952 ) ) ;
#1730 = CARTESIAN_POINT ( 'NONE',  ( 2.351317394708899666, -10.21875000170699366, -5.676582343750006032 ) ) ;
#1731 = CARTESIAN_POINT ( 'NONE',  ( -3.109796135306010179, 3.845611038535739379, -7.999995636752371020 ) ) ;
#1732 = DIRECTION ( 'NONE',  ( -0.8236320479356801227, 0.5671245450633199958, 0.000000000000000000 ) ) ;
#1733 = CARTESIAN_POINT ( 'NONE',  ( -5.676582343749999815, -9.828125001706990105, -6.951808397369819752E-16 ) ) ;
#1734 = STYLED_ITEM ( 'NONE', ( #402 ), #1390 ) ;
#1735 = ORIENTED_EDGE ( 'NONE', *, *, #715, .F. ) ;
#1736 = CARTESIAN_POINT ( 'NONE',  ( 0.4724813606714084457, 1.282024097343939628, 50.23247386253938629 ) ) ;
#1737 = DIRECTION ( 'NONE',  ( 0.000000000000000000, 0.000000000000000000, -1.000000000000000000 ) ) ;
#1738 = CARTESIAN_POINT ( 'NONE',  ( 2.489483050421511301, -3.282697217478159679, 62.66885475187790178 ) ) ;
#1739 =( BOUNDED_CURVE ( )  B_SPLINE_CURVE ( 2, ( #2536, #1940, #750, #6706, #1432, #4361, #3177, #160, #2584 ),
 .UNSPECIFIED., .F., .F. ) 
 B_SPLINE_CURVE_WITH_KNOTS ( ( 3, 2, 2, 2, 3 ),
 ( 0.2425115301785835120, 0.2464234745929710091, 0.2503354190073580066, 0.2542473634217455314, 0.2581593078361325011 ),
 .UNSPECIFIED. ) 
 CURVE ( )  GEOMETRIC_REPRESENTATION_ITEM ( )  RATIONAL_B_SPLINE_CURVE ( ( 1.000000000000285993, 0.9238795325109999679, 1.000000000000000000, 0.9238795325112869605, 1.000000000000000000, 0.9238795325112869605, 1.000000000000000000, 0.9238795325107869161, 1.000000000000500044 ) ) 
 REPRESENTATION_ITEM ( '' )  );
#1740 = AXIS2_PLACEMENT_3D ( 'NONE', #3571, #3521, #2363 ) ;
#1741 = CARTESIAN_POINT ( 'NONE',  ( -4.013949869229449519, -2.171875001706990105, 4.013949869229449519 ) ) ;
#1742 = CARTESIAN_POINT ( 'NONE',  ( 5.000000000000005329, -9.671874999999996447, -2.071067811865475949 ) ) ;
#1743 = CARTESIAN_POINT ( 'NONE',  ( -2.710721261421098927, 1.611580737186881107, 62.95107382949969832 ) ) ;
#1744 = ORIENTED_EDGE ( 'NONE', *, *, #1863, .F. ) ;
#1745 = CARTESIAN_POINT ( 'NONE',  ( 0.4740639821992008174, -0.3698711724037014870, 49.75667229257811641 ) ) ;
#1746 = CARTESIAN_POINT ( 'NONE',  ( 4.599355438478710312, 1.981944279537670273, 69.06391559825200943 ) ) ;
#1747 = ORIENTED_EDGE ( 'NONE', *, *, #5711, .T. ) ;
#1748 = CARTESIAN_POINT ( 'NONE',  ( 6.355206926959880320, 0.08170811633226320037, 4.992764245601910567 ) ) ;
#1749 = CARTESIAN_POINT ( 'NONE',  ( 0.000000000000000000, 0.5999999999999999778, 0.000000000000000000 ) ) ;
#1750 = EDGE_CURVE ( 'NONE', #909, #3923, #2291, .T. ) ;
#1751 = ORIENTED_EDGE ( 'NONE', *, *, #4949, .T. ) ;
#1752 = PLANE ( 'NONE',  #783 ) ;
#1753 = CARTESIAN_POINT ( 'NONE',  ( 0.8025498295435159468, 4.603993403836609488, 69.26997115157379881 ) ) ;
#1754 = CARTESIAN_POINT ( 'NONE',  ( 3.061616997868385113E-16, -10.68750000000000000, -5.000000000000000000 ) ) ;
#1755 = CIRCLE ( 'NONE', #2893, 1.375000000000000000 ) ;
#1756 = CARTESIAN_POINT ( 'NONE',  ( -4.313190411124662837, -0.0004657674357691977051, -3.697364147079720720 ) ) ;
#1757 = LINE ( 'NONE', #6485, #2038 ) ;
#1758 = STYLED_ITEM ( 'NONE', ( #1838 ), #5787 ) ;
#1759 = CARTESIAN_POINT ( 'NONE',  ( 1.192940422619775065, 1.187035384431041995E-06, -5.222504964151220008 ) ) ;
#1760 = CARTESIAN_POINT ( 'NONE',  ( -2.754183198598065818, 1.662626121460670792, 51.44883205680854132 ) ) ;
#1761 = SURFACE_SIDE_STYLE ('',( #4679 ) ) ;
#1762 = CARTESIAN_POINT ( 'NONE',  ( 3.113779419907110491, 0.5827479867831334426, 7.999860851450402599 ) ) ;
#1763 = CARTESIAN_POINT ( 'NONE',  ( 3.475904198684909876E-16, -10.29687500170700076, -5.676582343749999815 ) ) ;
#1764 = CARTESIAN_POINT ( 'NONE',  ( 0.000000000000000000, -13.50000000000000000, 5.000000000000000000 ) ) ;
#1765 = CARTESIAN_POINT ( 'NONE',  ( -2.351317394708899666, -3.968750001706992325, -5.676582343750006032 ) ) ;
#1766 = AXIS2_PLACEMENT_3D ( 'NONE', #6270, #651, #5385 ) ;
#1767 = ORIENTED_EDGE ( 'NONE', *, *, #2745, .F. ) ;
#1768 = MECHANICAL_DESIGN_GEOMETRIC_PRESENTATION_REPRESENTATION (  '', ( #6791 ), #1406 ) ;
#1769 = CARTESIAN_POINT ( 'NONE',  ( 7.583798285008412243, 0.1065953381652338106, 2.864471250797721691 ) ) ;
#1770 = CARTESIAN_POINT ( 'NONE',  ( 5.676582343750006032, -0.5312500017069907710, -2.351317394708899666 ) ) ;
#1771 = CARTESIAN_POINT ( 'NONE',  ( 5.575184260131389458, 3.955567727545392209, 6.343415970606188559 ) ) ;
#1772 = CARTESIAN_POINT ( 'NONE',  ( -5.676582343750004256, -1.156250001706991215, -2.351317394708899666 ) ) ;
#1773 = ORIENTED_EDGE ( 'NONE', *, *, #517, .F. ) ;
#1774 = CARTESIAN_POINT ( 'NONE',  ( -0.2000070084531181958, -2.948804033707979959E-14, 7.999999999999976019 ) ) ;
#1775 = CARTESIAN_POINT ( 'NONE',  ( -1.581283613743295069, 2.231348718328515002, 51.23736635931299332 ) ) ;
#1776 = EDGE_CURVE ( 'NONE', #7790, #484, #7513, .T. ) ;
#1777 = CARTESIAN_POINT ( 'NONE',  ( -1.694170161443456779, 0.1768332881275423152, -7.999965959959011386 ) ) ;
#1778 = FILL_AREA_STYLE_COLOUR ( '', #7605 ) ;
#1779 = PRESENTATION_LAYER_ASSIGNMENT (  '', '', ( #5177 ) ) ;
#1780 = PRESENTATION_LAYER_ASSIGNMENT (  '', '', ( #6440 ) ) ;
#1781 = CARTESIAN_POINT ( 'NONE',  ( 2.351317394708899666, -2.718750001706990105, -5.676582343750006032 ) ) ;
#1782 = CARTESIAN_POINT ( 'NONE',  ( -2.071067811865475949, -6.859375000000000888, -5.000000000000005329 ) ) ;
#1783 = AXIS2_PLACEMENT_3D ( 'NONE', #3201, #2519, #2037 ) ;
#1784 =( LENGTH_UNIT ( ) NAMED_UNIT ( * ) SI_UNIT ( .MILLI., .METRE. ) );
#1785 = ORIENTED_EDGE ( 'NONE', *, *, #6549, .F. ) ;
#1786 =( BOUNDED_CURVE ( )  B_SPLINE_CURVE ( 2, ( #1545, #6457, #1021, #3288, #2698, #6383, #274, #5685, #2811 ),
 .UNSPECIFIED., .F., .F. ) 
 B_SPLINE_CURVE_WITH_KNOTS ( ( 3, 2, 2, 2, 3 ),
 ( 0.2894497180845885254, 0.2933614544969360138, 0.2972731909092830027, 0.3011849273216304912, 0.3050966637339779797 ),
 .UNSPECIFIED. ) 
 CURVE ( )  GEOMETRIC_REPRESENTATION_ITEM ( )  RATIONAL_B_SPLINE_CURVE ( ( 1.000000000000510036, 0.9238795325107779233, 1.000000000000000000, 0.9238795325112869605, 1.000000000000000000, 0.9238795325112869605, 1.000000000000000000, 0.9238795325112869605, 1.000000000000000000 ) ) 
 REPRESENTATION_ITEM ( '' )  );
#1787 = FILL_AREA_STYLE_COLOUR ( '', #2170 ) ;
#1788 = CARTESIAN_POINT ( 'NONE',  ( -1.612510812024219753, -1.369963173445593041, 48.69360791280403333 ) ) ;
#1789 = AXIS2_PLACEMENT_3D ( 'NONE', #1881, #5346, #6572 ) ;
#1790 = ORIENTED_EDGE ( 'NONE', *, *, #7577, .F. ) ;
#1791 = SURFACE_STYLE_USAGE ( .BOTH. , #7266 ) ;
#1792 = PLANE ( 'NONE',  #1142 ) ;
#1793 = EDGE_LOOP ( 'NONE', ( #2872, #4069, #2088, #3869, #1939 ) ) ;
#1794 = CARTESIAN_POINT ( 'NONE',  ( 4.427650516409515014, 8.813931010592400659E-16, 69.07323415610549944 ) ) ;
#1795 = DIRECTION ( 'NONE',  ( 0.000000000000000000, 1.000000000000000000, 0.000000000000000000 ) ) ;
#1796 = CARTESIAN_POINT ( 'NONE',  ( 4.999999999999984901, -10.92187500000000711, -2.071067811865470620 ) ) ;
#1797 = CARTESIAN_POINT ( 'NONE',  ( -5.000000000000005329, -10.76562500341398021, -2.071067811865475949 ) ) ;
#1798 = SURFACE_STYLE_FILL_AREA ( #4101 ) ;
#1799 =( LENGTH_UNIT ( ) NAMED_UNIT ( * ) SI_UNIT ( .MILLI., .METRE. ) );
#1800 = DIRECTION ( 'NONE',  ( 0.05419102103500969547, 2.531900870405030203E-15, 0.9985305870323569755 ) ) ;
#1801 = CARTESIAN_POINT ( 'NONE',  ( -1.833896297450940072, -3.292968841687144987, 69.41305310557808639 ) ) ;
#1802 = CARTESIAN_POINT ( 'NONE',  ( -9.184850993605149917E-16, -6.625000003413980210, 5.000000000000000000 ) ) ;
#1803 =( REPRESENTATION_RELATIONSHIP ('NONE','NONE', #4471, #1998 ) REPRESENTATION_RELATIONSHIP_WITH_TRANSFORMATION ( #1137 )SHAPE_REPRESENTATION_RELATIONSHIP( ) );
#1804 = CARTESIAN_POINT ( 'NONE',  ( 0.2878793375422292744, 1.603806824086322802, 50.88502560271181352 ) ) ;
#1805 = CIRCLE ( 'NONE', #412, 8.000000000000000000 ) ;
#1806 = CARTESIAN_POINT ( 'NONE',  ( -7.623834271545537611, 0.1178661143190418426, 2.795425254731364273 ) ) ;
#1807 = CARTESIAN_POINT ( 'NONE',  ( 2.351317394708899666, -8.343750001706986552, 5.676582343750004256 ) ) ;
#1808 = CARTESIAN_POINT ( 'NONE',  ( -3.535533905932739973, -1.781250003413985095, 3.535533905932735088 ) ) ;
#1809 = CARTESIAN_POINT ( 'NONE',  ( 5.676582343750006032, -5.531250001706990993, -2.351317394708899666 ) ) ;
#1810 = VECTOR ( 'NONE', #7722, 1000.000000000000000 ) ;
#1811 =( NAMED_UNIT ( * ) SI_UNIT ( $, .STERADIAN. ) SOLID_ANGLE_UNIT ( ) );
#1812 = ORIENTED_EDGE ( 'NONE', *, *, #143, .T. ) ;
#1813 = CYLINDRICAL_SURFACE ( 'NONE', #2549, 1.375000000000000000 ) ;
#1814 = CARTESIAN_POINT ( 'NONE',  ( 3.475904198684909876E-16, -12.64062500170700254, -5.676582343749999815 ) ) ;
#1815 = CARTESIAN_POINT ( 'NONE',  ( 6.077789541762332881, 4.221796895175285336, 5.472891794169613355 ) ) ;
#1816 = CYLINDRICAL_SURFACE ( 'NONE', #2792, 4.000000000000001776 ) ;
#1817 = CARTESIAN_POINT ( 'NONE',  ( 5.676582343749999815, -4.203125001706990105, 0.000000000000000000 ) ) ;
#1818 = EDGE_LOOP ( 'NONE', ( #313, #3189, #1277, #3466, #5414 ) ) ;
#1819 = CARTESIAN_POINT ( 'NONE',  ( 16.37499999999997868, -2.749999999999999556, 0.000000000000000000 ) ) ;
#1820 = CARTESIAN_POINT ( 'NONE',  ( -1.161401978398068024, 1.804934623125244997, 49.89546977091870161 ) ) ;
#1821 = EDGE_CURVE ( 'NONE', #4192, #2621, #5938, .T. ) ;
#1822 = CARTESIAN_POINT ( 'NONE',  ( 0.000000000000000000, -13.50000000000000000, 0.000000000000000000 ) ) ;
#1823 = COLOUR_RGB ( '',0.5019607843137254832, 0.5019607843137254832, 0.5019607843137254832 ) ;
#1824 = CARTESIAN_POINT ( 'NONE',  ( -2.351317394708899666, -0.06250000170699047952, -5.676582343750006032 ) ) ;
#1825 = CARTESIAN_POINT ( 'NONE',  ( -5.000000000000005329, -9.046875000000001776, 2.071067811865475949 ) ) ;
#1826 = CARTESIAN_POINT ( 'NONE',  ( -4.013949869229449519, -11.07812500170700076, 4.013949869229449519 ) ) ;
#1827 = ORIENTED_EDGE ( 'NONE', *, *, #6187, .T. ) ;
#1828 = CYLINDRICAL_SURFACE ( 'NONE', #283, 5.000000000000000000 ) ;
#1829 = CARTESIAN_POINT ( 'NONE',  ( -2.291278931724735290, -1.001053212923561864, 48.76100077826852441 ) ) ;
#1830 = FACE_OUTER_BOUND ( 'NONE', #2203, .T. ) ;
#1831 = DIRECTION ( 'NONE',  ( 0.000000000000000000, 1.000000000000000000, 0.000000000000000000 ) ) ;
#1832 = ORIENTED_EDGE ( 'NONE', *, *, #7681, .F. ) ;
#1833 = CARTESIAN_POINT ( 'NONE',  ( 6.123233995736771213E-16, -13.50000000000000000, -5.000000000000000000 ) ) ;
#1834 = PRODUCT_DEFINITION_SHAPE ( 'NONE', 'NONE',  #7806 ) ;
#1835 = CARTESIAN_POINT ( 'NONE',  ( 12.53592464316426813, -2.749999999999999112, 10.88671310266080816 ) ) ;
#1836 = CARTESIAN_POINT ( 'NONE',  ( -1.280363805555795986, 3.613021264067779903, 69.38301247257049909 ) ) ;
#1837 = CARTESIAN_POINT ( 'NONE',  ( -5.000000000000000000, -10.37500000000000000, -6.123233995736750505E-16 ) ) ;
#1838 = PRESENTATION_STYLE_ASSIGNMENT (( #2955 ) ) ;
#1839 = CARTESIAN_POINT ( 'NONE',  ( -1.209837653015956027, 1.370063780961140010, 48.65283599813339066 ) ) ;
#1840 = CARTESIAN_POINT ( 'NONE',  ( 1.158974224832749700, 2.385883361116693467E-16, 52.15372655003664448 ) ) ;
#1841 = DIRECTION ( 'NONE',  ( 0.000000000000000000, 0.000000000000000000, 1.000000000000000000 ) ) ;
#1842 = SURFACE_SIDE_STYLE ('',( #2477 ) ) ;
#1843 = CARTESIAN_POINT ( 'NONE',  ( 0.000000000000000000, -13.50000000000000000, 0.000000000000000000 ) ) ;
#1844 = SURFACE_STYLE_USAGE ( .BOTH. , #1761 ) ;
#1845 = CARTESIAN_POINT ( 'NONE',  ( -7.276192489327615753, 0.02964657197675989175, 3.397363112704437249 ) ) ;
#1846 = CARTESIAN_POINT ( 'NONE',  ( -5.676582343749999815, -8.734375001706991881, -6.951808397369819752E-16 ) ) ;
#1847 = CARTESIAN_POINT ( 'NONE',  ( 3.535533905932739973, -2.406250003413984651, -3.535533905932739973 ) ) ;
#1848 = EDGE_CURVE ( 'NONE', #6409, #3809, #7263, .T. ) ;
#1849 = CARTESIAN_POINT ( 'NONE',  ( 5.676582343749999815, -5.609375001706989217, 0.000000000000000000 ) ) ;
#1850 = DIRECTION ( 'NONE',  ( 0.000000000000000000, 0.000000000000000000, 1.000000000000000000 ) ) ;
#1851 = EDGE_CURVE ( 'NONE', #1680, #5134, #1166, .T. ) ;
#1852 = SURFACE_SIDE_STYLE ('',( #7792 ) ) ;
#1853 = CARTESIAN_POINT ( 'NONE',  ( -5.676582343750006032, -12.40625000170698122, -2.351317394708899666 ) ) ;
#1854 = DIRECTION ( 'NONE',  ( 0.000000000000000000, -1.000000000000000000, 0.000000000000000000 ) ) ;
#1855 = B_SPLINE_CURVE_WITH_KNOTS ( 'NONE', 3,
 ( #4370, #3902, #2593, #4979, #6280, #882, #3302, #5697, #287, #2711, #925, #2097, #6917, #3936, #2933, #3378, #1668, #2826, #7683, #1699, #7572 ),
 .UNSPECIFIED., .F., .F.,
 ( 4, 2, 2, 1, 1, 2, 2, 2, 1, 2, 2, 4 ),
 ( 0.000000000000000000, 0.2499999999999983347, 0.3749999999999978351, 0.4374999999999975020, 0.4687499999999973355, 0.4843749999999971134, 0.4999999999999968914, 0.6249999999999966693, 0.6874999999999965583, 0.7187499999999966693, 0.7499999999999967804, 1.000000000000000000 ),
 .UNSPECIFIED. ) ;
#1856 = CARTESIAN_POINT ( 'NONE',  ( 0.000000000000000000, 0.000000000000000000, 0.000000000000000000 ) ) ;
#1857 = CARTESIAN_POINT ( 'NONE',  ( 2.351317394708899666, -1.937500001706993658, 5.676582343750004256 ) ) ;
#1858 = ORIENTED_EDGE ( 'NONE', *, *, #2800, .F. ) ;
#1859 = DIRECTION ( 'NONE',  ( 0.000000000000000000, 1.000000000000000000, 0.000000000000000000 ) ) ;
#1860 = CARTESIAN_POINT ( 'NONE',  ( -2.700231905789789444, 0.4425905877927166499, -7.999958572139687973 ) ) ;
#1861 =( NAMED_UNIT ( * ) SI_UNIT ( $, .STERADIAN. ) SOLID_ANGLE_UNIT ( ) );
#1862 = CARTESIAN_POINT ( 'NONE',  ( -5.000000000000005329, -9.359375003413978433, 2.071067811865475949 ) ) ;
#1863 = EDGE_CURVE ( 'NONE', #7168, #5236, #4435, .T. ) ;
#1864 = CARTESIAN_POINT ( 'NONE',  ( 2.071067811865475949, -4.515625000000000000, -5.000000000000005329 ) ) ;
#1865 = CARTESIAN_POINT ( 'NONE',  ( 5.676582343749999815, -10.60937500170700076, 0.000000000000000000 ) ) ;
#1866 = ORIENTED_EDGE ( 'NONE', *, *, #1205, .F. ) ;
#1867 = EDGE_CURVE ( 'NONE', #463, #5541, #4712, .T. ) ;
#1868 = CARTESIAN_POINT ( 'NONE',  ( -2.319505602710778547, -0.9732754328965350643, 48.76376643455935778 ) ) ;
#1869 = ORIENTED_EDGE ( 'NONE', *, *, #3888, .T. ) ;
#1870 = FILL_AREA_STYLE_COLOUR ( '', #2686 ) ;
#1871 = UNCERTAINTY_MEASURE_WITH_UNIT (LENGTH_MEASURE( 1.000000000000000082E-05 ), #6175, 'distance_accuracy_value', 'NONE');
#1872 = CARTESIAN_POINT ( 'NONE',  ( 0.6334997924197589558, 4.477253316603864784E-16, 54.26006629790609992 ) ) ;
#1873 = CARTESIAN_POINT ( 'NONE',  ( 3.475904198684909876E-16, -11.39062500170700076, -5.676582343749999815 ) ) ;
#1874 = CARTESIAN_POINT ( 'NONE',  ( 0.9465570057795469339, 6.183598611335770172E-10, 50.75671530296079936 ) ) ;
#1875 = CARTESIAN_POINT ( 'NONE',  ( -0.6606084082531904489, 1.202781458538059400, 49.32584836825477481 ) ) ;
#1876 = SURFACE_STYLE_FILL_AREA ( #5421 ) ;
#1877 = CARTESIAN_POINT ( 'NONE',  ( 3.747607612584526571, 0.0001584155266600508502, -3.536614621071655140 ) ) ;
#1878 = CARTESIAN_POINT ( 'NONE',  ( 3.535533905932735088, -0.2187500034139829852, 3.535533905932739973 ) ) ;
#1879 = EDGE_CURVE ( 'NONE', #5843, #7769, #5265, .T. ) ;
#1880 = UNCERTAINTY_MEASURE_WITH_UNIT (LENGTH_MEASURE( 1.000000000000000082E-05 ), #7304, 'distance_accuracy_value', 'NONE');
#1881 = CARTESIAN_POINT ( 'NONE',  ( -1.750000000000000000, 0.000000000000000000, 2.451054324405280101E-16 ) ) ;
#1882 = CARTESIAN_POINT ( 'NONE',  ( -2.071067811865461739, -3.421875003413981986, -5.000000000000021316 ) ) ;
#1883 = DIRECTION ( 'NONE',  ( 0.8660254037844347108, 0.000000000000000000, -0.5000000000000067724 ) ) ;
#1884 = EDGE_CURVE ( 'NONE', #6517, #423, #897, .T. ) ;
#1885 = CARTESIAN_POINT ( 'NONE',  ( -5.676582343750004256, -12.40625000170698300, 2.351317394708899666 ) ) ;
#1886 = CARTESIAN_POINT ( 'NONE',  ( 4.013949869229449519, -5.453125001706989217, -4.013949869229449519 ) ) ;
#1887 = CARTESIAN_POINT ( 'NONE',  ( -4.013949869229449519, -5.140625001706990105, -4.013949869229449519 ) ) ;
#1888 = STYLED_ITEM ( 'NONE', ( #2144 ), #6102 ) ;
#1889 = SURFACE_STYLE_USAGE ( .BOTH. , #5994 ) ;
#1890 = B_SPLINE_CURVE_WITH_KNOTS ( 'NONE', 3,
 ( #1121, #5270, #6611, #5305, #452, #6484, #2876, #1087, #2956, #3594, #5981, #6450, #4788, #610, #572, #1055, #6022, #1647 ),
 .UNSPECIFIED., .F., .F.,
 ( 4, 2, 2, 2, 2, 2, 2, 2, 4 ),
 ( 0.000000000000000000, 0.1249999999999999167, 0.2499999999999998335, 0.3749999999999998335, 0.4999999999999998890, 0.6249999999999998890, 0.7499999999999998890, 0.8750000000000000000, 1.000000000000000000 ),
 .UNSPECIFIED. ) ;
#1891 = CARTESIAN_POINT ( 'NONE',  ( -5.676582343749999815, -9.828125001706990105, -6.951808397369819752E-16 ) ) ;
#1892 = SURFACE_SIDE_STYLE ('',( #5521 ) ) ;
#1893 = CARTESIAN_POINT ( 'NONE',  ( 4.599355438478710312, 1.981944279537670273, 69.06391559825200943 ) ) ;
#1894 = CARTESIAN_POINT ( 'NONE',  ( -5.676582343749999815, -2.328125001706990105, -6.951808397369819752E-16 ) ) ;
#1895 = ORIENTED_EDGE ( 'NONE', *, *, #175, .T. ) ;
#1896 = CARTESIAN_POINT ( 'NONE',  ( 3.750651387404325021, 1.916336137257149999E-14, 69.10997541823309120 ) ) ;
#1897 = FACE_OUTER_BOUND ( 'NONE', #238, .T. ) ;
#1898 = EDGE_CURVE ( 'NONE', #5258, #2240, #3591, .T. ) ;
#1899 =( NAMED_UNIT ( * ) SI_UNIT ( $, .STERADIAN. ) SOLID_ANGLE_UNIT ( ) );
#1900 = STYLED_ITEM ( 'NONE', ( #4561 ), #3871 ) ;
#1901 = CARTESIAN_POINT ( 'NONE',  ( 3.061616997868385113E-16, -9.750000003413978433, -5.000000000000000000 ) ) ;
#1902 = CARTESIAN_POINT ( 'NONE',  ( 5.000000000000005329, -3.421874999999999556, -2.071067811865475949 ) ) ;
#1903 = ADVANCED_FACE ( 'NONE', ( #4258 ), #2346, .T. ) ;
#1904 = FILL_AREA_STYLE ('',( #7116 ) ) ;
#1905 = CARTESIAN_POINT ( 'NONE',  ( -2.351317394708905439, -9.750000001706990105, 5.676582343750006032 ) ) ;
#1906 = ORIENTED_EDGE ( 'NONE', *, *, #4555, .T. ) ;
#1907 = DIRECTION ( 'NONE',  ( 0.000000000000000000, -1.000000000000000000, 0.000000000000000000 ) ) ;
#1908 = CARTESIAN_POINT ( 'NONE',  ( -4.410000928563884592, -0.2403655947491606104, -3.204042958918087880 ) ) ;
#1909 = CARTESIAN_POINT ( 'NONE',  ( 6.123233995736771213E-16, -13.50000000000000000, -5.000000000000000000 ) ) ;
#1910 = CARTESIAN_POINT ( 'NONE',  ( -3.473475070743845983, -0.1330077748097261425, 51.57559053215287292 ) ) ;
#1911 = ORIENTED_EDGE ( 'NONE', *, *, #2091, .F. ) ;
#1912 = CIRCLE ( 'NONE', #1415, 5.000000000000000000 ) ;
#1913 =( LENGTH_UNIT ( ) NAMED_UNIT ( * ) SI_UNIT ( .MILLI., .METRE. ) );
#1914 = CARTESIAN_POINT ( 'NONE',  ( 13.90972873837949209, -2.749999999999999112, 20.63402643463729547 ) ) ;
#1915 = MECHANICAL_DESIGN_GEOMETRIC_PRESENTATION_REPRESENTATION (  '', ( #3950 ), #2813 ) ;
#1916 = CARTESIAN_POINT ( 'NONE',  ( -4.013949869229449519, -12.17187500170700076, 4.013949869229449519 ) ) ;
#1917 = ADVANCED_FACE ( 'NONE', ( #7443 ), #6133, .T. ) ;
#1918 = LINE ( 'NONE', #4454, #2524 ) ;
#1919 = CARTESIAN_POINT ( 'NONE',  ( -0.03459081194715920432, 1.312391204573299053, 49.82713731844769711 ) ) ;
#1920 = STYLED_ITEM ( 'NONE', ( #4750 ), #5149 ) ;
#1921 = CARTESIAN_POINT ( 'NONE',  ( 4.206869978257874010, -6.389299669009615024E-06, -2.883815270592805291 ) ) ;
#1922 = CARTESIAN_POINT ( 'NONE',  ( 4.999999999999999112, -0.03244061344258305363, -0.7968644481801923085 ) ) ;
#1923 = SURFACE_STYLE_USAGE ( .BOTH. , #3118 ) ;
#1924 = CARTESIAN_POINT ( 'NONE',  ( 3.061616997868385113E-16, -1.000000003413983984, -5.000000000000000000 ) ) ;
#1925 = CARTESIAN_POINT ( 'NONE',  ( -1.965358843065458494, 1.840326582792942034, 69.42018767878720098 ) ) ;
#1926 = AXIS2_PLACEMENT_3D ( 'NONE', #3416, #961, #6500 ) ;
#1927 = CARTESIAN_POINT ( 'NONE',  ( -2.351317394708905439, -6.000000001706996322, 5.676582343750004256 ) ) ;
#1928 = DIRECTION ( 'NONE',  ( 0.000000000000000000, 0.000000000000000000, -1.000000000000000000 ) ) ;
#1929 = CARTESIAN_POINT ( 'NONE',  ( -2.351317394708899666, -5.218750001706989217, -5.676582343750006032 ) ) ;
#1930 = CARTESIAN_POINT ( 'NONE',  ( -1.042771259605471878E-15, -2.171875001706990105, 5.676582343749999815 ) ) ;
#1931 = CYLINDRICAL_SURFACE ( 'NONE', #6164, 1.375000000000000000 ) ;
#1932 = CARTESIAN_POINT ( 'NONE',  ( 0.000000000000000000, 0.000000000000000000, -3.250000000000000000 ) ) ;
#1933 = VECTOR ( 'NONE', #7583, 1000.000000000000000 ) ;
#1934 = DIRECTION ( 'NONE',  ( 0.000000000000000000, -1.000000000000000000, 0.000000000000000000 ) ) ;
#1935 = CARTESIAN_POINT ( 'NONE',  ( -5.676582343749999815, -4.828125001706989217, -6.951808397369819752E-16 ) ) ;
#1936 = CARTESIAN_POINT ( 'NONE',  ( 16.37500000000000000, 4.477253316603870700E-16, 0.000000000000000000 ) ) ;
#1937 = STYLED_ITEM ( 'NONE', ( #4158 ), #7698 ) ;
#1938 = CARTESIAN_POINT ( 'NONE',  ( -1.042771259605471878E-15, -4.515625001706989217, 5.676582343749999815 ) ) ;
#1939 = ORIENTED_EDGE ( 'NONE', *, *, #7744, .T. ) ;
#1940 = CARTESIAN_POINT ( 'NONE',  ( 2.071067811859506058, -3.734375000000329958, 5.000000000005942802 ) ) ;
#1941 = FILL_AREA_STYLE_COLOUR ( '', #544 ) ;
#1942 = CARTESIAN_POINT ( 'NONE',  ( 4.999999999999994671, -8.890625003413983762, 2.071067811865475949 ) ) ;
#1943 = CARTESIAN_POINT ( 'NONE',  ( -5.000000000000000000, -1.625000000000000000, -6.123233995736771213E-16 ) ) ;
#1944 = CARTESIAN_POINT ( 'NONE',  ( 3.061616997868385113E-16, -6.000000003413980210, -5.000000000000000000 ) ) ;
#1945 = CARTESIAN_POINT ( 'NONE',  ( -5.676582343750006032, -7.406250001706987440, 2.351317394708899666 ) ) ;
#1946 = ORIENTED_EDGE ( 'NONE', *, *, #143, .F. ) ;
#1947 = DIRECTION ( 'NONE',  ( 0.000000000000000000, -1.000000000000000000, 0.000000000000000000 ) ) ;
#1948 =( NAMED_UNIT ( * ) PLANE_ANGLE_UNIT ( ) SI_UNIT ( $, .RADIAN. ) );
#1949 = AXIS2_PLACEMENT_3D ( 'NONE', #126, #3188, #5582 ) ;
#1950 = ORIENTED_EDGE ( 'NONE', *, *, #5773, .F. ) ;
#1951 = CARTESIAN_POINT ( 'NONE',  ( -1.280363805555795986, 3.613021264067779903, 69.38301247257049909 ) ) ;
#1952 = CARTESIAN_POINT ( 'NONE',  ( 5.676582343750006032, -10.37500000170699721, -2.351317394708899666 ) ) ;
#1953 = CARTESIAN_POINT ( 'NONE',  ( -9.184850993605149917E-16, -7.875000003413979321, 5.000000000000000000 ) ) ;
#1954 = STYLED_ITEM ( 'NONE', ( #2340 ), #4514 ) ;
#1955 = CARTESIAN_POINT ( 'NONE',  ( -1.387179541839731911, 1.377537099427545986, 48.67084343654959611 ) ) ;
#1956 = CARTESIAN_POINT ( 'NONE',  ( 0.000000000000000000, 0.000000000000000000, 0.000000000000000000 ) ) ;
#1957 = CARTESIAN_POINT ( 'NONE',  ( -1.597174823703867430, 3.462294470951578607, 69.40020604958417039 ) ) ;
#1958 = CARTESIAN_POINT ( 'NONE',  ( -2.373723559518670090, -0.8749388906694257617, 49.57277735374567129 ) ) ;
#1959 = UNCERTAINTY_MEASURE_WITH_UNIT (LENGTH_MEASURE( 1.000000000000000082E-05 ), #7697, 'distance_accuracy_value', 'NONE');
#1960 = FILL_AREA_STYLE_COLOUR ( '', #1666 ) ;
#1961 = CARTESIAN_POINT ( 'NONE',  ( 4.291837387425858630, -1.854716890326174372, 69.08060483881180858 ) ) ;
#1962 = CARTESIAN_POINT ( 'NONE',  ( 5.676582343750004256, -5.531250001706991881, -2.351317394708899666 ) ) ;
#1963 = EDGE_CURVE ( 'NONE', #6305, #4737, #4467, .T. ) ;
#1964 = CARTESIAN_POINT ( 'NONE',  ( 5.676582343750006032, -3.187500001706989217, 2.351317394708905439 ) ) ;
#1965 = CARTESIAN_POINT ( 'NONE',  ( -4.013949869229449519, -1.078125001706990105, 4.013949869229449519 ) ) ;
#1966 = CARTESIAN_POINT ( 'NONE',  ( -4.592459355429410195, -0.1101575186487835922, -3.336600691411609976 ) ) ;
#1967 = EDGE_CURVE ( 'NONE', #5765, #1691, #65, .T. ) ;
#1968 = DIRECTION ( 'NONE',  ( 0.000000000000000000, 0.000000000000000000, 1.000000000000000000 ) ) ;
#1969 = ADVANCED_BREP_SHAPE_REPRESENTATION ( '', ( #125, #668 ), #808 ) ;
#1970 = CARTESIAN_POINT ( 'NONE',  ( 4.563128068997045261, 0.5235987755982981495, 71.56956062368637106 ) ) ;
#1971 = CARTESIAN_POINT ( 'NONE',  ( -5.676582343750006032, -9.750000001706990105, 2.351317394708899666 ) ) ;
#1972 = DIRECTION ( 'NONE',  ( 0.05419102103501149265, 2.531900870405027836E-15, 0.9985305870323567534 ) ) ;
#1973 = CARTESIAN_POINT ( 'NONE',  ( -2.689626309513885705, -1.828355299379441190, 50.62654725763765384 ) ) ;
#1974 = MECHANICAL_DESIGN_GEOMETRIC_PRESENTATION_REPRESENTATION (  '', ( #6261 ), #4861 ) ;
#1975 = ORIENTED_EDGE ( 'NONE', *, *, #6597, .F. ) ;
#1976 = CARTESIAN_POINT ( 'NONE',  ( -3.598105198473485977, 2.622049124298939660, 65.16908791642704557 ) ) ;
#1977 = DIRECTION ( 'NONE',  ( 0.000000000000000000, 1.000000000000000000, 0.000000000000000000 ) ) ;
#1978 = CARTESIAN_POINT ( 'NONE',  ( 3.535533905932735088, -8.968750003413978433, 3.535533905932739973 ) ) ;
#1979 = CARTESIAN_POINT ( 'NONE',  ( -5.000000000000005329, -2.796874999999999556, 2.071067811865475949 ) ) ;
#1980 = CARTESIAN_POINT ( 'NONE',  ( 4.013949869229449519, -12.79687500170700076, -4.013949869229449519 ) ) ;
#1981 = CARTESIAN_POINT ( 'NONE',  ( -4.013949869229449519, -8.578125001706991881, 4.013949869229449519 ) ) ;
#1982 = EDGE_LOOP ( 'NONE', ( #4090, #7410, #5742, #7800 ) ) ;
#1983 = VERTEX_POINT ( 'NONE', #5645 ) ;
#1984 = CARTESIAN_POINT ( 'NONE',  ( -4.045103214845564565, -0.5007817469499149521, -2.938901152003255302 ) ) ;
#1985 = CARTESIAN_POINT ( 'NONE',  ( -2.182630703221029478, 4.109756592323509317, 7.999998843049053399 ) ) ;
#1986 = DIRECTION ( 'NONE',  ( 0.05419102103501098611, 3.049698635436430871E-16, 0.9985305870323567534 ) ) ;
#1987 = ORIENTED_EDGE ( 'NONE', *, *, #2295, .F. ) ;
#1988 = CARTESIAN_POINT ( 'NONE',  ( -7.560530263915114624, 4.300813317931631019, 2.904778065717388280 ) ) ;
#1989 = CARTESIAN_POINT ( 'NONE',  ( 4.269327523463524621, 4.477253316603870700E-16, 38.40043642629655096 ) ) ;
#1990 = CARTESIAN_POINT ( 'NONE',  ( -5.676582343749999815, -12.32812500170700076, -6.951808397369819752E-16 ) ) ;
#1991 = CARTESIAN_POINT ( 'NONE',  ( 3.535533905932714660, -1.156250000000015987, 3.535533905932719989 ) ) ;
#1992 = CARTESIAN_POINT ( 'NONE',  ( 0.1177221003566999297, 1.134281323072188652, 49.80803789558197536 ) ) ;
#1993 = PRESENTATION_LAYER_ASSIGNMENT (  '', '', ( #1104 ) ) ;
#1994 = CARTESIAN_POINT ( 'NONE',  ( 4.414844607846999835, -0.3200524223806365254, 69.07392914258790029 ) ) ;
#1995 = EDGE_CURVE ( 'NONE', #4891, #1630, #5480, .T. ) ;
#1996 = CARTESIAN_POINT ( 'NONE',  ( 4.356650839089050820, 8.655187463808745212E-05, -2.620700532967873198 ) ) ;
#1997 = CARTESIAN_POINT ( 'NONE',  ( -3.053362513768208331, 1.982017255638585773, 69.47923447271710984 ) ) ;
#1998 = SHAPE_REPRESENTATION ( 'PR1KCS28_antenna_v1.STEP', ( #4697, #2707, #294, #418, #1307, #5722, #2836 ), #3089 ) ;
#1999 = CARTESIAN_POINT ( 'NONE',  ( -3.476210653477695534, 0.2537416294274374984, 51.57629898884711395 ) ) ;
#2000 = DIRECTION ( 'NONE',  ( 0.000000000000000000, 1.000000000000000000, 0.000000000000000000 ) ) ;
#2001 = VECTOR ( 'NONE', #4189, 1000.000000000000000 ) ;
#2002 = CARTESIAN_POINT ( 'NONE',  ( -9.237604307034001039, 4.400000000000000355, 6.450584610725228967E-14 ) ) ;
#2003 = CARTESIAN_POINT ( 'NONE',  ( -2.351317394708899666, -6.468750001706989217, -5.676582343750004256 ) ) ;
#2004 = PRESENTATION_STYLE_ASSIGNMENT (( #5558 ) ) ;
#2005 = CARTESIAN_POINT ( 'NONE',  ( -5.676582343749999815, -4.984375001706990105, -6.951808397369819752E-16 ) ) ;
#2006 = CARTESIAN_POINT ( 'NONE',  ( 16.37500000000000000, 5.217144091088729873E-16, 0.000000000000000000 ) ) ;
#2007 = CARTESIAN_POINT ( 'NONE',  ( -4.592451586063000413, -1.513205987010749968E-15, -3.336611385079434999 ) ) ;
#2008 = ADVANCED_FACE ( 'NONE', ( #1469 ), #7401, .T. ) ;
#2009 = DIRECTION ( 'NONE',  ( 3.380207847158605207E-15, 0.000000000000000000, 1.000000000000000000 ) ) ;
#2010 = PRESENTATION_STYLE_ASSIGNMENT (( #1467 ) ) ;
#2011 = CARTESIAN_POINT ( 'NONE',  ( -4.013949869229449519, -8.421875001706990105, 4.013949869229449519 ) ) ;
#2012 = DIRECTION ( 'NONE',  ( 0.000000000000000000, -1.000000000000000000, 0.000000000000000000 ) ) ;
#2013 = AXIS2_PLACEMENT_3D ( 'NONE', #6648, #4711, #2307 ) ;
#2014 = CARTESIAN_POINT ( 'NONE',  ( 1.514245761605875104E-11, -5.687500000000569322, -5.000000000000000000 ) ) ;
#2015 = VERTEX_POINT ( 'NONE', #1936 ) ;
#2016 = FILL_AREA_STYLE ('',( #1473 ) ) ;
#2017 = DIRECTION ( 'NONE',  ( 0.000000000000000000, -1.000000000000000000, 0.000000000000000000 ) ) ;
#2018 = AXIS2_PLACEMENT_3D ( 'NONE', #2279, #7046, #7597 ) ;
#2019 = B_SPLINE_CURVE_WITH_KNOTS ( 'NONE', 3,
 ( #4825, #6173, #255, #3874, #5548 ),
 .UNSPECIFIED., .F., .F.,
 ( 4, 1, 4 ),
 ( 0.000000000000000000, 0.3831719372370204213, 1.000000000000000000 ),
 .UNSPECIFIED. ) ;
#2020 = FILL_AREA_STYLE ('',( #1313 ) ) ;
#2021 = CARTESIAN_POINT ( 'NONE',  ( 3.061616997868385113E-16, -3.500000003413985095, -5.000000000000000000 ) ) ;
#2022 = CARTESIAN_POINT ( 'NONE',  ( -5.963779061554267180, -0.3711838142948750696, -0.2980445423887371215 ) ) ;
#2023 = STYLED_ITEM ( 'NONE', ( #4198 ), #6276 ) ;
#2024 = CARTESIAN_POINT ( 'NONE',  ( -1.042771259605471878E-15, -12.01562500170700076, 5.676582343749999815 ) ) ;
#2025 = EDGE_LOOP ( 'NONE', ( #6919, #425, #1200 ) ) ;
#2026 = AXIS2_PLACEMENT_3D ( 'NONE', #6668, #2455, #7404 ) ;
#2027 = CARTESIAN_POINT ( 'NONE',  ( -1.443458796676116096, 1.373281299009011525, 48.67658687468774303 ) ) ;
#2028 = DIRECTION ( 'NONE',  ( 0.000000000000000000, -1.000000000000000000, 0.000000000000000000 ) ) ;
#2029 = EDGE_LOOP ( 'NONE', ( #5893, #6398, #5157, #3501, #4287 ) ) ;
#2030 = CARTESIAN_POINT ( 'NONE',  ( -0.06318749103305430770, 4.477253316603870700E-16, 49.62022829881479424 ) ) ;
#2031 = CARTESIAN_POINT ( 'NONE',  ( 2.351317394708899666, -8.187500001706995434, 5.676582343750006032 ) ) ;
#2032 = CARTESIAN_POINT ( 'NONE',  ( -2.715589451808734900, 0.1475207649143333855, 48.80304786439369735 ) ) ;
#2033 = CARTESIAN_POINT ( 'NONE',  ( 2.071067811865459962, -2.484375000000023537, 4.999999999999962697 ) ) ;
#2034 = CARTESIAN_POINT ( 'NONE',  ( 16.37500000000000000, 5.217144091088729873E-16, -65.48512825965229922 ) ) ;
#2035 = CARTESIAN_POINT ( 'NONE',  ( 7.276192489327601542, 4.370353428023205034, 3.397363112704550048 ) ) ;
#2036 = CARTESIAN_POINT ( 'NONE',  ( -2.678720860699468798, 0.05831242574521294103, 49.61844593913318846 ) ) ;
#2037 = DIRECTION ( 'NONE',  ( 0.000000000000000000, 0.000000000000000000, 1.000000000000000000 ) ) ;
#2038 = VECTOR ( 'NONE', #1088, 1000.000000000000000 ) ;
#2039 = CARTESIAN_POINT ( 'NONE',  ( 0.000000000000000000, 15.00000000000000000, 0.000000000000000000 ) ) ;
#2040 = COLOUR_RGB ( '',0.5019607843137254832, 0.5019607843137254832, 0.5019607843137254832 ) ;
#2041 = CARTESIAN_POINT ( 'NONE',  ( 2.351317394708899666, -2.875000001706992769, -5.676582343750004256 ) ) ;
#2042 = FILL_AREA_STYLE_COLOUR ( '', #989 ) ;
#2043 = CARTESIAN_POINT ( 'NONE',  ( -5.000000000000211386, -5.453124999999879208, -2.071067811865567876 ) ) ;
#2044 = LINE ( 'NONE', #5602, #3672 ) ;
#2045 = CARTESIAN_POINT ( 'NONE',  ( 5.000000000000005329, -2.484375003413985539, -2.071067811865475949 ) ) ;
#2046 = CARTESIAN_POINT ( 'NONE',  ( 5.828561146016602024, 4.103439423230867078, -5.904636385410644728 ) ) ;
#2047 = ORIENTED_EDGE ( 'NONE', *, *, #767, .T. ) ;
#2048 = CARTESIAN_POINT ( 'NONE',  ( 4.459171755215974642, 1.046991537437121700, 71.57520241259095428 ) ) ;
#2049 = CARTESIAN_POINT ( 'NONE',  ( -1.042771259605471878E-15, -9.515625001706990105, 5.676582343749999815 ) ) ;
#2050 = FILL_AREA_STYLE_COLOUR ( '', #7631 ) ;
#2051 = CARTESIAN_POINT ( 'NONE',  ( -2.882832631679594915, -1.539997669259749902, 51.47170463654980210 ) ) ;
#2052 = B_SPLINE_CURVE_WITH_KNOTS ( 'NONE', 1,
 ( #7508, #5709 ),
 .UNSPECIFIED., .F., .F.,
 ( 2, 2 ),
 ( 0.000000000000000000, 1.000000000000000000 ),
 .UNSPECIFIED. ) ;
#2053 = ORIENTED_EDGE ( 'NONE', *, *, #2951, .T. ) ;
#2054 = CARTESIAN_POINT ( 'NONE',  ( 6.223909719168212895, 0.1229064238384171559, -5.219852543478589624 ) ) ;
#2055 = PLANE ( 'NONE',  #3231 ) ;
#2056 = APPLICATION_CONTEXT ( 'automotive_design' ) ;
#2057 =( GEOMETRIC_REPRESENTATION_CONTEXT ( 3 ) GLOBAL_UNCERTAINTY_ASSIGNED_CONTEXT ( ( #4710 ) ) GLOBAL_UNIT_ASSIGNED_CONTEXT ( ( #3528, #1701, #5249 ) ) REPRESENTATION_CONTEXT ( 'NONE', 'WORKASPACE' ) );
#2058 = CARTESIAN_POINT ( 'NONE',  ( -5.000000000000000000, -3.187500003413984651, -6.123233995736771213E-16 ) ) ;
#2059 = CARTESIAN_POINT ( 'NONE',  ( 5.676582343750006032, -10.53125000170698655, -2.351317394708899666 ) ) ;
#2060 = CARTESIAN_POINT ( 'NONE',  ( -5.676582343750004256, -12.25000000170699366, 2.351317394708899666 ) ) ;
#2061 = ADVANCED_FACE ( 'NONE', ( #4879 ), #702, .F. ) ;
#2062 = VERTEX_POINT ( 'NONE', #5565 ) ;
#2063 = CARTESIAN_POINT ( 'NONE',  ( 0.8425343012671550058, 2.560655810875954744E-16, 50.08060228581869922 ) ) ;
#2064 = CARTESIAN_POINT ( 'NONE',  ( -0.4383293795635977985, 1.017322281859104782, 48.57183071980618649 ) ) ;
#2065 = AXIS2_PLACEMENT_3D ( 'NONE', #6945, #5803, #1551 ) ;
#2066 = CARTESIAN_POINT ( 'NONE',  ( -2.704166277726899943E-14, 0.000000000000000000, -8.000000000000000000 ) ) ;
#2067 = FILL_AREA_STYLE_COLOUR ( '', #7561 ) ;
#2068 = VERTEX_POINT ( 'NONE', #2577 ) ;
#2069 = CARTESIAN_POINT ( 'NONE',  ( 11.16227881057210070, 6.161142665431478987E-16, 20.43400127884239836 ) ) ;
#2070 = CARTESIAN_POINT ( 'NONE',  ( -2.351317394708899666, -6.312500001706988328, -5.676582343750006032 ) ) ;
#2071 = CARTESIAN_POINT ( 'NONE',  ( -2.071067811865475949, -11.39062500000000178, 4.999999999999994671 ) ) ;
#2072 = CARTESIAN_POINT ( 'NONE',  ( -3.194363087842116755, 0.3426664356893248664, 50.22605650044825154 ) ) ;
#2073 =( NAMED_UNIT ( * ) PLANE_ANGLE_UNIT ( ) SI_UNIT ( $, .RADIAN. ) );
#2074 = CARTESIAN_POINT ( 'NONE',  ( -3.547788271286824724, 0.3200524223806355262, 69.50606733790310443 ) ) ;
#2075 = CARTESIAN_POINT ( 'NONE',  ( -1.234094881885219985, -1.372516075682699954, 48.65531138362990049 ) ) ;
#2076 = FILL_AREA_STYLE ('',( #6412 ) ) ;
#2077 = CARTESIAN_POINT ( 'NONE',  ( 2.406525205399058898, 2.402314104326002120, 71.68660111564837223 ) ) ;
#2078 = CARTESIAN_POINT ( 'NONE',  ( 5.676582343749999815, -4.359375001706990105, 0.000000000000000000 ) ) ;
#2079 = CARTESIAN_POINT ( 'NONE',  ( -5.000000000000060396, -11.70312499999996447, -2.071067811865497710 ) ) ;
#2080 = CARTESIAN_POINT ( 'NONE',  ( 0.000000000000000000, 0.000000000000000000, 0.000000000000000000 ) ) ;
#2081 = DIRECTION ( 'NONE',  ( 0.000000000000000000, 0.000000000000000000, -1.000000000000000000 ) ) ;
#2082 = CARTESIAN_POINT ( 'NONE',  ( 6.505700971754294848, 4.356456597409110287, -4.731979661852895980 ) ) ;
#2083 = EDGE_LOOP ( 'NONE', ( #6754, #3404 ) ) ;
#2084 = CARTESIAN_POINT ( 'NONE',  ( -1.699999999999999956, -15.00000000000000000, 1.375000000000000000 ) ) ;
#2085 = CARTESIAN_POINT ( 'NONE',  ( -2.351317394708905439, -4.593750001706991881, 5.676582343750006032 ) ) ;
#2086 = ADVANCED_FACE ( 'NONE', ( #199 ), #1600, .T. ) ;
#2087 = SURFACE_STYLE_USAGE ( .BOTH. , #1427 ) ;
#2088 = ORIENTED_EDGE ( 'NONE', *, *, #2357, .F. ) ;
#2089 = CARTESIAN_POINT ( 'NONE',  ( 4.059015462084652803, -2.014475921483599663, 71.59691920162075007 ) ) ;
#2090 = DIRECTION ( 'NONE',  ( 0.000000000000000000, -1.000000000000000000, 0.000000000000000000 ) ) ;
#2091 = EDGE_CURVE ( 'NONE', #850, #3700, #3074, .T. ) ;
#2092 = DIRECTION ( 'NONE',  ( 0.4284729934589704414, -0.9032553160169447537, -0.02325355808125753251 ) ) ;
#2093 = CARTESIAN_POINT ( 'NONE',  ( 5.000000000000005329, -4.984375003413988203, -2.071067811865475949 ) ) ;
#2094 = CARTESIAN_POINT ( 'NONE',  ( 5.676582343750006032, -10.68750000170698833, 2.351317394708905439 ) ) ;
#2095 = DIRECTION ( 'NONE',  ( 0.05419102103501098611, 3.049698635436430871E-16, 0.9985305870323567534 ) ) ;
#2096 = EDGE_LOOP ( 'NONE', ( #6993, #6820, #7106, #325 ) ) ;
#2097 = CARTESIAN_POINT ( 'NONE',  ( 8.022847935048696755, 4.108000118591788485, -2.104017485182614777 ) ) ;
#2098 = CARTESIAN_POINT ( 'NONE',  ( -2.837890393953975465, 3.912071328342002552, 7.999923091849177048 ) ) ;
#2099 =( GEOMETRIC_REPRESENTATION_CONTEXT ( 3 ) GLOBAL_UNCERTAINTY_ASSIGNED_CONTEXT ( ( #3080 ) ) GLOBAL_UNIT_ASSIGNED_CONTEXT ( ( #3892, #3211, #6743 ) ) REPRESENTATION_CONTEXT ( 'NONE', 'WORKASPACE' ) );
#2100 = ORIENTED_EDGE ( 'NONE', *, *, #6155, .T. ) ;
#2101 = CARTESIAN_POINT ( 'NONE',  ( -1.781207543317679942, -1.747247084001894990, 49.95335788717789427 ) ) ;
#2102 = CARTESIAN_POINT ( 'NONE',  ( 3.475904198684909876E-16, -8.890625001706990105, -5.676582343749999815 ) ) ;
#2103 = FILL_AREA_STYLE_COLOUR ( '', #880 ) ;
#2104 = EDGE_CURVE ( 'NONE', #1604, #7762, #3893, .T. ) ;
#2105 = CARTESIAN_POINT ( 'NONE',  ( -2.091669632158111192, 1.136790811240061760, 49.53120662976832023 ) ) ;
#2106 = PLANE ( 'NONE',  #1272 ) ;
#2107 = B_SPLINE_CURVE_WITH_KNOTS ( 'NONE', 3,
 ( #2652, #911, #791, #4392 ),
 .UNSPECIFIED., .F., .F.,
 ( 4, 4 ),
 ( 0.000000000000000000, 1.000000000000000000 ),
 .UNSPECIFIED. ) ;
#2108 = CARTESIAN_POINT ( 'NONE',  ( -0.02622089218056237320, -0.4065103400692571256, 49.23549048353186919 ) ) ;
#2109 = UNCERTAINTY_MEASURE_WITH_UNIT (LENGTH_MEASURE( 1.000000000000000082E-05 ), #455, 'distance_accuracy_value', 'NONE');
#2110 = CARTESIAN_POINT ( 'NONE',  ( 16.37500000000000000, 5.217144091088729873E-16, -65.48512825965229922 ) ) ;
#2111 = CARTESIAN_POINT ( 'NONE',  ( -4.592451586062996860, -0.1101579808844967562, -3.336611385079437220 ) ) ;
#2112 = MECHANICAL_DESIGN_GEOMETRIC_PRESENTATION_REPRESENTATION (  '', ( #3771 ), #5013 ) ;
#2113 = DIRECTION ( 'NONE',  ( 0.000000000000000000, 1.000000000000000000, 0.000000000000000000 ) ) ;
#2114 = CARTESIAN_POINT ( 'NONE',  ( 15.17998707911191225, -1.375000000000000222, 0.000000000000000000 ) ) ;
#2115 = CARTESIAN_POINT ( 'NONE',  ( -2.471745224425394127, -2.038697419657224797E-15, 71.11678894840446219 ) ) ;
#2116 = MECHANICAL_DESIGN_GEOMETRIC_PRESENTATION_REPRESENTATION (  '', ( #6799 ), #5150 ) ;
#2117 = ADVANCED_FACE ( 'NONE', ( #6906 ), #1655, .T. ) ;
#2118 =( NAMED_UNIT ( * ) SI_UNIT ( $, .STERADIAN. ) SOLID_ANGLE_UNIT ( ) );
#2119 =( GEOMETRIC_REPRESENTATION_CONTEXT ( 3 ) GLOBAL_UNCERTAINTY_ASSIGNED_CONTEXT ( ( #6769 ) ) GLOBAL_UNIT_ASSIGNED_CONTEXT ( ( #6264, #4307, #5674 ) ) REPRESENTATION_CONTEXT ( 'NONE', 'WORKASPACE' ) );
#2120 = EDGE_CURVE ( 'NONE', #271, #3705, #5523, .T. ) ;
#2121 = FILL_AREA_STYLE_COLOUR ( '', #3320 ) ;
#2122 = CARTESIAN_POINT ( 'NONE',  ( -5.676582343749999815, -3.578125001706990105, -6.951808397369819752E-16 ) ) ;
#2123 = CARTESIAN_POINT ( 'NONE',  ( -5.000000000000000000, -6.937500003413980210, -6.123233995736771213E-16 ) ) ;
#2124 = PRESENTATION_STYLE_ASSIGNMENT (( #7012 ) ) ;
#2125 = ORIENTED_EDGE ( 'NONE', *, *, #4151, .T. ) ;
#2126 = ORIENTED_EDGE ( 'NONE', *, *, #7113, .F. ) ;
#2127 = CARTESIAN_POINT ( 'NONE',  ( -1.750000000000000000, 0.000000000000000000, 2.451054324405280101E-16 ) ) ;
#2128 =( NAMED_UNIT ( * ) SI_UNIT ( $, .STERADIAN. ) SOLID_ANGLE_UNIT ( ) );
#2129 = B_SPLINE_CURVE_WITH_KNOTS ( 'NONE', 3,
 ( #6396, #2828, #471, #5286 ),
 .UNSPECIFIED., .F., .F.,
 ( 4, 4 ),
 ( 0.000000000000000000, 1.000000000000000000 ),
 .UNSPECIFIED. ) ;
#2130 = STYLED_ITEM ( 'NONE', ( #3138 ), #913 ) ;
#2131 = AXIS2_PLACEMENT_3D ( 'NONE', #3565, #4836, #4875 ) ;
#2132 = CARTESIAN_POINT ( 'NONE',  ( -9.184850993605149917E-16, -4.125000003413985539, 5.000000000000000000 ) ) ;
#2133 = CARTESIAN_POINT ( 'NONE',  ( -4.013949869229449519, -12.64062500170700254, -4.013949869229449519 ) ) ;
#2134 = EDGE_CURVE ( 'NONE', #246, #5622, #1786, .T. ) ;
#2135 = AXIS2_PLACEMENT_3D ( 'NONE', #5235, #2164, #3441 ) ;
#2136 = ORIENTED_EDGE ( 'NONE', *, *, #4358, .F. ) ;
#2137 = PLANE ( 'NONE',  #2822 ) ;
#2138 = CARTESIAN_POINT ( 'NONE',  ( -4.618802153516930353, 3.162395692965989991, 8.000000000000000000 ) ) ;
#2139 = CARTESIAN_POINT ( 'NONE',  ( 0.4503081928159469727, 4.603993403836609488, 62.77952233586351127 ) ) ;
#2140 = EDGE_LOOP ( 'NONE', ( #5774, #3489 ) ) ;
#2141 = CARTESIAN_POINT ( 'NONE',  ( 0.01183386322149988096, -1.843838807762105070, 50.93829290744750438 ) ) ;
#2142 = EDGE_CURVE ( 'NONE', #5876, #4050, #106, .T. ) ;
#2143 = CARTESIAN_POINT ( 'NONE',  ( 4.013949869229449519, -5.296875001706990105, -4.013949869229449519 ) ) ;
#2144 = PRESENTATION_STYLE_ASSIGNMENT (( #3943 ) ) ;
#2145 = AXIS2_PLACEMENT_3D ( 'NONE', #7529, #5087, #6314 ) ;
#2146 = PRESENTATION_STYLE_ASSIGNMENT (( #363 ) ) ;
#2147 = CARTESIAN_POINT ( 'NONE',  ( 4.999999999999962697, -2.328125000000022204, 2.071067811865459962 ) ) ;
#2148 = DIRECTION ( 'NONE',  ( 0.000000000000000000, 1.000000000000000000, 0.000000000000000000 ) ) ;
#2149 = EDGE_CURVE ( 'NONE', #3524, #5261, #2280, .T. ) ;
#2150 = CARTESIAN_POINT ( 'NONE',  ( -1.464917957509280555, -1.873658358665104551, 50.00664745037173731 ) ) ;
#2151 = COLOUR_RGB ( '',0.5019607843137254832, 0.5019607843137254832, 0.000000000000000000 ) ;
#2152 = SURFACE_STYLE_USAGE ( .BOTH. , #3276 ) ;
#2153 = SURFACE_STYLE_FILL_AREA ( #7552 ) ;
#2154 = CARTESIAN_POINT ( 'NONE',  ( -4.013949869229449519, -0.1406250017069906044, -4.013949869229449519 ) ) ;
#2155 = DIRECTION ( 'NONE',  ( 0.000000000000000000, -1.000000000000000000, 0.000000000000000000 ) ) ;
#2156 = PRESENTATION_STYLE_ASSIGNMENT (( #5115 ) ) ;
#2157 = AXIS2_PLACEMENT_3D ( 'NONE', #3643, #2402, #1850 ) ;
#2158 = AXIS2_PLACEMENT_3D ( 'NONE', #174, #5542, #2635 ) ;
#2159 = CYLINDRICAL_SURFACE ( 'NONE', #3195, 1.374999999999999556 ) ;
#2160 = CARTESIAN_POINT ( 'NONE',  ( 2.351317394708899666, -0.6875000017069912150, 5.676582343750006032 ) ) ;
#2161 = EDGE_CURVE ( 'NONE', #6509, #4820, #3900, .T. ) ;
#2162 = CARTESIAN_POINT ( 'NONE',  ( 2.071067811865470620, -12.32812500341396245, -5.000000000000005329 ) ) ;
#2163 = EDGE_CURVE ( 'NONE', #3252, #6125, #4272, .T. ) ;
#2164 = DIRECTION ( 'NONE',  ( 0.000000000000000000, -1.000000000000000000, 0.000000000000000000 ) ) ;
#2165 = ORIENTED_EDGE ( 'NONE', *, *, #3908, .T. ) ;
#2166 = LINE ( 'NONE', #6386, #2304 ) ;
#2167 = DIRECTION ( 'NONE',  ( 0.000000000000000000, 0.000000000000000000, 1.000000000000000000 ) ) ;
#2168 = CARTESIAN_POINT ( 'NONE',  ( 5.712146037555819511, 0.3615003038009205194, -6.106271400963384721 ) ) ;
#2169 = CARTESIAN_POINT ( 'NONE',  ( 2.071067811865475949, -4.046875003413984651, 4.999999999999994671 ) ) ;
#2170 = COLOUR_RGB ( '',0.5019607843137254832, 0.5019607843137254832, 0.000000000000000000 ) ;
#2171 = CARTESIAN_POINT ( 'NONE',  ( 4.013949869229449519, -11.70312500170700076, -4.013949869229449519 ) ) ;
#2172 = CARTESIAN_POINT ( 'NONE',  ( -1.042771259605471878E-15, -7.015625001706990105, 5.676582343749999815 ) ) ;
#2173 = ORIENTED_EDGE ( 'NONE', *, *, #3315, .F. ) ;
#2174 = SURFACE_STYLE_FILL_AREA ( #3977 ) ;
#2175 = CARTESIAN_POINT ( 'NONE',  ( -3.140684131917199640, 1.227533660175127883, 51.51736041182189751 ) ) ;
#2176 = CARTESIAN_POINT ( 'NONE',  ( 1.750000000000000000, 0.000000000000000000, 5.895761189193470031 ) ) ;
#2177 = CARTESIAN_POINT ( 'NONE',  ( 3.195297878503559286, -0.4188790204786450588, 61.12834227667462983 ) ) ;
#2178 = ORIENTED_EDGE ( 'NONE', *, *, #6392, .T. ) ;
#2179 = CARTESIAN_POINT ( 'NONE',  ( -0.4918483320694170269, -2.113661425076819977, 51.03448856998790006 ) ) ;
#2180 = CARTESIAN_POINT ( 'NONE',  ( -1.042771259605471878E-15, -7.015625001706990105, 5.676582343749999815 ) ) ;
#2181 = CARTESIAN_POINT ( 'NONE',  ( 5.000000000000005329, -12.17187500000000178, -2.071067811865475949 ) ) ;
#2182 =( NAMED_UNIT ( * ) SI_UNIT ( $, .STERADIAN. ) SOLID_ANGLE_UNIT ( ) );
#2183 = VECTOR ( 'NONE', #7413, 1000.000000000000000 ) ;
#2184 = CARTESIAN_POINT ( 'NONE',  ( 0.3867061654309629781, -0.6652916520460422367, 49.76369904359134466 ) ) ;
#2185 = SHELL_BASED_SURFACE_MODEL ( 'NONE', ( #7082, #3338 ) );
#2186 = CARTESIAN_POINT ( 'NONE',  ( 13.62500000000000000, 3.533254742261115176E-16, 0.000000000000000000 ) ) ;
#2187 = CARTESIAN_POINT ( 'NONE',  ( -2.862676667485250181, 3.420335082104600557E-17, 55.77147151714460449 ) ) ;
#2188 = VERTEX_POINT ( 'NONE', #5273 ) ;
#2189 = CARTESIAN_POINT ( 'NONE',  ( 0.2880032931711920541, -0.8620948885309268617, 49.78660948789731577 ) ) ;
#2190 = UNCERTAINTY_MEASURE_WITH_UNIT (LENGTH_MEASURE( 1.000000000000000082E-05 ), #1148, 'distance_accuracy_value', 'NONE');
#2191 = CARTESIAN_POINT ( 'NONE',  ( -5.000000000000005329, -8.265625003413978433, -2.071067811865475949 ) ) ;
#2192 = PRODUCT_DEFINITION ( 'UNKNOWN', '', #7456, #3468 ) ;
#2193 = CARTESIAN_POINT ( 'NONE',  ( 2.071067811853100959, -7.484375000000637712, 5.000000000012424728 ) ) ;
#2194 = CARTESIAN_POINT ( 'NONE',  ( 2.032227184560989386, 4.146870746417841147, 8.000001036312603730 ) ) ;
#2195 = CARTESIAN_POINT ( 'NONE',  ( -2.351317394708905439, -1.000000001706991215, 5.676582343750004256 ) ) ;
#2196 = DIRECTION ( 'NONE',  ( 0.000000000000000000, 0.000000000000000000, 1.000000000000000000 ) ) ;
#2197 = CARTESIAN_POINT ( 'NONE',  ( -6.295876729227709134, 0.09918668206829939216, 5.095222241768905924 ) ) ;
#2198 = STYLED_ITEM ( 'NONE', ( #4363 ), #4354 ) ;
#2199 = FACE_OUTER_BOUND ( 'NONE', #1281, .T. ) ;
#2200 = CARTESIAN_POINT ( 'NONE',  ( -5.676582343749999815, -2.328125001706990105, -6.951808397369819752E-16 ) ) ;
#2201 = EDGE_CURVE ( 'NONE', #6437, #4479, #5769, .T. ) ;
#2202 = PRODUCT ( 'laidas_WiFi_i\X2\0161\X0\tisas.STEP', 'laidas_WiFi_i\X2\0161\X0\tisas.STEP', '', ( #2405 ) ) ;
#2203 = EDGE_LOOP ( 'NONE', ( #2136, #7498, #592, #3029, #2851, #7144 ) ) ;
#2204 = FACE_OUTER_BOUND ( 'NONE', #6561, .T. ) ;
#2205 = CARTESIAN_POINT ( 'NONE',  ( -0.8651125987295367192, 9.802225465570753630E-05, -5.421739928727919988 ) ) ;
#2206 = CARTESIAN_POINT ( 'NONE',  ( 5.276841785526583450, 0.6530113535041895956, -6.859914744400516184 ) ) ;
#2207 = PRODUCT_CONTEXT ( 'NONE', #6644, 'mechanical' ) ;
#2208 = CARTESIAN_POINT ( 'NONE',  ( 4.528470622501890475, 6.161142665431478987E-16, 34.12832495771964858 ) ) ;
#2209 = B_SPLINE_CURVE_WITH_KNOTS ( 'NONE', 3,
 ( #4567, #5112, #451, #3321, #5716, #944, #5146, #1015, #3437, #2875, #3359, #5268, #6970, #4632, #7659, #7040, #2271, #3917 ),
 .UNSPECIFIED., .F., .F.,
 ( 4, 2, 2, 2, 2, 2, 2, 2, 4 ),
 ( 0.000000000000000000, 0.1250000000000000000, 0.2500000000000000000, 0.3750000000000000000, 0.5000000000000000000, 0.6250000000000000000, 0.7500000000000000000, 0.8750000000000000000, 1.000000000000000000 ),
 .UNSPECIFIED. ) ;
#2210 = CARTESIAN_POINT ( 'NONE',  ( -3.535533905932735088, -0.8437500034139829852, -3.535533905932739973 ) ) ;
#2211 = CARTESIAN_POINT ( 'NONE',  ( 2.351317394708899666, -8.968750001706991881, -5.676582343750004256 ) ) ;
#2212 = EDGE_LOOP ( 'NONE', ( #1987, #1399, #4201, #5498 ) ) ;
#2213 = CARTESIAN_POINT ( 'NONE',  ( 3.061616997868385113E-16, -6.000000003413980210, -5.000000000000000000 ) ) ;
#2214 =( NAMED_UNIT ( * ) PLANE_ANGLE_UNIT ( ) SI_UNIT ( $, .RADIAN. ) );
#2215 = CARTESIAN_POINT ( 'NONE',  ( 0.9989419044572679374, 0.06208919402021377543, -8.000117149996947674 ) ) ;
#2216 = PLANE ( 'NONE',  #1458 ) ;
#2217 = VERTEX_POINT ( 'NONE', #7666 ) ;
#2218 = CARTESIAN_POINT ( 'NONE',  ( 0.8494635507162570098, 0.2234018901481731323, 50.19162280683137567 ) ) ;
#2219 = CARTESIAN_POINT ( 'NONE',  ( 3.475904198684909876E-16, -1.390625001706991881, -5.676582343749999815 ) ) ;
#2220 = FACE_OUTER_BOUND ( 'NONE', #5042, .T. ) ;
#2221 = ORIENTED_EDGE ( 'NONE', *, *, #190, .T. ) ;
#2222 = AXIS2_PLACEMENT_3D ( 'NONE', #4490, #6336, #3434 ) ;
#2223 = CARTESIAN_POINT ( 'NONE',  ( -0.5933974359370778329, -1.662723803675560941, 49.84534821422997197 ) ) ;
#2224 = CARTESIAN_POINT ( 'NONE',  ( 3.856341382570525056, 3.525731130520423751, -7.999846217854744701 ) ) ;
#2225 = CARTESIAN_POINT ( 'NONE',  ( 0.000000000000000000, 4.400000000000000355, 0.000000000000000000 ) ) ;
#2226 = ORIENTED_EDGE ( 'NONE', *, *, #3475, .F. ) ;
#2227 = CARTESIAN_POINT ( 'NONE',  ( 0.3818050264946656336, -0.6471076222383066456, 49.77483643454799989 ) ) ;
#2228 = FACE_OUTER_BOUND ( 'NONE', #764, .T. ) ;
#2229 = CARTESIAN_POINT ( 'NONE',  ( -3.476273174958560030, -5.545690757951410637E-08, 51.57630845093579808 ) ) ;
#2230 = CARTESIAN_POINT ( 'NONE',  ( -1.418032821118762283E-11, -10.06250000000054001, 5.000000000000000000 ) ) ;
#2231 = CARTESIAN_POINT ( 'NONE',  ( -6.223909719161451193, 0.1229064238417086341, 5.219852543491803054 ) ) ;
#2232 = CYLINDRICAL_SURFACE ( 'NONE', #3954, 1.375000000000000000 ) ;
#2233 = CARTESIAN_POINT ( 'NONE',  ( 4.013949869229449519, -1.859375001706989883, 4.013949869229449519 ) ) ;
#2234 = CARTESIAN_POINT ( 'NONE',  ( -2.071067811865467512, -7.171875003413984651, -5.000000000000011546 ) ) ;
#2235 = ADVANCED_FACE ( 'NONE', ( #4680 ), #5943, .F. ) ;
#2236 = CARTESIAN_POINT ( 'NONE',  ( 2.246693820822805776, -4.499999999999997335, 61.17982374665785983 ) ) ;
#2237 = ORIENTED_EDGE ( 'NONE', *, *, #967, .T. ) ;
#2238 = VECTOR ( 'NONE', #142, 1000.000000000000000 ) ;
#2239 = SURFACE_STYLE_FILL_AREA ( #2816 ) ;
#2240 = VERTEX_POINT ( 'NONE', #7083 ) ;
#2241 = CARTESIAN_POINT ( 'NONE',  ( 0.000000000000000000, -5.000000000000000000, 0.000000000000000000 ) ) ;
#2242 = CARTESIAN_POINT ( 'NONE',  ( -0.06318749103305770776, 2.749999999999999112, 49.62022829881481556 ) ) ;
#2243 =( BOUNDED_CURVE ( )  B_SPLINE_CURVE ( 2, ( #7071, #6374, #332 ),
 .UNSPECIFIED., .F., .T. ) 
 B_SPLINE_CURVE_WITH_KNOTS ( ( 3, 3 ),
 ( 0.000000000000000000, 1.000000000000000000 ),
 .UNSPECIFIED. ) 
 CURVE ( )  GEOMETRIC_REPRESENTATION_ITEM ( )  RATIONAL_B_SPLINE_CURVE ( ( 1.000000000000000000, 0.9244792546583143755, 0.9597151748202538135 ) ) 
 REPRESENTATION_ITEM ( '' )  );
#2244 = CARTESIAN_POINT ( 'NONE',  ( 2.351317394708899666, -6.937500001706994546, 5.676582343750004256 ) ) ;
#2245 = EDGE_LOOP ( 'NONE', ( #6433, #1044, #7576, #5491, #1751 ) ) ;
#2246 =( NAMED_UNIT ( * ) PLANE_ANGLE_UNIT ( ) SI_UNIT ( $, .RADIAN. ) );
#2247 = CARTESIAN_POINT ( 'NONE',  ( -2.139345385232374941, 2.071196550480490117, 51.33877445686380270 ) ) ;
#2248 = SURFACE_STYLE_USAGE ( .BOTH. , #998 ) ;
#2249 = FILL_AREA_STYLE ('',( #397 ) ) ;
#2250 = STYLED_ITEM ( 'NONE', ( #2156 ), #768 ) ;
#2251 = ORIENTED_EDGE ( 'NONE', *, *, #5186, .F. ) ;
#2252 = CARTESIAN_POINT ( 'NONE',  ( -2.179599534006964934, -1.584583699610894847, 49.99256088768419914 ) ) ;
#2253 = CARTESIAN_POINT ( 'NONE',  ( -2.351317394708899666, -2.562500001706989217, -5.676582343750006032 ) ) ;
#2254 = STYLED_ITEM ( 'NONE', ( #4860 ), #6048 ) ;
#2255 = CARTESIAN_POINT ( 'NONE',  ( 3.061616997868385113E-16, -9.437500000000000000, -5.000000000000000000 ) ) ;
#2256 = CARTESIAN_POINT ( 'NONE',  ( 3.276584410056075036, 1.773067283249504962E-15, 62.62613815722311017 ) ) ;
#2257 = ORIENTED_EDGE ( 'NONE', *, *, #813, .T. ) ;
#2258 = CARTESIAN_POINT ( 'NONE',  ( -3.092146198113736588, -0.2994234235093595209, 50.08823550337964292 ) ) ;
#2259 = B_SPLINE_CURVE_WITH_KNOTS ( 'NONE', 3,
 ( #3397, #2115, #5794, #7661 ),
 .UNSPECIFIED., .F., .F.,
 ( 4, 4 ),
 ( 0.000000000000000000, 1.000000000000000000 ),
 .UNSPECIFIED. ) ;
#2260 = VERTEX_POINT ( 'NONE', #1687 ) ;
#2261 = CARTESIAN_POINT ( 'NONE',  ( 5.766939077429976024, 0.3302808681592591666, 6.011368794850832309 ) ) ;
#2262 = CARTESIAN_POINT ( 'NONE',  ( -2.446811114486030281, 3.186068887686590082E-16, 59.39186134853500221 ) ) ;
#2263 = MECHANICAL_DESIGN_GEOMETRIC_PRESENTATION_REPRESENTATION (  '', ( #1888 ), #4650 ) ;
#2264 = VERTEX_POINT ( 'NONE', #2440 ) ;
#2265 = CARTESIAN_POINT ( 'NONE',  ( 4.563128068997049702, 7.211145277071860834E-15, 71.56956062368630000 ) ) ;
#2266 = UNCERTAINTY_MEASURE_WITH_UNIT (LENGTH_MEASURE( 1.000000000000000082E-05 ), #6785, 'distance_accuracy_value', 'NONE');
#2267 = CARTESIAN_POINT ( 'NONE',  ( 0.000000000000000000, 4.400000000000000355, 0.000000000000000000 ) ) ;
#2268 = CARTESIAN_POINT ( 'NONE',  ( 5.676582343749999815, -13.10937500170700076, 0.000000000000000000 ) ) ;
#2269 = CARTESIAN_POINT ( 'NONE',  ( 0.000000000000000000, 0.000000000000000000, 0.000000000000000000 ) ) ;
#2270 = MECHANICAL_DESIGN_GEOMETRIC_PRESENTATION_REPRESENTATION (  '', ( #6306 ), #4048 ) ;
#2271 = CARTESIAN_POINT ( 'NONE',  ( 3.429119929377273834, -0.3980152375674548271, 69.12742517714045221 ) ) ;
#2272 = CARTESIAN_POINT ( 'NONE',  ( 3.061616997868385113E-16, -9.437500000000000000, -5.000000000000000000 ) ) ;
#2273 = CARTESIAN_POINT ( 'NONE',  ( 0.06450650701666220399, -4.603993403836609488, 69.31002532891719170 ) ) ;
#2274 = VECTOR ( 'NONE', #258, 999.9999999999998863 ) ;
#2275 =( GEOMETRIC_REPRESENTATION_CONTEXT ( 3 ) GLOBAL_UNCERTAINTY_ASSIGNED_CONTEXT ( ( #5423 ) ) GLOBAL_UNIT_ASSIGNED_CONTEXT ( ( #1492, #5594, #2561 ) ) REPRESENTATION_CONTEXT ( 'NONE', 'WORKASPACE' ) );
#2276 = CARTESIAN_POINT ( 'NONE',  ( -9.184850993605149917E-16, -8.812500000000000000, 5.000000000000000000 ) ) ;
#2277 = CARTESIAN_POINT ( 'NONE',  ( 0.000000000000000000, 0.5999999999999999778, 0.000000000000000000 ) ) ;
#2278 = CARTESIAN_POINT ( 'NONE',  ( 4.537851828268141929, 1.214612045564900766, 69.06725344636399200 ) ) ;
#2279 = CARTESIAN_POINT ( 'NONE',  ( 0.000000000000000000, 0.000000000000000000, 0.000000000000000000 ) ) ;
#2280 = B_SPLINE_CURVE_WITH_KNOTS ( 'NONE', 3,
 ( #3402, #383, #1614, #6619 ),
 .UNSPECIFIED., .F., .F.,
 ( 4, 4 ),
 ( 0.001032670903596261906, 0.001303457031225566023 ),
 .UNSPECIFIED. ) ;
#2281 = ORIENTED_EDGE ( 'NONE', *, *, #2983, .T. ) ;
#2282 = ORIENTED_EDGE ( 'NONE', *, *, #4872, .F. ) ;
#2283 = DIRECTION ( 'NONE',  ( 0.000000000000000000, -1.000000000000000000, 0.000000000000000000 ) ) ;
#2284 = CARTESIAN_POINT ( 'NONE',  ( 15.89819671117514233, 2.749999999999999112, 3.478631175052492086 ) ) ;
#2285 = CARTESIAN_POINT ( 'NONE',  ( 5.722622282979265229, 4.044573795073562295, 6.088127737092764669 ) ) ;
#2286 = CIRCLE ( 'NONE', #6697, 5.000000000000000000 ) ;
#2287 = CARTESIAN_POINT ( 'NONE',  ( -5.676582343749999815, -6.078125001706990105, -6.951808397369819752E-16 ) ) ;
#2288 = ORIENTED_EDGE ( 'NONE', *, *, #1578, .F. ) ;
#2289 = CARTESIAN_POINT ( 'NONE',  ( 0.8333535627987946892, 0.3870426117951388245, 50.19336653392817738 ) ) ;
#2290 = CARTESIAN_POINT ( 'NONE',  ( -4.095223838017790996, 4.400000000000000355, -4.385104527434994459 ) ) ;
#2291 =( BOUNDED_CURVE ( )  B_SPLINE_CURVE ( 2, ( #3356, #6893, #335, #2764, #5671, #2684, #7475, #4599, #7153 ),
 .UNSPECIFIED., .F., .F. ) 
 B_SPLINE_CURVE_WITH_KNOTS ( ( 3, 2, 2, 2, 3 ),
 ( 0.7954545454545449701, 0.8068181818181819898, 0.8181818181818180102, 0.8295454545454540307, 0.8409090909090910504 ),
 .UNSPECIFIED. ) 
 CURVE ( )  GEOMETRIC_REPRESENTATION_ITEM ( )  RATIONAL_B_SPLINE_CURVE ( ( 1.000000000000000000, 0.9238795325112859613, 1.000000000000000000, 0.9238795325112869605, 1.000000000000000000, 0.9238795325112869605, 1.000000000000000000, 0.9238795325112879597, 1.000000000000000000 ) ) 
 REPRESENTATION_ITEM ( '' )  );
#2292 =( GEOMETRIC_REPRESENTATION_CONTEXT ( 3 ) GLOBAL_UNCERTAINTY_ASSIGNED_CONTEXT ( ( #7151 ) ) GLOBAL_UNIT_ASSIGNED_CONTEXT ( ( #2669, #3864, #168 ) ) REPRESENTATION_CONTEXT ( 'NONE', 'WORKASPACE' ) );
#2293 = CARTESIAN_POINT ( 'NONE',  ( 4.013949869229449519, -4.359375001706990105, 4.013949869229449519 ) ) ;
#2294 = CARTESIAN_POINT ( 'NONE',  ( 5.000000000000005329, -5.921875000000004441, -2.071067811865475949 ) ) ;
#2295 = EDGE_CURVE ( 'NONE', #3445, #4146, #2578, .T. ) ;
#2296 =( NAMED_UNIT ( * ) PLANE_ANGLE_UNIT ( ) SI_UNIT ( $, .RADIAN. ) );
#2297 = EDGE_LOOP ( 'NONE', ( #3129, #4411 ) ) ;
#2298 = CARTESIAN_POINT ( 'NONE',  ( -0.3575811607575043460, -2.052632783969594144, 51.00894137680527507 ) ) ;
#2299 = CARTESIAN_POINT ( 'NONE',  ( -2.324968893743247556, -0.9677544308011990504, 48.76430501572048115 ) ) ;
#2300 = MECHANICAL_DESIGN_GEOMETRIC_PRESENTATION_REPRESENTATION (  '', ( #6455 ), #162 ) ;
#2301 = ORIENTED_EDGE ( 'NONE', *, *, #4099, .F. ) ;
#2302 = CARTESIAN_POINT ( 'NONE',  ( 6.380850554395208540, 0.07457965762905700846, 4.948337212917548023 ) ) ;
#2303 = CARTESIAN_POINT ( 'NONE',  ( 4.563128068997049702, 7.211145277071860834E-15, 71.56956062368630000 ) ) ;
#2304 = VECTOR ( 'NONE', #1658, 1000.000000000000000 ) ;
#2305 = EDGE_LOOP ( 'NONE', ( #2889, #5395, #6090 ) ) ;
#2306 = CARTESIAN_POINT ( 'NONE',  ( 6.928203230275539859, 0.000000000000000000, -4.000000000000000000 ) ) ;
#2307 = DIRECTION ( 'NONE',  ( 0.000000000000000000, 0.000000000000000000, -1.000000000000000000 ) ) ;
#2308 = DIRECTION ( 'NONE',  ( 0.000000000000000000, 0.000000000000000000, 1.000000000000000000 ) ) ;
#2309 = PRESENTATION_STYLE_ASSIGNMENT (( #3034 ) ) ;
#2310 = CARTESIAN_POINT ( 'NONE',  ( 6.123233995736771213E-16, -13.50000000000000000, -5.000000000000000000 ) ) ;
#2311 = CARTESIAN_POINT ( 'NONE',  ( 0.5951101042910347250, 0.2157385499600938950, 49.89597646986759116 ) ) ;
#2312 = DIRECTION ( 'NONE',  ( 0.000000000000000000, 0.000000000000000000, 1.000000000000000000 ) ) ;
#2313 = CARTESIAN_POINT ( 'NONE',  ( 5.000000000000005329, -8.734375003413981986, -2.071067811865475949 ) ) ;
#2314 = CARTESIAN_POINT ( 'NONE',  ( 3.298471750336842589, 0.6514850600617888565, 7.999833933077072246 ) ) ;
#2315 = CARTESIAN_POINT ( 'NONE',  ( -4.013949869229449519, -7.640625001706989217, -4.013949869229449519 ) ) ;
#2316 = CARTESIAN_POINT ( 'NONE',  ( 5.676582343750006032, -9.281250001706995434, -2.351317394708899666 ) ) ;
#2317 = SURFACE_SIDE_STYLE ('',( #4233 ) ) ;
#2318 = ORIENTED_EDGE ( 'NONE', *, *, #6316, .T. ) ;
#2319 = MECHANICAL_DESIGN_GEOMETRIC_PRESENTATION_REPRESENTATION (  '', ( #4234 ), #3867 ) ;
#2320 = DIRECTION ( 'NONE',  ( 0.000000000000000000, 0.000000000000000000, 1.000000000000000000 ) ) ;
#2321 = EDGE_LOOP ( 'NONE', ( #7651, #1827, #306, #3484 ) ) ;
#2322 = DIRECTION ( 'NONE',  ( 0.000000000000000000, 0.000000000000000000, 1.000000000000000000 ) ) ;
#2323 = CARTESIAN_POINT ( 'NONE',  ( 2.981511932106075680, 2.855960654303984825, 62.64215196698227572 ) ) ;
#2324 = CARTESIAN_POINT ( 'NONE',  ( 2.351317394708899666, -10.68750000170698833, 5.676582343750006032 ) ) ;
#2325 = CARTESIAN_POINT ( 'NONE',  ( -2.204450665243097962, 4.102069323700945347, -7.999999521749304066 ) ) ;
#2326 = B_SPLINE_CURVE_WITH_KNOTS ( 'NONE', 3,
 ( #1360, #7458, #4476, #6875 ),
 .UNSPECIFIED., .F., .F.,
 ( 4, 4 ),
 ( 0.000000000000000000, 1.000000000000000000 ),
 .UNSPECIFIED. ) ;
#2327 =( GEOMETRIC_REPRESENTATION_CONTEXT ( 3 ) GLOBAL_UNCERTAINTY_ASSIGNED_CONTEXT ( ( #6221 ) ) GLOBAL_UNIT_ASSIGNED_CONTEXT ( ( #3585, #7770, #3069 ) ) REPRESENTATION_CONTEXT ( 'NONE', 'WORKASPACE' ) );
#2328 = CARTESIAN_POINT ( 'NONE',  ( -2.351317394708899666, -7.562500001706990105, -5.676582343750004256 ) ) ;
#2329 = EDGE_CURVE ( 'NONE', #4724, #68, #3678, .T. ) ;
#2330 = ORIENTED_EDGE ( 'NONE', *, *, #3658, .T. ) ;
#2331 = CARTESIAN_POINT ( 'NONE',  ( -3.109796135289652597, 0.5543889614551130718, 7.999995636747693872 ) ) ;
#2332 = CARTESIAN_POINT ( 'NONE',  ( -1.759697098179449970, 1.762533643461140054, 49.95114726243749459 ) ) ;
#2333 = CARTESIAN_POINT ( 'NONE',  ( 2.246693820822804888, 8.763156733725339012E-16, 61.17982374665789536 ) ) ;
#2334 = FILL_AREA_STYLE ('',( #5365 ) ) ;
#2335 = CARTESIAN_POINT ( 'NONE',  ( 5.676582343749999815, -0.4531250017069909930, 0.000000000000000000 ) ) ;
#2336 = CARTESIAN_POINT ( 'NONE',  ( -3.535533905932735088, -6.781250000000000000, -3.535533905932739973 ) ) ;
#2337 = EDGE_LOOP ( 'NONE', ( #7196, #5439, #3482, #546 ) ) ;
#2338 =( BOUNDED_CURVE ( )  B_SPLINE_CURVE ( 2, ( #5754, #2193, #4059, #1572, #7588, #7512, #974, #3393, #2804 ),
 .UNSPECIFIED., .F., .F. ) 
 B_SPLINE_CURVE_WITH_KNOTS ( ( 3, 2, 2, 2, 3 ),
 ( 0.1486362586883679948, 0.1525482948424550234, 0.1564603309965414968, 0.1603723671506279980, 0.1642844033047144991 ),
 .UNSPECIFIED. ) 
 CURVE ( )  GEOMETRIC_REPRESENTATION_ITEM ( )  RATIONAL_B_SPLINE_CURVE ( ( 1.000000000000593969, 0.9238795325106919920, 1.000000000000000000, 0.9238795325112869605, 1.000000000000000000, 0.9238795325112869605, 1.000000000000000000, 0.9238795325110149559, 1.000000000000270006 ) ) 
 REPRESENTATION_ITEM ( '' )  );
#2339 = CARTESIAN_POINT ( 'NONE',  ( -3.055424377650878487, -0.4697609457771277364, 50.08421921798954202 ) ) ;
#2340 = PRESENTATION_STYLE_ASSIGNMENT (( #1236 ) ) ;
#2341 = ORIENTED_EDGE ( 'NONE', *, *, #946, .F. ) ;
#2342 = CARTESIAN_POINT ( 'NONE',  ( 14.64009665900598911, 1.339212430418934563, -0.000000000000000000 ) ) ;
#2343 = VERTEX_POINT ( 'NONE', #5033 ) ;
#2344 = UNCERTAINTY_MEASURE_WITH_UNIT (LENGTH_MEASURE( 1.000000000000000082E-05 ), #6850, 'distance_accuracy_value', 'NONE');
#2345 = CARTESIAN_POINT ( 'NONE',  ( -1.292377006071389944, 6.161142665431478987E-16, 60.68143081094149949 ) ) ;
#2346 = CYLINDRICAL_SURFACE ( 'NONE', #584, 1.375000000000000000 ) ;
#2347 = DIRECTION ( 'NONE',  ( 0.000000000000000000, -1.000000000000000000, 0.000000000000000000 ) ) ;
#2348 = SURFACE_SIDE_STYLE ('',( #5935 ) ) ;
#2349 = CARTESIAN_POINT ( 'NONE',  ( 0.001788403097444141122, -6.602849685680899125E-07, -5.432910366415167225 ) ) ;
#2350 = CARTESIAN_POINT ( 'NONE',  ( -1.128859550260938649, 2.246319521506505268, 51.15352909911713652 ) ) ;
#2351 = SURFACE_STYLE_FILL_AREA ( #3558 ) ;
#2352 = CARTESIAN_POINT ( 'NONE',  ( 2.425560540195468739, 0.3595965058554877469, 7.999999269962844828 ) ) ;
#2353 = CARTESIAN_POINT ( 'NONE',  ( 2.351317394708899666, -11.62500000170698833, -5.676582343750004256 ) ) ;
#2354 = CARTESIAN_POINT ( 'NONE',  ( -5.000000000000005329, -0.6093750034139826521, 2.071067811865475949 ) ) ;
#2355 = CARTESIAN_POINT ( 'NONE',  ( 5.676582343749999815, -4.359375001706990105, 0.000000000000000000 ) ) ;
#2356 = CARTESIAN_POINT ( 'NONE',  ( -9.184850993605149917E-16, -6.312500000000000000, 5.000000000000000000 ) ) ;
#2357 = EDGE_CURVE ( 'NONE', #2260, #6437, #5006, .T. ) ;
#2358 = ORIENTED_EDGE ( 'NONE', *, *, #1967, .T. ) ;
#2359 = FILL_AREA_STYLE ('',( #1024 ) ) ;
#2360 = ORIENTED_EDGE ( 'NONE', *, *, #5151, .T. ) ;
#2361 = CARTESIAN_POINT ( 'NONE',  ( 9.045481331665230940, 1.045481331665231162, 0.3327667546399405429 ) ) ;
#2362 = CARTESIAN_POINT ( 'NONE',  ( -4.013949869229449519, -10.92187500170700076, 4.013949869229449519 ) ) ;
#2363 = DIRECTION ( 'NONE',  ( 0.000000000000000000, 0.000000000000000000, 1.000000000000000000 ) ) ;
#2364 = CIRCLE ( 'NONE', #2767, 6.000000000000000000 ) ;
#2365 = CARTESIAN_POINT ( 'NONE',  ( -2.351317394708899666, -2.562500001706989217, -5.676582343750004256 ) ) ;
#2366 = VECTOR ( 'NONE', #4181, 1000.000000000000000 ) ;
#2367 = ORIENTED_EDGE ( 'NONE', *, *, #6673, .F. ) ;
#2368 = PRESENTATION_STYLE_ASSIGNMENT (( #5362 ) ) ;
#2369 = CARTESIAN_POINT ( 'NONE',  ( 0.8000111828957872095, 0.5458212270586251247, 50.19697456105547673 ) ) ;
#2370 = CARTESIAN_POINT ( 'NONE',  ( -2.425560540195994985, 0.3595965058558073246, -7.999999269963019799 ) ) ;
#2371 = SURFACE_SIDE_STYLE ('',( #1192 ) ) ;
#2372 =( GEOMETRIC_REPRESENTATION_CONTEXT ( 3 ) GLOBAL_UNCERTAINTY_ASSIGNED_CONTEXT ( ( #4866 ) ) GLOBAL_UNIT_ASSIGNED_CONTEXT ( ( #7322, #6855, #189 ) ) REPRESENTATION_CONTEXT ( 'NONE', 'WORKASPACE' ) );
#2373 = CARTESIAN_POINT ( 'NONE',  ( 5.676582343750006032, -1.625000001706990771, -2.351317394708899666 ) ) ;
#2374 = CARTESIAN_POINT ( 'NONE',  ( 3.535533905932735088, -6.156250000000000000, 3.535533905932739973 ) ) ;
#2375 = CARTESIAN_POINT ( 'NONE',  ( -1.882373299024622471, 2.558933895674179393, 62.90611875006849374 ) ) ;
#2376 = ORIENTED_EDGE ( 'NONE', *, *, #6428, .T. ) ;
#2377 = B_SPLINE_CURVE_WITH_KNOTS ( 'NONE', 3,
 ( #1113, #602, #4780, #641, #7195, #6678, #4741, #2342, #4254, #4707, #3704, #5340, #1709, #681, #5451, #6053, #4130, #3665 ),
 .UNSPECIFIED., .F., .F.,
 ( 4, 2, 2, 2, 2, 2, 2, 2, 4 ),
 ( 0.000000000000000000, 0.1250000000000003886, 0.2500000000000007772, 0.3750000000000012212, 0.5000000000000016653, 0.6250000000000022204, 0.7500000000000014433, 0.8750000000000006661, 1.000000000000000000 ),
 .UNSPECIFIED. ) ;
#2378 =( LENGTH_UNIT ( ) NAMED_UNIT ( * ) SI_UNIT ( .MILLI., .METRE. ) );
#2379 = CARTESIAN_POINT ( 'NONE',  ( -2.720526911202469478, -0.1571944958928967462, 48.80353892364718860 ) ) ;
#2380 = ORIENTED_EDGE ( 'NONE', *, *, #1589, .F. ) ;
#2381 = FACE_OUTER_BOUND ( 'NONE', #6719, .T. ) ;
#2382 = DIRECTION ( 'NONE',  ( 0.000000000000000000, 0.000000000000000000, -1.000000000000000000 ) ) ;
#2383 = ORIENTED_EDGE ( 'NONE', *, *, #6870, .T. ) ;
#2384 =( LENGTH_UNIT ( ) NAMED_UNIT ( * ) SI_UNIT ( .MILLI., .METRE. ) );
#2385 = PRESENTATION_STYLE_ASSIGNMENT (( #7776 ) ) ;
#2386 = CARTESIAN_POINT ( 'NONE',  ( -2.071067811865475949, -10.45312500341397843, 4.999999999999994671 ) ) ;
#2387 = AXIS2_PLACEMENT_3D ( 'NONE', #1422, #2009, #830 ) ;
#2388 = PRESENTATION_LAYER_ASSIGNMENT (  '', '', ( #7530 ) ) ;
#2389 = CARTESIAN_POINT ( 'NONE',  ( -2.340838344055270692, -2.895611778772647860, 69.44056523937534564 ) ) ;
#2390 = FACE_OUTER_BOUND ( 'NONE', #1818, .T. ) ;
#2391 = CARTESIAN_POINT ( 'NONE',  ( 0.9465570057795469339, 6.183598611335770172E-10, 50.75671530296079936 ) ) ;
#2392 = EDGE_CURVE ( 'NONE', #5799, #4724, #6912, .T. ) ;
#2393 = PRESENTATION_LAYER_ASSIGNMENT (  '', '', ( #5545 ) ) ;
#2394 = CARTESIAN_POINT ( 'NONE',  ( 1.712325055168200105, -6.460148760314458828E-05, -5.042608600219118387 ) ) ;
#2395 = CYLINDRICAL_SURFACE ( 'NONE', #5919, 5.000000000000000000 ) ;
#2396 = CARTESIAN_POINT ( 'NONE',  ( 0.03665414356998247802, 3.000072867310880298, 69.31153689804988005 ) ) ;
#2397 = AXIS2_PLACEMENT_3D ( 'NONE', #4790, #1800, #726 ) ;
#2398 = CARTESIAN_POINT ( 'NONE',  ( 4.013949869229449519, -10.45312500170700076, -4.013949869229449519 ) ) ;
#2399 = CARTESIAN_POINT ( 'NONE',  ( -2.071067811865475949, 0.3281249965860175144, -5.000000000000005329 ) ) ;
#2400 = CARTESIAN_POINT ( 'NONE',  ( 4.013949869229449519, -7.953125001706990993, -4.013949869229449519 ) ) ;
#2401 = CARTESIAN_POINT ( 'NONE',  ( -3.535533905932759957, -6.781250000000000000, -3.535533905932759957 ) ) ;
#2402 = DIRECTION ( 'NONE',  ( 0.000000000000000000, -1.000000000000000000, 0.000000000000000000 ) ) ;
#2403 = EDGE_LOOP ( 'NONE', ( #4549, #7194, #2221, #3457 ) ) ;
#2404 = COLOUR_RGB ( '',0.5019607843137254832, 0.5019607843137254832, 0.5019607843137254832 ) ;
#2405 = PRODUCT_CONTEXT ( 'NONE', #7193, 'mechanical' ) ;
#2406 = EDGE_CURVE ( 'NONE', #2413, #394, #7167, .T. ) ;
#2407 = ADVANCED_FACE ( 'NONE', ( #1375 ), #4957, .T. ) ;
#2408 = CARTESIAN_POINT ( 'NONE',  ( -1.992392880000674715, 6.161142665431478987E-16, 55.07283507682979717 ) ) ;
#2409 = CARTESIAN_POINT ( 'NONE',  ( 2.351317394708899666, -0.8437500017069917702, 5.676582343750006032 ) ) ;
#2410 = CARTESIAN_POINT ( 'NONE',  ( 5.712146037555946521, 4.038499696198996070, 6.106271400963381168 ) ) ;
#2411 = FILL_AREA_STYLE ('',( #6541 ) ) ;
#2412 = CARTESIAN_POINT ( 'NONE',  ( 3.475904198684909876E-16, -2.640625001706990105, -5.676582343749999815 ) ) ;
#2413 = VERTEX_POINT ( 'NONE', #6106 ) ;
#2414 = CARTESIAN_POINT ( 'NONE',  ( -1.151012496652915829, 0.08237095126116833477, 8.000139685250019284 ) ) ;
#2415 = CARTESIAN_POINT ( 'NONE',  ( -2.974409547748997351, 1.576836892489627440, 50.66687854453876128 ) ) ;
#2416 = COLOUR_RGB ( '',1.000000000000000000, 1.000000000000000000, 0.000000000000000000 ) ;
#2417 =( GEOMETRIC_REPRESENTATION_CONTEXT ( 3 ) GLOBAL_UNCERTAINTY_ASSIGNED_CONTEXT ( ( #940 ) ) GLOBAL_UNIT_ASSIGNED_CONTEXT ( ( #2384, #7197, #7073 ) ) REPRESENTATION_CONTEXT ( 'NONE', 'WORKASPACE' ) );
#2418 = CARTESIAN_POINT ( 'NONE',  ( 5.000000000000005329, -11.23437500341398554, -2.071067811865475949 ) ) ;
#2419 = CARTESIAN_POINT ( 'NONE',  ( -5.000000000000005329, -5.453124999999998224, -2.071067811865475949 ) ) ;
#2420 = CARTESIAN_POINT ( 'NONE',  ( -2.351317394708905439, -8.500000001706988328, 5.676582343750006032 ) ) ;
#2421 = ORIENTED_EDGE ( 'NONE', *, *, #3077, .F. ) ;
#2422 = FILL_AREA_STYLE ('',( #563 ) ) ;
#2423 = CARTESIAN_POINT ( 'NONE',  ( 0.000000000000000000, 0.5999999999999999778, 0.000000000000000000 ) ) ;
#2424 = CARTESIAN_POINT ( 'NONE',  ( 0.5677220717251347804, 4.603993403836614817, 64.94300527443355975 ) ) ;
#2425 = ORIENTED_EDGE ( 'NONE', *, *, #1291, .T. ) ;
#2426 = PRESENTATION_LAYER_ASSIGNMENT (  '', '', ( #3447 ) ) ;
#2427 = CARTESIAN_POINT ( 'NONE',  ( 4.472809700605355765, -5.727187464051503177E-15, 69.90534297863241875 ) ) ;
#2428 = CARTESIAN_POINT ( 'NONE',  ( -1.372979557169490050, 6.161142665431478987E-16, 61.37626619790970040 ) ) ;
#2429 = CARTESIAN_POINT ( 'NONE',  ( 3.535533905932729759, -10.84375000000000000, -3.535533905932729759 ) ) ;
#2430 = FILL_AREA_STYLE ('',( #5456 ) ) ;
#2431 = CARTESIAN_POINT ( 'NONE',  ( -3.715519077382675395, 2.622049124298944989, 63.00560497785689762 ) ) ;
#2432 = CARTESIAN_POINT ( 'NONE',  ( 0.4271181585714793338, 0.5057237292668990136, 49.76921432347032237 ) ) ;
#2433 = VECTOR ( 'NONE', #6851, 1000.000000000000000 ) ;
#2434 = CARTESIAN_POINT ( 'NONE',  ( 4.127674902786068856, -2.990675960275557827E-05, -3.013938341621216654 ) ) ;
#2435 = CARTESIAN_POINT ( 'NONE',  ( -2.071067811865491937, -9.203125003413987315, 4.999999999999994671 ) ) ;
#2436 = UNCERTAINTY_MEASURE_WITH_UNIT (LENGTH_MEASURE( 1.000000000000000082E-05 ), #690, 'distance_accuracy_value', 'NONE');
#2437 = CARTESIAN_POINT ( 'NONE',  ( -1.314692539686169948, 2.249417992367326757, 51.18817255722463244 ) ) ;
#2438 = PRESENTATION_LAYER_ASSIGNMENT (  '', '', ( #1053 ) ) ;
#2439 = CARTESIAN_POINT ( 'NONE',  ( 5.000000000000000000, -8.812500003413978433, 0.000000000000000000 ) ) ;
#2440 = CARTESIAN_POINT ( 'NONE',  ( 3.564597481964779657, 6.120234720524399620E-15, 71.62375164472138067 ) ) ;
#2441 = CARTESIAN_POINT ( 'NONE',  ( -1.042771259605471878E-15, -9.671875001706990105, 5.676582343749999815 ) ) ;
#2442 = CARTESIAN_POINT ( 'NONE',  ( -9.184850993605149917E-16, -0.3750000034139829852, 5.000000000000000000 ) ) ;
#2443 = CARTESIAN_POINT ( 'NONE',  ( -4.013949869229449519, -6.078125001706990105, 4.013949869229449519 ) ) ;
#2444 = CYLINDRICAL_SURFACE ( 'NONE', #2131, 3.200000000000001066 ) ;
#2445 =( GEOMETRIC_REPRESENTATION_CONTEXT ( 3 ) GLOBAL_UNCERTAINTY_ASSIGNED_CONTEXT ( ( #44 ) ) GLOBAL_UNIT_ASSIGNED_CONTEXT ( ( #5205, #3518, #5278 ) ) REPRESENTATION_CONTEXT ( 'NONE', 'WORKASPACE' ) );
#2446 = PRESENTATION_STYLE_ASSIGNMENT (( #4760 ) ) ;
#2447 = EDGE_CURVE ( 'NONE', #484, #6874, #2364, .T. ) ;
#2448 = CARTESIAN_POINT ( 'NONE',  ( -2.720736080262520229, 6.161142665431478987E-16, 50.25916868121090175 ) ) ;
#2449 = CARTESIAN_POINT ( 'NONE',  ( 5.676582343749999815, -12.95312500170700076, 0.000000000000000000 ) ) ;
#2450 = CARTESIAN_POINT ( 'NONE',  ( -9.237604307034001039, 4.400000000000000355, 6.450584610725228967E-14 ) ) ;
#2451 = CARTESIAN_POINT ( 'NONE',  ( 0.000000000000000000, -13.50000000000000000, 5.000000000000000000 ) ) ;
#2452 = CARTESIAN_POINT ( 'NONE',  ( 4.013949869229449519, -4.359375001706990105, 4.013949869229449519 ) ) ;
#2453 = ORIENTED_EDGE ( 'NONE', *, *, #349, .F. ) ;
#2454 = CARTESIAN_POINT ( 'NONE',  ( -4.095223838017790996, 4.400000000000000355, -4.385104527434994459 ) ) ;
#2455 = DIRECTION ( 'NONE',  ( 0.000000000000000000, 1.000000000000000000, 0.000000000000000000 ) ) ;
#2456 = CARTESIAN_POINT ( 'NONE',  ( -3.298471750344151410, 0.6514850600657060564, -7.999833933078291714 ) ) ;
#2457 =( LENGTH_UNIT ( ) NAMED_UNIT ( * ) SI_UNIT ( .MILLI., .METRE. ) );
#2458 = CARTESIAN_POINT ( 'NONE',  ( 2.071067811865475949, -9.828125003413980210, -5.000000000000005329 ) ) ;
#2459 = CARTESIAN_POINT ( 'NONE',  ( 4.999999999999994671, -2.328125000000000000, 2.071067811865475949 ) ) ;
#2460 = CARTESIAN_POINT ( 'NONE',  ( -4.013949869229449519, -7.640625001706989217, -4.013949869229449519 ) ) ;
#2461 = ORIENTED_EDGE ( 'NONE', *, *, #5788, .T. ) ;
#2462 = ADVANCED_FACE ( 'NONE', ( #6139 ), #3794, .F. ) ;
#2463 = SURFACE_SIDE_STYLE ('',( #5969 ) ) ;
#2464 = CARTESIAN_POINT ( 'NONE',  ( -1.266723473902699570, -1.373237766922484893, 48.65854211775987892 ) ) ;
#2465 = APPLICATION_CONTEXT ( 'automotive_design' ) ;
#2466 = CARTESIAN_POINT ( 'NONE',  ( 0.4503081928159469727, 4.603993403836609488, 62.77952233586351127 ) ) ;
#2467 = ORIENTED_EDGE ( 'NONE', *, *, #4912, .F. ) ;
#2468 = CARTESIAN_POINT ( 'NONE',  ( 13.62500000000000000, 6.161142665431478987E-16, 0.000000000000000000 ) ) ;
#2469 = PRODUCT ( 'PR1KCS28', 'PR1KCS28', '', ( #6354 ) ) ;
#2470 = CARTESIAN_POINT ( 'NONE',  ( 2.521302828248968453, -2.749999999999999112, 39.96228081579400282 ) ) ;
#2471 = B_SPLINE_CURVE_WITH_KNOTS ( 'NONE', 3,
 ( #4688, #6662, #5321, #625, #1261, #3689, #1097, #588, #507, #5912, #1694, #1188, #2973, #3646 ),
 .UNSPECIFIED., .F., .F.,
 ( 4, 2, 2, 1, 1, 2, 2, 4 ),
 ( 0.000000000000000000, 0.2499999999999898415, 0.3749999999999851785, 0.4374999999999833467, 0.4687499999999827360, 0.4843749999999825695, 0.4999999999999824585, 1.000000000000000000 ),
 .UNSPECIFIED. ) ;
#2472 = CARTESIAN_POINT ( 'NONE',  ( -1.042771259605471878E-15, -12.01562500170700076, 5.676582343749999815 ) ) ;
#2473 = DIRECTION ( 'NONE',  ( 0.000000000000000000, 0.000000000000000000, -1.000000000000000000 ) ) ;
#2474 = CARTESIAN_POINT ( 'NONE',  ( -0.8633915058903008921, 1.285444479887569935, 48.61710342835030474 ) ) ;
#2475 = SURFACE_SIDE_STYLE ('',( #5383 ) ) ;
#2476 = CARTESIAN_POINT ( 'NONE',  ( 4.239331616040328932, -1.662466862759838140E-06, -2.827641164007476338 ) ) ;
#2477 = SURFACE_STYLE_FILL_AREA ( #4645 ) ;
#2478 = CARTESIAN_POINT ( 'NONE',  ( 0.000000000000000000, -13.50000000000000000, 0.000000000000000000 ) ) ;
#2479 = PLANE ( 'NONE',  #1789 ) ;
#2480 = CARTESIAN_POINT ( 'NONE',  ( 5.676582343750004256, -9.437500001706986552, 2.351317394708905439 ) ) ;
#2481 = CARTESIAN_POINT ( 'NONE',  ( -2.351317394708899666, -6.468750001706989217, -5.676582343750006032 ) ) ;
#2482 = CARTESIAN_POINT ( 'NONE',  ( -5.676582343749999815, -3.734375001706989661, -6.951808397369819752E-16 ) ) ;
#2483 = B_SPLINE_CURVE_WITH_KNOTS ( 'NONE', 3,
 ( #3731, #6195, #2494, #707 ),
 .UNSPECIFIED., .F., .F.,
 ( 4, 4 ),
 ( 0.000000000000000000, 1.000000000000000000 ),
 .UNSPECIFIED. ) ;
#2484 =( LENGTH_UNIT ( ) NAMED_UNIT ( * ) SI_UNIT ( .MILLI., .METRE. ) );
#2485 = VECTOR ( 'NONE', #6190, 1000.000000000000000 ) ;
#2486 = CARTESIAN_POINT ( 'NONE',  ( 8.167064110036054814, 0.3748791082680373310, 1.854222032764859973 ) ) ;
#2487 = EDGE_CURVE ( 'NONE', #1698, #502, #3993, .T. ) ;
#2488 = CARTESIAN_POINT ( 'NONE',  ( -6.770773652600451165, 0.01944003395138260010, -0.3384082757329635593 ) ) ;
#2489 = CARTESIAN_POINT ( 'NONE',  ( 12.53592464316425925, 6.161142665431478987E-16, 10.88671310266082060 ) ) ;
#2490 = FACE_OUTER_BOUND ( 'NONE', #2534, .T. ) ;
#2491 = CARTESIAN_POINT ( 'NONE',  ( 3.475904198684909876E-16, -5.140625001706990105, -5.676582343749999815 ) ) ;
#2492 = EDGE_LOOP ( 'NONE', ( #1708, #2358, #403, #6205 ) ) ;
#2493 = DIRECTION ( 'NONE',  ( 0.000000000000000000, 0.000000000000000000, 1.000000000000000000 ) ) ;
#2494 = CARTESIAN_POINT ( 'NONE',  ( 4.481941559569522227, 1.981944279537674491, 66.90043265968189701 ) ) ;
#2495 = LINE ( 'NONE', #6708, #429 ) ;
#2496 = CARTESIAN_POINT ( 'NONE',  ( -5.000000000000000000, -10.68750000341398021, -6.123233995736771213E-16 ) ) ;
#2497 = CARTESIAN_POINT ( 'NONE',  ( -9.184850993605149917E-16, -5.062500000000000000, 5.000000000000000000 ) ) ;
#2498 = CARTESIAN_POINT ( 'NONE',  ( -2.351317394708899666, -10.21875000170699366, -5.676582343750006032 ) ) ;
#2499 = ORIENTED_EDGE ( 'NONE', *, *, #3376, .T. ) ;
#2500 = CARTESIAN_POINT ( 'NONE',  ( 0.9465429347883967948, -0.2504672373658602957, 50.75671803937576954 ) ) ;
#2501 = CARTESIAN_POINT ( 'NONE',  ( -2.558911725567361017, 1.348590530212901761, 50.03112036425560660 ) ) ;
#2502 = AXIS2_PLACEMENT_3D ( 'NONE', #4267, #538, #3597 ) ;
#2503 = PLANE ( 'NONE',  #1300 ) ;
#2504 = SURFACE_STYLE_USAGE ( .BOTH. , #3905 ) ;
#2505 = ORIENTED_EDGE ( 'NONE', *, *, #14, .F. ) ;
#2506 = CARTESIAN_POINT ( 'NONE',  ( 13.62500000000000000, 2.749999999999999556, 0.000000000000000000 ) ) ;
#2507 = CARTESIAN_POINT ( 'NONE',  ( 8.922889085312638358, 4.477253316603870700E-16, 32.77463669513984712 ) ) ;
#2508 = CARTESIAN_POINT ( 'NONE',  ( 0.000000000000000000, 0.5999999999999999778, 0.000000000000000000 ) ) ;
#2509 =( BOUNDED_SURFACE ( )  B_SPLINE_SURFACE ( 3, 3, ( 
 ( #605, #6564, #1165, #3073, #3032, #2907, #5455, #5342, #5415, #5301, #6520, #3547, #5931, #7739, #2345, #2428 ),
 ( #7152, #4178, #1835, #6761, #5661, #1366, #3783, #6171, #1448, #4293, #6682, #7418, #5586, #1407, #3872, #769 ),
 ( #6250, #130, #3110, #1914, #5500, #1324, #3191, #176, #2470, #6721, #2598, #852, #4984, #3148, #3267, #4858 ),
 ( #2636, #6845, #7383, #83, #2552, #2507, #5624, #1989, #3828, #4375, #685, #2030, #1872, #4899, #3228, #7269 ) ),
 .UNSPECIFIED., .F., .F., .F. ) 
 B_SPLINE_SURFACE_WITH_KNOTS ( ( 4, 4 ),
 ( 4, 1, 1, 1, 1, 1, 1, 1, 1, 1, 1, 1, 1, 4 ),
 ( 0.5000000000000000000, 1.000000000000000000 ),
 ( 0.000000000000000000, 0.1666666666666670182, 0.3333333333333289850, 0.4427909602622784879, 0.5000000000000000000, 0.5833333333333500237, 0.5942972623863359560, 0.6666666666666670737, 0.6888069267286660580, 0.7500000000001080247, 0.8199999999999999512, 0.8900000000000000133, 0.9449999999999999512, 1.000000000000000000 ),
 .UNSPECIFIED. ) 
 GEOMETRIC_REPRESENTATION_ITEM ( )  RATIONAL_B_SPLINE_SURFACE ( (
 ( 1.000000000000000000, 1.000000000000000000, 1.000000000000000000, 1.000000000000000000, 1.000000000000000000, 1.000000000000000000, 1.000000000000000000, 1.000000000000000000, 1.000000000000000000, 1.000000000000000000, 1.000000000000000000, 1.000000000000000000, 1.000000000000000000, 1.000000000000000000, 1.000000000000000000, 1.000000000000000000),
 ( 0.3333333333333335369, 0.3333333333333335369, 0.3333333333333335369, 0.3333333333333335369, 0.3333333333333335369, 0.3333333333333335369, 0.3333333333333335369, 0.3333333333333335369, 0.3333333333333335369, 0.3333333333333335369, 0.3333333333333335369, 0.3333333333333335369, 0.3333333333333335369, 0.3333333333333335369, 0.3333333333333335369, 0.3333333333333335369),
 ( 0.3333333333333335369, 0.3333333333333335369, 0.3333333333333335369, 0.3333333333333335369, 0.3333333333333335369, 0.3333333333333335369, 0.3333333333333335369, 0.3333333333333335369, 0.3333333333333335369, 0.3333333333333335369, 0.3333333333333335369, 0.3333333333333335369, 0.3333333333333335369, 0.3333333333333335369, 0.3333333333333335369, 0.3333333333333335369),
 ( 1.000000000000000000, 1.000000000000000000, 1.000000000000000000, 1.000000000000000000, 1.000000000000000000, 1.000000000000000000, 1.000000000000000000, 1.000000000000000000, 1.000000000000000000, 1.000000000000000000, 1.000000000000000000, 1.000000000000000000, 1.000000000000000000, 1.000000000000000000, 1.000000000000000000, 1.000000000000000000) ) ) 
 REPRESENTATION_ITEM ( '' )  SURFACE ( )  );
#2510 = CARTESIAN_POINT ( 'NONE',  ( -9.184850993605149917E-16, -5.062500000000000000, 5.000000000000000000 ) ) ;
#2511 = CARTESIAN_POINT ( 'NONE',  ( 0.005939587951499930574, -0.05714910627792339770, 48.52259809227380316 ) ) ;
#2512 = APPLICATION_CONTEXT ( 'automotive_design' ) ;
#2513 = CARTESIAN_POINT ( 'NONE',  ( 3.344241275309466577, -4.428479408994378468E-08, -3.976022478641143998 ) ) ;
#2514 = CARTESIAN_POINT ( 'NONE',  ( -9.184850993605149917E-16, -9.125000003413978433, 5.000000000000000000 ) ) ;
#2515 = B_SPLINE_CURVE_WITH_KNOTS ( 'NONE', 3,
 ( #2066, #3455, #4118, #7685, #4617, #2215, #5171, #7611, #7136, #433, #5850, #513, #356, #7574, #2935, #5883, #6503, #5212, #6432 ),
 .UNSPECIFIED., .F., .F.,
 ( 4, 2, 1, 2, 2, 2, 1, 1, 2, 2, 4 ),
 ( 0.000000000000000000, 0.1250000000000001665, 0.1875000000000002220, 0.2187500000000002220, 0.2500000000000002220, 0.3750000000000003331, 0.4375000000000003331, 0.4687500000000003886, 0.4843750000000004441, 0.5000000000000004441, 1.000000000000000000 ),
 .UNSPECIFIED. ) ;
#2516 = CARTESIAN_POINT ( 'NONE',  ( -2.719332446952854809, 0.05748776037083729723, 48.80342012613120062 ) ) ;
#2517 = CIRCLE ( 'NONE', #6796, 8.000000000000000000 ) ;
#2518 = UNCERTAINTY_MEASURE_WITH_UNIT (LENGTH_MEASURE( 1.000000000000000082E-05 ), #5700, 'distance_accuracy_value', 'NONE');
#2519 = DIRECTION ( 'NONE',  ( 0.000000000000000000, 1.000000000000000000, 0.000000000000000000 ) ) ;
#2520 = CARTESIAN_POINT ( 'NONE',  ( 0.6987099187162071345, 4.370122493103037797, 8.000040267795302640 ) ) ;
#2521 = CARTESIAN_POINT ( 'NONE',  ( 2.351317394708899666, -3.343750001706991437, 5.676582343750004256 ) ) ;
#2522 = CARTESIAN_POINT ( 'NONE',  ( -5.676582343750006032, -3.812500001706990549, -2.351317394708899666 ) ) ;
#2523 = CARTESIAN_POINT ( 'NONE',  ( -1.042771259605471878E-15, -7.171875001706990105, 5.676582343749999815 ) ) ;
#2524 = VECTOR ( 'NONE', #3785, 1000.000000000000000 ) ;
#2525 = CARTESIAN_POINT ( 'NONE',  ( 3.535533905932739973, -3.656250003413985095, -3.535533905932739973 ) ) ;
#2526 = LINE ( 'NONE', #6741, #144 ) ;
#2527 = CIRCLE ( 'NONE', #3043, 6.150000000000000355 ) ;
#2528 = CARTESIAN_POINT ( 'NONE',  ( 4.013949869229449519, -5.609375001706989217, 4.013949869229449519 ) ) ;
#2529 = SURFACE_STYLE_USAGE ( .BOTH. , #1892 ) ;
#2530 = SURFACE_STYLE_FILL_AREA ( #5566 ) ;
#2531 = MECHANICAL_DESIGN_GEOMETRIC_PRESENTATION_REPRESENTATION (  '', ( #7301 ), #7055 ) ;
#2532 = CARTESIAN_POINT ( 'NONE',  ( -5.676582343749999815, -1.078125001706990105, -6.951808397369819752E-16 ) ) ;
#2533 = AXIS2_PLACEMENT_3D ( 'NONE', #1644, #4564, #5866 ) ;
#2534 = EDGE_LOOP ( 'NONE', ( #6420, #4128, #2941, #2173, #3742 ) ) ;
#2535 = CARTESIAN_POINT ( 'NONE',  ( -0.2877351297109074779, -4.603993403836609488, 62.81957651320689706 ) ) ;
#2536 = CARTESIAN_POINT ( 'NONE',  ( -1.439530937381116134E-11, -3.812500000000544897, 5.000000000000000000 ) ) ;
#2537 =( NAMED_UNIT ( * ) SI_UNIT ( $, .STERADIAN. ) SOLID_ANGLE_UNIT ( ) );
#2538 = SURFACE_STYLE_USAGE ( .BOTH. , #5529 ) ;
#2539 = CARTESIAN_POINT ( 'NONE',  ( 3.535533905932739973, -11.15625000341397843, -3.535533905932739973 ) ) ;
#2540 = CARTESIAN_POINT ( 'NONE',  ( -3.535533905932739973, -3.968750000000000000, 3.535533905932735088 ) ) ;
#2541 = CARTESIAN_POINT ( 'NONE',  ( 4.013949869229449519, -7.953125001706990993, -4.013949869229449519 ) ) ;
#2542 = VERTEX_POINT ( 'NONE', #7626 ) ;
#2543 =( BOUNDED_CURVE ( )  B_SPLINE_CURVE ( 2, ( #3839, #1882, #3881, #7277, #2566, #55, #732, #3159, #5597 ),
 .UNSPECIFIED., .F., .F. ) 
 B_SPLINE_CURVE_WITH_KNOTS ( ( 3, 2, 2, 2, 3 ),
 ( 0.6590909090909089496, 0.6704545454545449701, 0.6818181818181819898, 0.6931818181818180102, 0.7045454545454550299 ),
 .UNSPECIFIED. ) 
 CURVE ( )  GEOMETRIC_REPRESENTATION_ITEM ( )  RATIONAL_B_SPLINE_CURVE ( ( 1.000000000000000000, 0.9238795325112859613, 1.000000000000000000, 0.9238795325112869605, 1.000000000000000000, 0.9238795325112869605, 1.000000000000000000, 0.9238795325112879597, 1.000000000000000000 ) ) 
 REPRESENTATION_ITEM ( '' )  );
#2544 = CARTESIAN_POINT ( 'NONE',  ( 0.000000000000000000, -13.50000000000000000, 0.000000000000000000 ) ) ;
#2545 = CARTESIAN_POINT ( 'NONE',  ( -0.1512649327980209457, 0.6686557067978891045, 48.53992708519667332 ) ) ;
#2546 = FILL_AREA_STYLE_COLOUR ( '', #3336 ) ;
#2547 = CARTESIAN_POINT ( 'NONE',  ( 0.8499999999999999778, -15.00000000000000000, -1.472243186433543904 ) ) ;
#2548 = VERTEX_POINT ( 'NONE', #2728 ) ;
#2549 = AXIS2_PLACEMENT_3D ( 'NONE', #5477, #63, #6699 ) ;
#2550 = CARTESIAN_POINT ( 'NONE',  ( 9.237604307034001039, 1.237604307033950191, -7.481529052163500417E-16 ) ) ;
#2551 = EDGE_CURVE ( 'NONE', #499, #7181, #6322, .T. ) ;
#2552 = CARTESIAN_POINT ( 'NONE',  ( 11.58413979377215952, 4.477253316603864784E-16, 27.74508992422439846 ) ) ;
#2553 = EDGE_CURVE ( 'NONE', #4724, #5799, #1617, .T. ) ;
#2554 = AXIS2_PLACEMENT_3D ( 'NONE', #2277, #7081, #4831 ) ;
#2555 = CARTESIAN_POINT ( 'NONE',  ( 5.676582343750006032, -10.53125000170698655, 2.351317394708905439 ) ) ;
#2556 = CARTESIAN_POINT ( 'NONE',  ( -0.6130799914360951508, 1.716720574632373708, 49.89967089125202904 ) ) ;
#2557 = B_SPLINE_CURVE_WITH_KNOTS ( 'NONE', 3,
 ( #6579, #4235, #1727, #621, #4838, #6624, #6534, #1218, #1183, #3049, #663, #3090, #7282, #4312, #3724, #6111, #196, #7482, #5079 ),
 .UNSPECIFIED., .F., .F.,
 ( 4, 2, 1, 2, 2, 2, 1, 1, 2, 2, 4 ),
 ( 0.000000000000000000, 0.1249999999999977796, 0.1874999999999965306, 0.2187499999999958644, 0.2499999999999951983, 0.3749999999999932276, 0.4374999999999926725, 0.4687499999999926170, 0.4843749999999925615, 0.4999999999999925615, 1.000000000000000000 ),
 .UNSPECIFIED. ) ;
#2558 = PRESENTATION_LAYER_ASSIGNMENT (  '', '', ( #1548 ) ) ;
#2559 =( LENGTH_UNIT ( ) NAMED_UNIT ( * ) SI_UNIT ( .MILLI., .METRE. ) );
#2560 = SURFACE_STYLE_USAGE ( .BOTH. , #50 ) ;
#2561 =( NAMED_UNIT ( * ) SI_UNIT ( $, .STERADIAN. ) SOLID_ANGLE_UNIT ( ) );
#2562 = CARTESIAN_POINT ( 'NONE',  ( -2.249874619895106953, -1.008483271193653774, 49.55443670443203530 ) ) ;
#2563 = PRODUCT_DEFINITION_FORMATION_WITH_SPECIFIED_SOURCE ( 'ANY', '', #7182, .NOT_KNOWN. ) ;
#2564 =( BOUNDED_SURFACE ( )  B_SPLINE_SURFACE ( 3, 3, ( 
 ( #5181, #2262, #2187, #5823, #1603 ),
 ( #4018, #6408, #1008, #4668, #3430 ),
 ( #407, #2839, #7034, #3465, #4055 ),
 ( #7655, #444, #5260, #4092, #5374 ) ),
 .UNSPECIFIED., .F., .F., .T. ) 
 B_SPLINE_SURFACE_WITH_KNOTS ( ( 4, 4 ),
 ( 4, 1, 4 ),
 ( 0.000000000000000000, 0.5000000000000000000 ),
 ( 0.000000000000000000, 0.5600000000000000533, 1.000000000000000000 ),
 .UNSPECIFIED. ) 
 GEOMETRIC_REPRESENTATION_ITEM ( )  RATIONAL_B_SPLINE_SURFACE ( (
 ( 1.000000000000000000, 1.000000000000000000, 1.000000000000000000, 1.000000000000000000, 1.000000000000000000),
 ( 0.3333333333333335369, 0.3333333333333335369, 0.3333333333333335369, 0.3333333333333335369, 0.3333333333333335369),
 ( 0.3333333333333335369, 0.3333333333333335369, 0.3333333333333335369, 0.3333333333333335369, 0.3333333333333335369),
 ( 1.000000000000000000, 1.000000000000000000, 1.000000000000000000, 1.000000000000000000, 1.000000000000000000) ) ) 
 REPRESENTATION_ITEM ( '' )  SURFACE ( )  );
#2565 = CARTESIAN_POINT ( 'NONE',  ( -0.03549630375663807152, 4.477253316603870700E-16, 47.28207510856459805 ) ) ;
#2566 = CARTESIAN_POINT ( 'NONE',  ( -5.000000000000000000, -3.187500003413984651, -6.123233995736771213E-16 ) ) ;
#2567 = COLOUR_RGB ( '',0.2509803921568627416, 0.2509803921568627416, 0.2509803921568627416 ) ;
#2568 = CARTESIAN_POINT ( 'NONE',  ( 4.013949869229449519, -7.015625001706990105, 4.013949869229449519 ) ) ;
#2569 = CARTESIAN_POINT ( 'NONE',  ( 13.90045809170250024, 0.8450017399655086470, -65.48512825965229922 ) ) ;
#2570 = CARTESIAN_POINT ( 'NONE',  ( 5.676582343749999815, -5.609375001706989217, 0.000000000000000000 ) ) ;
#2571 = CARTESIAN_POINT ( 'NONE',  ( 15.69247609800998511, -1.201456283987106133, 0.000000000000000000 ) ) ;
#2572 = CARTESIAN_POINT ( 'NONE',  ( 0.9435417855516299301, 0.1358525062947817663, 50.75730414705905957 ) ) ;
#2573 = CARTESIAN_POINT ( 'NONE',  ( -7.691355999494499329, 4.336962166251869810, -2.419880514577649855 ) ) ;
#2574 = AXIS2_PLACEMENT_3D ( 'NONE', #7014, #4541, #7564 ) ;
#2575 = FILL_AREA_STYLE ('',( #3926 ) ) ;
#2576 = CARTESIAN_POINT ( 'NONE',  ( 2.351317394708899666, -5.687500001706991881, 5.676582343750006032 ) ) ;
#2577 = CARTESIAN_POINT ( 'NONE',  ( 3.061616997868385113E-16, -8.500000003413980210, -5.000000000000000000 ) ) ;
#2578 = B_SPLINE_CURVE_WITH_KNOTS ( 'NONE', 3,
 ( #2916, #5312, #7707, #2962, #5989, #578, #3006, #5387, #7784, #2396, #6812, #6691, #5467, #1925, #5511, #1250, #6653, #3840 ),
 .UNSPECIFIED., .F., .F.,
 ( 4, 2, 2, 2, 2, 2, 2, 2, 4 ),
 ( 0.000000000000000000, 0.1250000000000000000, 0.2500000000000000000, 0.3750000000000000000, 0.5000000000000000000, 0.6250000000000000000, 0.7500000000000000000, 0.8750000000000000000, 1.000000000000000000 ),
 .UNSPECIFIED. ) ;
#2579 = CARTESIAN_POINT ( 'NONE',  ( -3.355478627343179809, -0.7909305949134700642, 51.55514213031450055 ) ) ;
#2580 = B_SPLINE_CURVE_WITH_KNOTS ( 'NONE', 3,
 ( #1078, #5295, #4127, #480 ),
 .UNSPECIFIED., .F., .F.,
 ( 4, 4 ),
 ( 0.000000000000000000, 1.000000000000000000 ),
 .UNSPECIFIED. ) ;
#2581 = AXIS2_PLACEMENT_3D ( 'NONE', #5573, #7406, #1475 ) ;
#2582 = CARTESIAN_POINT ( 'NONE',  ( 4.013949869229449519, -0.6093750017069909930, 4.013949869229449519 ) ) ;
#2583 = CARTESIAN_POINT ( 'NONE',  ( -1.882373299024634239, -2.558933895674166514, 62.90611875006847953 ) ) ;
#2584 = CARTESIAN_POINT ( 'NONE',  ( -2.512444884407144851E-11, -3.187499999999050093, -5.000000000000000000 ) ) ;
#2585 = CARTESIAN_POINT ( 'NONE',  ( 0.000000000000000000, 0.000000000000000000, 0.000000000000000000 ) ) ;
#2586 = CARTESIAN_POINT ( 'NONE',  ( 4.999999999999994671, -10.14062500341398554, 2.071067811865475949 ) ) ;
#2587 = EDGE_CURVE ( 'NONE', #4853, #2264, #777, .T. ) ;
#2588 = CARTESIAN_POINT ( 'NONE',  ( -3.535533905932739973, -1.468750000000000000, 3.535533905932735088 ) ) ;
#2589 = CARTESIAN_POINT ( 'NONE',  ( -7.635408641494979776, 4.400000000000000355, -2.387579292376179829 ) ) ;
#2590 = CARTESIAN_POINT ( 'NONE',  ( -1.042771259605471878E-15, -9.671875001706990105, 5.676582343749999815 ) ) ;
#2591 = ORIENTED_EDGE ( 'NONE', *, *, #7064, .F. ) ;
#2592 = ORIENTED_EDGE ( 'NONE', *, *, #558, .F. ) ;
#2593 = CARTESIAN_POINT ( 'NONE',  ( 8.857399940937119354, 3.524682278634184929, -0.6582302983605011759 ) ) ;
#2594 = CARTESIAN_POINT ( 'NONE',  ( -2.445643207543159559, 0.8285845715163436820, 48.77645020354061955 ) ) ;
#2595 = CARTESIAN_POINT ( 'NONE',  ( -6.053203230275529201, 4.400000000000000355, -5.515544456622719416 ) ) ;
#2596 = ORIENTED_EDGE ( 'NONE', *, *, #3326, .T. ) ;
#2597 = CARTESIAN_POINT ( 'NONE',  ( -8.133784423294464716, 4.044573795074736466, 1.911872404780611268 ) ) ;
#2598 = CARTESIAN_POINT ( 'NONE',  ( -0.02838582654500854466, -2.749999999999999112, 45.00270829813767648 ) ) ;
#2599 = CARTESIAN_POINT ( 'NONE',  ( 4.013949869229449519, -12.79687500170700076, -4.013949869229449519 ) ) ;
#2600 =( GEOMETRIC_REPRESENTATION_CONTEXT ( 3 ) GLOBAL_UNCERTAINTY_ASSIGNED_CONTEXT ( ( #1413 ) ) GLOBAL_UNIT_ASSIGNED_CONTEXT ( ( #3255, #800, #72 ) ) REPRESENTATION_CONTEXT ( 'NONE', 'WORKASPACE' ) );
#2601 = CARTESIAN_POINT ( 'NONE',  ( 0.8025498295435159468, 4.603993403836609488, 69.26997115157379881 ) ) ;
#2602 = CARTESIAN_POINT ( 'NONE',  ( 4.267661775929713741, -3.684872492343393537E-08, -2.777395095912818856 ) ) ;
#2603 = B_SPLINE_CURVE_WITH_KNOTS ( 'NONE', 3,
 ( #3850, #197, #6232, #6188, #4465, #2696, #5043, #5003, #1346, #7328, #3762, #741, #7365, #832, #3247, #2048, #1970, #5643 ),
 .UNSPECIFIED., .F., .F.,
 ( 4, 2, 2, 2, 2, 2, 2, 2, 4 ),
 ( 0.000000000000000000, 0.1250000000000000000, 0.2500000000000000000, 0.3750000000000000000, 0.5000000000000000000, 0.6250000000000000000, 0.7500000000000000000, 0.8750000000000000000, 1.000000000000000000 ),
 .UNSPECIFIED. ) ;
#2604 = B_SPLINE_CURVE_WITH_KNOTS ( 'NONE', 3,
 ( #4108, #5800, #5276, #6978, #6421, #4070, #5907, #6459, #1582, #7086, #1690, #4032, #5842, #1093 ),
 .UNSPECIFIED., .F., .F.,
 ( 4, 2, 2, 1, 1, 2, 2, 4 ),
 ( 0.000000000000000000, 0.2499999999999932276, 0.3749999999999899525, 0.4374999999999881206, 0.4687499999999873990, 0.4843749999999876210, 0.4999999999999877875, 1.000000000000000000 ),
 .UNSPECIFIED. ) ;
#2605 = FILL_AREA_STYLE_COLOUR ( '', #6739 ) ;
#2606 = UNCERTAINTY_MEASURE_WITH_UNIT (LENGTH_MEASURE( 1.000000000000000082E-05 ), #4947, 'distance_accuracy_value', 'NONE');
#2607 = CARTESIAN_POINT ( 'NONE',  ( -2.788007458312064646, 1.630812166377632932, 51.45485086706212030 ) ) ;
#2608 = CARTESIAN_POINT ( 'NONE',  ( -2.071067811865495045, -0.4531250034139837068, 4.999999999999978684 ) ) ;
#2609 = CARTESIAN_POINT ( 'NONE',  ( 0.4864145420289346378, 0.1165359132824000110, 49.75568252815740067 ) ) ;
#2610 = CARTESIAN_POINT ( 'NONE',  ( -5.676582343750004256, -4.906250001706996322, 2.351317394708899666 ) ) ;
#2611 = CARTESIAN_POINT ( 'NONE',  ( 2.351317394708899666, -1.625000001706990771, -5.676582343750006032 ) ) ;
#2612 = DIRECTION ( 'NONE',  ( 0.000000000000000000, 1.000000000000000000, 0.000000000000000000 ) ) ;
#2613 = CARTESIAN_POINT ( 'NONE',  ( 2.071067811865461739, -4.046875003413983762, 5.000000000000011546 ) ) ;
#2614 = CARTESIAN_POINT ( 'NONE',  ( 5.375073461767251537, 3.847045041970683421, -6.690090844743827425 ) ) ;
#2615 =( BOUNDED_CURVE ( )  B_SPLINE_CURVE ( 2, ( #971, #6996, #7584, #3389, #5298, #3986, #3503, #4595, #1640 ),
 .UNSPECIFIED., .F., .F. ) 
 B_SPLINE_CURVE_WITH_KNOTS ( ( 3, 2, 2, 2, 3 ),
 ( 0.1329899716750186089, 0.1369015434283560040, 0.1408131151816933990, 0.1447246869350308218, 0.1486362586883679948 ),
 .UNSPECIFIED. ) 
 CURVE ( )  GEOMETRIC_REPRESENTATION_ITEM ( )  RATIONAL_B_SPLINE_CURVE ( ( 0.9999999999997070121, 0.9238795325115799484, 1.000000000000000000, 0.9238795325112869605, 1.000000000000000000, 0.9238795325112869605, 1.000000000000000000, 0.9238795325118819290, 0.9999999999994050315 ) ) 
 REPRESENTATION_ITEM ( '' )  );
#2616 = CARTESIAN_POINT ( 'NONE',  ( -2.720527203297725016, 7.582145089942320987E-12, 48.80353893819129496 ) ) ;
#2617 = CARTESIAN_POINT ( 'NONE',  ( 5.676582343750006032, -9.281250001706995434, 2.351317394708905439 ) ) ;
#2618 = DIRECTION ( 'NONE',  ( 0.000000000000000000, 0.000000000000000000, -1.000000000000000000 ) ) ;
#2619 = EDGE_CURVE ( 'NONE', #68, #4664, #6296, .T. ) ;
#2620 = CARTESIAN_POINT ( 'NONE',  ( -3.067287391300994592, -1.311098575127606081, 51.50435343811900424 ) ) ;
#2621 = VERTEX_POINT ( 'NONE', #943 ) ;
#2622 = CARTESIAN_POINT ( 'NONE',  ( -2.921004020349431407, -2.014475921483579679, 71.97573021403206894 ) ) ;
#2623 = LINE ( 'NONE', #5009, #256 ) ;
#2624 =( NAMED_UNIT ( * ) SI_UNIT ( $, .STERADIAN. ) SOLID_ANGLE_UNIT ( ) );
#2625 = B_SPLINE_CURVE_WITH_KNOTS ( 'NONE', 3,
 ( #2138, #7460, #7501, #962, #1403, #2098, #3262, #5738, #4552, #5620, #6955, #1985, #4410, #2632, #6797, #2671, #6918, #3978, #5020, #1561, #6841 ),
 .UNSPECIFIED., .F., .F.,
 ( 4, 2, 2, 1, 1, 2, 2, 2, 1, 2, 2, 4 ),
 ( 0.000000000000000000, 0.2499999999999990008, 0.3749999999999985012, 0.4374999999999981681, 0.4687499999999979461, 0.4843749999999980016, 0.4999999999999981126, 0.6249999999999981126, 0.6874999999999981126, 0.7187499999999982236, 0.7499999999999983347, 1.000000000000000000 ),
 .UNSPECIFIED. ) ;
#2626 = CARTESIAN_POINT ( 'NONE',  ( -5.000000000000000000, -5.687500003413980210, -6.123233995736771213E-16 ) ) ;
#2627 = CARTESIAN_POINT ( 'NONE',  ( 3.061616997868385113E-16, -0.6875000000000000000, -5.000000000000000000 ) ) ;
#2628 = CARTESIAN_POINT ( 'NONE',  ( -5.676582343750004256, -12.40625000170698300, -2.351317394708899666 ) ) ;
#2629 = ORIENTED_EDGE ( 'NONE', *, *, #5711, .F. ) ;
#2630 = CARTESIAN_POINT ( 'NONE',  ( -3.381195632617615132, -9.020579378487079739E-18, 52.16499221532050257 ) ) ;
#2631 = DIRECTION ( 'NONE',  ( 0.000000000000000000, 0.000000000000000000, -1.000000000000000000 ) ) ;
#2632 = CARTESIAN_POINT ( 'NONE',  ( -1.694170161439564115, 4.223166711873097334, 7.999965959959181028 ) ) ;
#2633 = CARTESIAN_POINT ( 'NONE',  ( -3.467116748379130087, -0.2036941021800255103, 51.57470463618209777 ) ) ;
#2634 = EDGE_LOOP ( 'NONE', ( #3226, #6790, #4641, #6747 ) ) ;
#2635 = DIRECTION ( 'NONE',  ( 0.000000000000000000, 0.000000000000000000, 1.000000000000000000 ) ) ;
#2636 = CARTESIAN_POINT ( 'NONE',  ( 16.37500000000000000, 4.477253316603870700E-16, 0.000000000000000000 ) ) ;
#2637 = CARTESIAN_POINT ( 'NONE',  ( -5.676582343749999815, -9.828125001706990105, -6.951808397369819752E-16 ) ) ;
#2638 = CARTESIAN_POINT ( 'NONE',  ( -3.732299101918535200, -1.981944279537670273, 69.51608088223889581 ) ) ;
#2639 = CARTESIAN_POINT ( 'NONE',  ( -1.938758484477480781, 1.228704063407526581, 49.50885781227403726 ) ) ;
#2640 = FILL_AREA_STYLE_COLOUR ( '', #4659 ) ;
#2641 = CARTESIAN_POINT ( 'NONE',  ( 14.30752390199000956, -1.201456283987101692, -65.48512825965229922 ) ) ;
#2642 = CARTESIAN_POINT ( 'NONE',  ( 3.061616997868385113E-16, -2.250000003413984651, -5.000000000000000000 ) ) ;
#2643 = SURFACE_SIDE_STYLE ('',( #3198 ) ) ;
#2644 = SURFACE_STYLE_FILL_AREA ( #7474 ) ;
#2645 = AXIS2_PLACEMENT_3D ( 'NONE', #7433, #146, #3796 ) ;
#2646 = PRESENTATION_STYLE_ASSIGNMENT (( #7430 ) ) ;
#2647 = CARTESIAN_POINT ( 'NONE',  ( 4.013949869229449519, -3.265625001706990105, 4.013949869229449519 ) ) ;
#2648 = CARTESIAN_POINT ( 'NONE',  ( 2.351317394708899666, -2.875000001706992769, -5.676582343750006032 ) ) ;
#2649 = CARTESIAN_POINT ( 'NONE',  ( 4.013949869229449519, -0.7656250017069909930, 4.013949869229449519 ) ) ;
#2650 = FACE_OUTER_BOUND ( 'NONE', #7172, .T. ) ;
#2651 = VERTEX_POINT ( 'NONE', #5715 ) ;
#2652 = CARTESIAN_POINT ( 'NONE',  ( -3.363277440655104922, 2.622049124298944989, 69.49605379356731305 ) ) ;
#2653 = CARTESIAN_POINT ( 'NONE',  ( 4.013949869229449519, -5.296875001706990105, -4.013949869229449519 ) ) ;
#2654 = DIRECTION ( 'NONE',  ( 0.000000000000000000, 1.000000000000000000, 0.000000000000000000 ) ) ;
#2655 = ADVANCED_FACE ( 'NONE', ( #3953 ), #6378, .T. ) ;
#2656 = CARTESIAN_POINT ( 'NONE',  ( -2.819880856541309821, -0.9857104481268729179, 50.05886611979690315 ) ) ;
#2657 = B_SPLINE_CURVE_WITH_KNOTS ( 'NONE', 3,
 ( #1343, #2572, #3165, #1420 ),
 .UNSPECIFIED., .F., .F.,
 ( 4, 4 ),
 ( 0.000000000000000000, 1.000000000000000000 ),
 .UNSPECIFIED. ) ;
#2658 = ORIENTED_EDGE ( 'NONE', *, *, #5393, .F. ) ;
#2659 = DIRECTION ( 'NONE',  ( 0.000000000000000000, 0.000000000000000000, 1.000000000000000000 ) ) ;
#2660 = CARTESIAN_POINT ( 'NONE',  ( -6.053203230276950286, 0.1891696770789324800, -5.515544456620269820 ) ) ;
#2661 =( GEOMETRIC_REPRESENTATION_CONTEXT ( 3 ) GLOBAL_UNCERTAINTY_ASSIGNED_CONTEXT ( ( #3880 ) ) GLOBAL_UNIT_ASSIGNED_CONTEXT ( ( #5304, #5896, #1208 ) ) REPRESENTATION_CONTEXT ( 'NONE', 'WORKASPACE' ) );
#2662 = CARTESIAN_POINT ( 'NONE',  ( 0.000000000000000000, 0.000000000000000000, 0.000000000000000000 ) ) ;
#2663 = CYLINDRICAL_SURFACE ( 'NONE', #4716, 1.375000000000000000 ) ;
#2664 = CARTESIAN_POINT ( 'NONE',  ( -3.535533905932735088, -3.343750003413984651, -3.535533905932739973 ) ) ;
#2665 = CARTESIAN_POINT ( 'NONE',  ( 5.676582343750006032, -9.437500001706986552, 2.351317394708905439 ) ) ;
#2666 = VECTOR ( 'NONE', #6254, 1000.000000000000000 ) ;
#2667 = SURFACE_STYLE_FILL_AREA ( #205 ) ;
#2668 = ORIENTED_EDGE ( 'NONE', *, *, #7780, .T. ) ;
#2669 =( LENGTH_UNIT ( ) NAMED_UNIT ( * ) SI_UNIT ( .MILLI., .METRE. ) );
#2670 = CARTESIAN_POINT ( 'NONE',  ( 0.2513232079158302379, 0.9076586733459971468, 49.77474027535343026 ) ) ;
#2671 = CARTESIAN_POINT ( 'NONE',  ( -1.402003253637022606, 4.278229760780551061, 7.999990179212622010 ) ) ;
#2672 = FILL_AREA_STYLE ('',( #2067 ) ) ;
#2673 = ORIENTED_EDGE ( 'NONE', *, *, #7745, .T. ) ;
#2674 = CARTESIAN_POINT ( 'NONE',  ( -1.519064051622690537, -2.260809184137071437, 50.46753696113277954 ) ) ;
#2675 = CARTESIAN_POINT ( 'NONE',  ( -5.676582343750006032, -6.156250001706985664, -2.351317394708899666 ) ) ;
#2676 = CARTESIAN_POINT ( 'NONE',  ( 3.535533905932739973, -10.84375000000000000, -3.535533905932739973 ) ) ;
#2677 = CARTESIAN_POINT ( 'NONE',  ( -2.511711438265687324, 0.6694022471071274794, 49.59340459174575955 ) ) ;
#2678 = CARTESIAN_POINT ( 'NONE',  ( 3.535533905932709775, -2.093750000000025313, -3.535533905932709775 ) ) ;
#2679 = CARTESIAN_POINT ( 'NONE',  ( 0.000000000000000000, 0.000000000000000000, 0.000000000000000000 ) ) ;
#2680 = EDGE_CURVE ( 'NONE', #2977, #6517, #6033, .T. ) ;
#2681 = CARTESIAN_POINT ( 'NONE',  ( -1.958985946779987053, -1.218111264618406908, 49.51175391672623505 ) ) ;
#2682 = UNCERTAINTY_MEASURE_WITH_UNIT (LENGTH_MEASURE( 1.000000000000000082E-05 ), #1627, 'distance_accuracy_value', 'NONE');
#2683 = CARTESIAN_POINT ( 'NONE',  ( -2.825618330332263728, 1.593199118921139190, 51.46153502883835529 ) ) ;
#2684 = CARTESIAN_POINT ( 'NONE',  ( 5.000000000000005329, -1.234375003413984206, -2.071067811865475949 ) ) ;
#2685 = DIRECTION ( 'NONE',  ( 0.000000000000000000, -1.000000000000000000, 0.000000000000000000 ) ) ;
#2686 = COLOUR_RGB ( '',0.5019607843137254832, 0.5019607843137254832, 0.5019607843137254832 ) ;
#2687 = CARTESIAN_POINT ( 'NONE',  ( -4.013949869229449519, -3.578125001706990105, 4.013949869229449519 ) ) ;
#2688 = CARTESIAN_POINT ( 'NONE',  ( -2.071067811865093145, -11.39062499999994493, 5.000000000000460965 ) ) ;
#2689 = CARTESIAN_POINT ( 'NONE',  ( 0.8363624595960190700, 3.116712565338611629, 61.25636351164367710 ) ) ;
#2690 = CARTESIAN_POINT ( 'NONE',  ( 2.351317394708899666, -1.625000001706990771, -5.676582343750006032 ) ) ;
#2691 = ADVANCED_FACE ( 'NONE', ( #6482 ), #1052, .T. ) ;
#2692 = CARTESIAN_POINT ( 'NONE',  ( -9.184850993605149917E-16, -2.875000003413984651, 5.000000000000000000 ) ) ;
#2693 = CIRCLE ( 'NONE', #6381, 1.375000000000000222 ) ;
#2694 = CARTESIAN_POINT ( 'NONE',  ( 3.980102097228895273E-16, 0.000000000000000000, 3.250000000000000000 ) ) ;
#2695 = ORIENTED_EDGE ( 'NONE', *, *, #2680, .F. ) ;
#2696 = CARTESIAN_POINT ( 'NONE',  ( -1.885569067353827455, 3.198667369592731458, 71.91953636474303835 ) ) ;
#2697 = CARTESIAN_POINT ( 'NONE',  ( -5.676582343750006032, -7.406250001706987440, -2.351317394708899666 ) ) ;
#2698 = CARTESIAN_POINT ( 'NONE',  ( -5.000000000000000000, -1.625000000000024869, -6.123233995736710076E-16 ) ) ;
#2699 = CARTESIAN_POINT ( 'NONE',  ( 3.819467387402653902, 2.146158502518579425, 69.10624072111725980 ) ) ;
#2700 = MECHANICAL_DESIGN_GEOMETRIC_PRESENTATION_REPRESENTATION (  '', ( #7590 ), #3849 ) ;
#2701 = ORIENTED_EDGE ( 'NONE', *, *, #3037, .F. ) ;
#2702 = CLOSED_SHELL ( 'NONE', ( #4074, #4892, #5430, #4354, #5787, #5127, #5585, #1485, #6102, #2691, #2741, #4193, #1390, #4649, #2704, #6792, #2407, #2117, #4294, #1341, #1624, #7089, #5149, #6048, #6882, #3617, #4047, #6596, #7726, #3132, #6975, #6478, #4514, #6587, #5199, #5519, #7338, #7396, #1554, #1138, #2655, #1047, #1523, #3750, #474, #768, #1903 ) ) ;
#2703 = FILL_AREA_STYLE_COLOUR ( '', #4944 ) ;
#2704 = ADVANCED_FACE ( 'NONE', ( #4221 ), #868, .T. ) ;
#2705 = CARTESIAN_POINT ( 'NONE',  ( 6.295876729226333346, 0.09918668206830305589, -5.095222241770634319 ) ) ;
#2706 = ADVANCED_FACE ( 'NONE', ( #5266 ), #3018, .T. ) ;
#2707 = AXIS2_PLACEMENT_3D ( 'NONE', #799, #3216, #5010 ) ;
#2708 = CARTESIAN_POINT ( 'NONE',  ( 3.535533905932739973, -6.156250003413980210, -3.535533905932739973 ) ) ;
#2709 = CARTESIAN_POINT ( 'NONE',  ( -5.676582343750006032, -11.31250000170700609, -2.351317394708899666 ) ) ;
#2710 = ORIENTED_EDGE ( 'NONE', *, *, #1009, .T. ) ;
#2711 = CARTESIAN_POINT ( 'NONE',  ( 8.144259174416220048, 4.038499696197837885, -1.893727878166792333 ) ) ;
#2712 = CARTESIAN_POINT ( 'NONE',  ( 3.195297878503560174, 1.764254179839200230E-15, 61.12834227667459430 ) ) ;
#2713 = CARTESIAN_POINT ( 'NONE',  ( -7.803203230275509661, 4.400000000000000355, -2.484455543377180220 ) ) ;
#2714 = SURFACE_STYLE_USAGE ( .BOTH. , #2829 ) ;
#2715 = EDGE_LOOP ( 'NONE', ( #5080, #2281, #4214, #637, #4844, #5968, #1440, #3505, #6094, #1238, #5354 ) ) ;
#2716 = CARTESIAN_POINT ( 'NONE',  ( 0.4491333227320025157, -0.4027226216472160059, 49.75869825102159894 ) ) ;
#2717 = CARTESIAN_POINT ( 'NONE',  ( 2.351317394708899666, -6.468750001706989217, -5.676582343750006032 ) ) ;
#2718 = CARTESIAN_POINT ( 'NONE',  ( 3.061616997868385113E-16, -13.18750000000000000, -5.000000000000000000 ) ) ;
#2719 = EDGE_CURVE ( 'NONE', #5541, #930, #7630, .T. ) ;
#2720 = FACE_OUTER_BOUND ( 'NONE', #1593, .T. ) ;
#2721 = DIRECTION ( 'NONE',  ( -1.000000000000000000, 0.000000000000000000, 9.337349807258188192E-17 ) ) ;
#2722 = EDGE_CURVE ( 'NONE', #627, #4255, #6399, .T. ) ;
#2723 = CARTESIAN_POINT ( 'NONE',  ( 7.350865083233066422, 4.356456597409088971, 3.268112480037897338 ) ) ;
#2724 = CARTESIAN_POINT ( 'NONE',  ( -0.1429049802267071401, -1.415399047208746541, 49.84065079629741035 ) ) ;
#2725 = B_SPLINE_CURVE_WITH_KNOTS ( 'NONE', 3,
 ( #5609, #279, #113, #2535 ),
 .UNSPECIFIED., .F., .F.,
 ( 4, 4 ),
 ( 0.000000000000000000, 1.000000000000000000 ),
 .UNSPECIFIED. ) ;
#2726 = DIRECTION ( 'NONE',  ( 0.000000000000000000, -1.000000000000000000, 0.000000000000000000 ) ) ;
#2727 = LINE ( 'NONE', #5227, #6636 ) ;
#2728 = CARTESIAN_POINT ( 'NONE',  ( -3.547788271286824724, 0.3200524223806355262, 69.50606733790310443 ) ) ;
#2729 = CARTESIAN_POINT ( 'NONE',  ( -2.351317394708905439, -2.250000001706990549, 5.676582343750004256 ) ) ;
#2730 = CARTESIAN_POINT ( 'NONE',  ( -3.195297878503525091, 1.372367204112044127E-15, 61.47516481129870414 ) ) ;
#2731 = CARTESIAN_POINT ( 'NONE',  ( -2.351317394708905439, -2.250000001706990549, 5.676582343750006032 ) ) ;
#2732 = SURFACE_SIDE_STYLE ('',( #7555 ) ) ;
#2733 =( NAMED_UNIT ( * ) PLANE_ANGLE_UNIT ( ) SI_UNIT ( $, .RADIAN. ) );
#2734 = ORIENTED_EDGE ( 'NONE', *, *, #2392, .F. ) ;
#2735 = CARTESIAN_POINT ( 'NONE',  ( 5.676582343749999815, -1.703125001706990105, 0.000000000000000000 ) ) ;
#2736 = CARTESIAN_POINT ( 'NONE',  ( 3.061616997868385113E-16, -4.750000003413980210, -5.000000000000000000 ) ) ;
#2737 = DIRECTION ( 'NONE',  ( 0.000000000000000000, 0.000000000000000000, 1.000000000000000000 ) ) ;
#2738 = ORIENTED_EDGE ( 'NONE', *, *, #6219, .T. ) ;
#2739 = ORIENTED_EDGE ( 'NONE', *, *, #5944, .T. ) ;
#2740 =( NAMED_UNIT ( * ) PLANE_ANGLE_UNIT ( ) SI_UNIT ( $, .RADIAN. ) );
#2741 = ADVANCED_FACE ( 'NONE', ( #3229 ), #5012, .F. ) ;
#2742 = CARTESIAN_POINT ( 'NONE',  ( -2.071067811865475949, -6.703125003413982874, 4.999999999999994671 ) ) ;
#2743 = CARTESIAN_POINT ( 'NONE',  ( 2.351317394708899666, -9.593750001706986552, 5.676582343750006032 ) ) ;
#2744 = CARTESIAN_POINT ( 'NONE',  ( 5.676582343750004256, -11.78125000170697589, 2.351317394708905439 ) ) ;
#2745 = EDGE_CURVE ( 'NONE', #6312, #4050, #5867, .T. ) ;
#2746 = ORIENTED_EDGE ( 'NONE', *, *, #6516, .T. ) ;
#2747 = CARTESIAN_POINT ( 'NONE',  ( -3.381195632617618241, -4.499999999999997335, 52.16499221532041730 ) ) ;
#2748 = SURFACE_STYLE_USAGE ( .BOTH. , #4585 ) ;
#2749 = EDGE_CURVE ( 'NONE', #7227, #7212, #3085, .T. ) ;
#2750 = CARTESIAN_POINT ( 'NONE',  ( 0.4182635142140805340, -3.200000000000001954, 61.27905406217678319 ) ) ;
#2751 = ORIENTED_EDGE ( 'NONE', *, *, #3375, .T. ) ;
#2752 = CARTESIAN_POINT ( 'NONE',  ( -0.8105873216000769599, -1.740994975471820139, 49.86421861880030804 ) ) ;
#2753 = CARTESIAN_POINT ( 'NONE',  ( 3.475904198684909876E-16, -10.14062500170700076, -5.676582343749999815 ) ) ;
#2754 = FILL_AREA_STYLE ('',( #2103 ) ) ;
#2755 = CARTESIAN_POINT ( 'NONE',  ( -2.358108233298680023, 0.8937252479926418580, 49.57051466274963047 ) ) ;
#2756 = CARTESIAN_POINT ( 'NONE',  ( -9.184850993605149917E-16, -2.562500000000000000, 5.000000000000000000 ) ) ;
#2757 = CARTESIAN_POINT ( 'NONE',  ( 6.580299006146074881, 0.02964657197676800332, 4.602685982230968698 ) ) ;
#2758 = FACE_OUTER_BOUND ( 'NONE', #1062, .T. ) ;
#2759 = EDGE_CURVE ( 'NONE', #3542, #567, #351, .T. ) ;
#2760 = EDGE_CURVE ( 'NONE', #3264, #7790, #733, .T. ) ;
#2761 = CARTESIAN_POINT ( 'NONE',  ( 0.02656544658514518875, -0.1461487286932421359, 49.22792492553913490 ) ) ;
#2762 = UNCERTAINTY_MEASURE_WITH_UNIT (LENGTH_MEASURE( 1.000000000000000082E-05 ), #6729, 'distance_accuracy_value', 'NONE');
#2763 = FILL_AREA_STYLE ('',( #5264 ) ) ;
#2764 = CARTESIAN_POINT ( 'NONE',  ( 4.999999999999994671, -1.390625003413983762, 2.071067811865475949 ) ) ;
#2765 = DIRECTION ( 'NONE',  ( 0.000000000000000000, 0.000000000000000000, 1.000000000000000000 ) ) ;
#2766 = DIRECTION ( 'NONE',  ( 9.337349807258198053E-17, 0.000000000000000000, 1.000000000000000000 ) ) ;
#2767 = AXIS2_PLACEMENT_3D ( 'NONE', #4384, #187, #4995 ) ;
#2768 = FILL_AREA_STYLE_COLOUR ( '', #4516 ) ;
#2769 = CARTESIAN_POINT ( 'NONE',  ( 4.414844607846999835, -0.3200524223806365254, 69.07392914258790029 ) ) ;
#2770 = CIRCLE ( 'NONE', #7155, 5.000000000000000000 ) ;
#2771 = UNCERTAINTY_MEASURE_WITH_UNIT (LENGTH_MEASURE( 1.000000000000000082E-05 ), #4751, 'distance_accuracy_value', 'NONE');
#2772 =( NAMED_UNIT ( * ) SI_UNIT ( $, .STERADIAN. ) SOLID_ANGLE_UNIT ( ) );
#2773 = CARTESIAN_POINT ( 'NONE',  ( -1.042771259605471878E-15, -2.015625001706990105, 5.676582343749999815 ) ) ;
#2774 =( LENGTH_UNIT ( ) NAMED_UNIT ( * ) SI_UNIT ( .MILLI., .METRE. ) );
#2775 = ORIENTED_EDGE ( 'NONE', *, *, #2142, .T. ) ;
#2776 =( REPRESENTATION_RELATIONSHIP ('NONE','NONE', #1998, #7421 ) REPRESENTATION_RELATIONSHIP_WITH_TRANSFORMATION ( #4313 )SHAPE_REPRESENTATION_RELATIONSHIP( ) );
#2777 = CARTESIAN_POINT ( 'NONE',  ( -4.999999999999984901, -4.203125000000013323, -2.071067811865470620 ) ) ;
#2778 = CARTESIAN_POINT ( 'NONE',  ( -2.559156157618115657, 2.838835124899682790E-08, -4.978058909915547225 ) ) ;
#2779 = CARTESIAN_POINT ( 'NONE',  ( 6.725531686305768808, 2.032879073410318657E-17, -4.351037411404013788 ) ) ;
#2780 = STYLED_ITEM ( 'NONE', ( #2385 ), #5476 ) ;
#2781 = MECHANICAL_DESIGN_GEOMETRIC_PRESENTATION_REPRESENTATION (  '', ( #7530 ), #4161 ) ;
#2782 = CARTESIAN_POINT ( 'NONE',  ( -2.071067811865475949, -5.921875003413987315, -5.000000000000005329 ) ) ;
#2783 = CARTESIAN_POINT ( 'NONE',  ( -1.042771259605471878E-15, -9.671875001706990105, 5.676582343749999815 ) ) ;
#2784 = CARTESIAN_POINT ( 'NONE',  ( 3.475904198684909876E-16, -6.390625001706989217, -5.676582343749999815 ) ) ;
#2785 = ORIENTED_EDGE ( 'NONE', *, *, #597, .T. ) ;
#2786 = PRODUCT ( 'm12_washer.STEP', 'm12_washer.STEP', '', ( #3448 ) ) ;
#2787 = FILL_AREA_STYLE ('',( #511 ) ) ;
#2788 = PRODUCT_DEFINITION ( 'UNKNOWN', '', #6453, #1164 ) ;
#2789 = CARTESIAN_POINT ( 'NONE',  ( 0.8025498295435159468, 4.603993403836609488, 69.26997115157379881 ) ) ;
#2790 = ORIENTED_EDGE ( 'NONE', *, *, #5274, .T. ) ;
#2791 =( NAMED_UNIT ( * ) SI_UNIT ( $, .STERADIAN. ) SOLID_ANGLE_UNIT ( ) );
#2792 = AXIS2_PLACEMENT_3D ( 'NONE', #6114, #4240, #3690 ) ;
#2793 = CARTESIAN_POINT ( 'NONE',  ( -1.042771259605471878E-15, -5.765625001706989217, 5.676582343749999815 ) ) ;
#2794 = CARTESIAN_POINT ( 'NONE',  ( 3.535533905932735088, -12.40625000000000000, 3.535533905932739973 ) ) ;
#2795 = MECHANICAL_DESIGN_GEOMETRIC_PRESENTATION_REPRESENTATION (  '', ( #7556 ), #3807 ) ;
#2796 = CARTESIAN_POINT ( 'NONE',  ( -2.748300260605807122, 1.254707347777114235, 50.16916160670803038 ) ) ;
#2797 = CARTESIAN_POINT ( 'NONE',  ( -2.720169249704504910, -1.693214566627284201, 51.44279244454007483 ) ) ;
#2798 = MECHANICAL_DESIGN_GEOMETRIC_PRESENTATION_REPRESENTATION (  '', ( #6958 ), #6550 ) ;
#2799 = SURFACE_STYLE_FILL_AREA ( #5785 ) ;
#2800 = EDGE_CURVE ( 'NONE', #6517, #930, #2964, .T. ) ;
#2801 = ADVANCED_FACE ( 'NONE', ( #6575 ), #5035, .F. ) ;
#2802 = CARTESIAN_POINT ( 'NONE',  ( -0.8682997940035233064, -1.808628736765314882, 49.93163171960105018 ) ) ;
#2803 = CARTESIAN_POINT ( 'NONE',  ( 6.928203230275550517, 4.400000000000000355, 4.000000000000000000 ) ) ;
#2804 = CARTESIAN_POINT ( 'NONE',  ( 3.061616997868385113E-16, -6.937500000000000000, -5.000000000000000000 ) ) ;
#2805 = CARTESIAN_POINT ( 'NONE',  ( 16.37500000000000000, -2.475269263649387518E-15, -43.65675217310153755 ) ) ;
#2806 = CARTESIAN_POINT ( 'NONE',  ( 5.676582343750004256, -1.937500001706993658, 2.351317394708905439 ) ) ;
#2807 = SURFACE_STYLE_USAGE ( .BOTH. , #7554 ) ;
#2808 = DIRECTION ( 'NONE',  ( 0.000000000000000000, -1.000000000000000000, 0.000000000000000000 ) ) ;
#2809 = STYLED_ITEM ( 'NONE', ( #5453 ), #4848 ) ;
#2810 = CARTESIAN_POINT ( 'NONE',  ( -4.013949869229449519, -3.421875001706990105, 4.013949869229449519 ) ) ;
#2811 = CARTESIAN_POINT ( 'NONE',  ( -9.184850993605149917E-16, -1.312500000000000000, 5.000000000000000000 ) ) ;
#2812 =( NAMED_UNIT ( * ) SI_UNIT ( $, .STERADIAN. ) SOLID_ANGLE_UNIT ( ) );
#2813 =( GEOMETRIC_REPRESENTATION_CONTEXT ( 3 ) GLOBAL_UNCERTAINTY_ASSIGNED_CONTEXT ( ( #1247 ) ) GLOBAL_UNIT_ASSIGNED_CONTEXT ( ( #4868, #7551, #371 ) ) REPRESENTATION_CONTEXT ( 'NONE', 'WORKASPACE' ) );
#2814 = EDGE_LOOP ( 'NONE', ( #82, #2257, #2360, #385 ) ) ;
#2815 = MECHANICAL_DESIGN_GEOMETRIC_PRESENTATION_REPRESENTATION (  '', ( #1548 ), #7327 ) ;
#2816 = FILL_AREA_STYLE ('',( #4683 ) ) ;
#2817 = CARTESIAN_POINT ( 'NONE',  ( -0.1784903108727746435, -6.240979303611746713E-06, -5.441364880743890353 ) ) ;
#2818 = CARTESIAN_POINT ( 'NONE',  ( -1.699999999999999956, 0.000000000000000000, -1.375000000000000000 ) ) ;
#2819 = APPLICATION_PROTOCOL_DEFINITION ( 'draft international standard', 'automotive_design', 1998, #857 ) ;
#2820 = CARTESIAN_POINT ( 'NONE',  ( 8.888838916746850671, 6.161142665431478987E-16, 27.04902535903205063 ) ) ;
#2821 = CARTESIAN_POINT ( 'NONE',  ( -5.000000000000005329, -1.859375003413985095, 2.071067811865475949 ) ) ;
#2822 = AXIS2_PLACEMENT_3D ( 'NONE', #1626, #3453, #5915 ) ;
#2823 = CARTESIAN_POINT ( 'NONE',  ( 5.676582343750006032, -8.187500001706995434, 2.351317394708905439 ) ) ;
#2824 = CARTESIAN_POINT ( 'NONE',  ( -5.676582343749999815, -8.578125001706991881, -6.951808397369819752E-16 ) ) ;
#2825 = EDGE_LOOP ( 'NONE', ( #5277, #481, #2739, #4040 ) ) ;
#2826 = CARTESIAN_POINT ( 'NONE',  ( 7.560530263915471672, 4.300813317931630131, -2.904778065716465907 ) ) ;
#2827 = FILL_AREA_STYLE_COLOUR ( '', #123 ) ;
#2828 = CARTESIAN_POINT ( 'NONE',  ( 3.995506019396909636, -2.622049124298935219, 64.75697680978352366 ) ) ;
#2829 = SURFACE_SIDE_STYLE ('',( #5098 ) ) ;
#2830 = ORIENTED_EDGE ( 'NONE', *, *, #7393, .F. ) ;
#2831 = CIRCLE ( 'NONE', #1677, 3.250000000000000000 ) ;
#2832 = CARTESIAN_POINT ( 'NONE',  ( 0.8004309265284249575, -0.8183679258711279436, 50.78524709065339948 ) ) ;
#2833 = CARTESIAN_POINT ( 'NONE',  ( -4.013949869229449519, -4.671875001706989217, 4.013949869229449519 ) ) ;
#2834 = CARTESIAN_POINT ( 'NONE',  ( 5.000000000000000000, -11.00000000000000000, 0.000000000000000000 ) ) ;
#2835 = ORIENTED_EDGE ( 'NONE', *, *, #997, .T. ) ;
#2836 = AXIS2_PLACEMENT_3D ( 'NONE', #2241, #1065, #3371 ) ;
#2837 = CARTESIAN_POINT ( 'NONE',  ( -2.366864750430194952, -1.970957594239066468, 51.37912550078204532 ) ) ;
#2838 = CARTESIAN_POINT ( 'NONE',  ( 2.425560540195285775, 4.040403494144501728, -7.999999269962910553 ) ) ;
#2839 = CARTESIAN_POINT ( 'NONE',  ( 2.043590406129433656, 4.499999999999997335, 59.10006990813896266 ) ) ;
#2840 = ORIENTED_EDGE ( 'NONE', *, *, #2104, .T. ) ;
#2841 = EDGE_CURVE ( 'NONE', #7674, #4657, #5783, .T. ) ;
#2842 = CARTESIAN_POINT ( 'NONE',  ( -1.945937909665154786, -1.782486510361866783, 50.06733622858192234 ) ) ;
#2843 =( LENGTH_UNIT ( ) NAMED_UNIT ( * ) SI_UNIT ( .MILLI., .METRE. ) );
#2844 =( NAMED_UNIT ( * ) PLANE_ANGLE_UNIT ( ) SI_UNIT ( $, .RADIAN. ) );
#2845 = CARTESIAN_POINT ( 'NONE',  ( -5.676582343749999815, -1.234375001706991881, -6.951808397369819752E-16 ) ) ;
#2846 = CARTESIAN_POINT ( 'NONE',  ( -5.506528390940505169, 0.4897154120428210411, 6.462261525389067174 ) ) ;
#2847 = MANIFOLD_SOLID_BREP ( 'NONE', #931 ) ;
#2848 = CARTESIAN_POINT ( 'NONE',  ( -2.351317394708899666, -2.562500001706989217, -5.676582343750006032 ) ) ;
#2849 = FILL_AREA_STYLE_COLOUR ( '', #4994 ) ;
#2850 = AXIS2_PLACEMENT_3D ( 'NONE', #220, #6689, #6808 ) ;
#2851 = ORIENTED_EDGE ( 'NONE', *, *, #461, .F. ) ;
#2852 = ORIENTED_EDGE ( 'NONE', *, *, #7667, .F. ) ;
#2853 = CARTESIAN_POINT ( 'NONE',  ( -3.495880522426181525, -0.1892254655535566543, 51.05281206860567522 ) ) ;
#2854 = CARTESIAN_POINT ( 'NONE',  ( 15.28553842331585066, 2.749999999999999112, 10.73021057252055854 ) ) ;
#2855 = CARTESIAN_POINT ( 'NONE',  ( -5.676582343750004256, -9.750000001706990105, 2.351317394708899666 ) ) ;
#2856 = ORIENTED_EDGE ( 'NONE', *, *, #5719, .T. ) ;
#2857 = SURFACE_STYLE_USAGE ( .BOTH. , #355 ) ;
#2858 =( NAMED_UNIT ( * ) PLANE_ANGLE_UNIT ( ) SI_UNIT ( $, .RADIAN. ) );
#2859 = CARTESIAN_POINT ( 'NONE',  ( 0.8499999999999999778, 0.000000000000000000, 0.09724318643354600000 ) ) ;
#2860 = SHAPE_REPRESENTATION ( 'm12_washer.STEP', ( #668 ), #808 ) ;
#2861 = ORIENTED_EDGE ( 'NONE', *, *, #5040, .T. ) ;
#2862 = CARTESIAN_POINT ( 'NONE',  ( -1.761238155687250062, -2.197151959719250147, 51.27023364269389560 ) ) ;
#2863 = CARTESIAN_POINT ( 'NONE',  ( 5.676582343750006032, -1.781250001706992325, 2.351317394708905439 ) ) ;
#2864 = CARTESIAN_POINT ( 'NONE',  ( -2.071067811865475949, -7.640624999999998224, 4.999999999999994671 ) ) ;
#2865 = ORIENTED_EDGE ( 'NONE', *, *, #1963, .F. ) ;
#2866 = B_SPLINE_CURVE_WITH_KNOTS ( 'NONE', 3,
 ( #6207, #807, #6840, #1278, #2670, #6755, #6246, #3777, #5657, #247, #3702, #6091, #3107, #80, #2501, #4893, #6163, #7302 ),
 .UNSPECIFIED., .F., .F.,
 ( 4, 2, 2, 2, 2, 2, 2, 2, 4 ),
 ( 0.000000000000000000, 0.06250000000000009714, 0.1250000000000001943, 0.1875000000000002498, 0.2500000000000003331, 0.3750000000000002776, 0.5000000000000002220, 0.7500000000000001110, 1.000000000000000000 ),
 .UNSPECIFIED. ) ;
#2867 =( GEOMETRIC_REPRESENTATION_CONTEXT ( 3 ) GLOBAL_UNCERTAINTY_ASSIGNED_CONTEXT ( ( #140 ) ) GLOBAL_UNIT_ASSIGNED_CONTEXT ( ( #2843, #5144, #5188 ) ) REPRESENTATION_CONTEXT ( 'NONE', 'WORKASPACE' ) );
#2868 = CARTESIAN_POINT ( 'NONE',  ( -0.5870966316185928235, -2.143471400596868470, 51.05262533195378438 ) ) ;
#2869 = EDGE_LOOP ( 'NONE', ( #5696, #6385, #5251, #7619 ) ) ;
#2870 = CARTESIAN_POINT ( 'NONE',  ( 1.694170161437395628, 4.223166711872931245, -7.999965959959808970 ) ) ;
#2871 =( NAMED_UNIT ( * ) SI_UNIT ( $, .STERADIAN. ) SOLID_ANGLE_UNIT ( ) );
#2872 = ORIENTED_EDGE ( 'NONE', *, *, #3315, .T. ) ;
#2873 = PRESENTATION_STYLE_ASSIGNMENT (( #3915 ) ) ;
#2874 = CARTESIAN_POINT ( 'NONE',  ( -4.999999999999962697, -2.953125000000023093, -2.071067811865459962 ) ) ;
#2875 = CARTESIAN_POINT ( 'NONE',  ( 0.8304021929897252852, -3.000072867310879410, 69.26845958244113888 ) ) ;
#2876 = CARTESIAN_POINT ( 'NONE',  ( 2.082005002245643777, -2.619470664311777774, 71.70421307604676997 ) ) ;
#2877 = CARTESIAN_POINT ( 'NONE',  ( 0.000000000000000000, 0.5999999999999999778, -7.649999999999999467 ) ) ;
#2878 = CARTESIAN_POINT ( 'NONE',  ( -9.184850993605149917E-16, -0.3750000034139829852, 5.000000000000000000 ) ) ;
#2879 = CARTESIAN_POINT ( 'NONE',  ( 2.351317394708899666, -3.187500001706989217, 5.676582343750006032 ) ) ;
#2880 = EDGE_CURVE ( 'NONE', #7181, #4464, #1344, .T. ) ;
#2881 = CARTESIAN_POINT ( 'NONE',  ( 2.404469298717828440, 0.3534972770720160029, 8.000000144618738318 ) ) ;
#2882 = CARTESIAN_POINT ( 'NONE',  ( 4.388926958611084395, 0.6433665577233999011, 69.07533571329605593 ) ) ;
#2883 = VERTEX_POINT ( 'NONE', #7360 ) ;
#2884 = ORIENTED_EDGE ( 'NONE', *, *, #1750, .F. ) ;
#2885 = APPLICATION_PROTOCOL_DEFINITION ( 'draft international standard', 'automotive_design', 1998, #5173 ) ;
#2886 = CARTESIAN_POINT ( 'NONE',  ( 2.521302828248968453, 2.749999999999999112, 39.96228081579400282 ) ) ;
#2887 = EDGE_CURVE ( 'NONE', #5372, #463, #7671, .T. ) ;
#2888 = CARTESIAN_POINT ( 'NONE',  ( 4.013949869229449519, -6.546875001706989217, -4.013949869229449519 ) ) ;
#2889 = ORIENTED_EDGE ( 'NONE', *, *, #7641, .T. ) ;
#2890 = CARTESIAN_POINT ( 'NONE',  ( 0.04348155641028865481, 1.820641673573704766, 50.93220068564779979 ) ) ;
#2891 = CARTESIAN_POINT ( 'NONE',  ( -1.974668350588898003, 3.282697217478168561, 69.42069291290279409 ) ) ;
#2892 = CARTESIAN_POINT ( 'NONE',  ( -9.184850993605149917E-16, -11.62500000341399975, 5.000000000000000000 ) ) ;
#2893 = AXIS2_PLACEMENT_3D ( 'NONE', #3244, #268, #739 ) ;
#2894 = CARTESIAN_POINT ( 'NONE',  ( -4.013949869229449519, -1.234375001706991881, -4.013949869229449519 ) ) ;
#2895 = AXIS2_PLACEMENT_3D ( 'NONE', #5502, #1326, #3747 ) ;
#2896 = CARTESIAN_POINT ( 'NONE',  ( 3.535533905932739973, -7.093750000000000000, -3.535533905932739973 ) ) ;
#2897 = CARTESIAN_POINT ( 'NONE',  ( 3.061616997868385113E-16, -13.18750000000000000, -5.000000000000000000 ) ) ;
#2898 = ORIENTED_EDGE ( 'NONE', *, *, #2551, .F. ) ;
#2899 = CARTESIAN_POINT ( 'NONE',  ( 0.4861140058840899836, -0.07383036293771740033, 49.75570487503830464 ) ) ;
#2900 = CARTESIAN_POINT ( 'NONE',  ( -2.692611313988102495, -0.3304817519080159305, 48.80118127811276452 ) ) ;
#2901 = ORIENTED_EDGE ( 'NONE', *, *, #2917, .F. ) ;
#2902 = FACE_OUTER_BOUND ( 'NONE', #2321, .T. ) ;
#2903 =( LENGTH_UNIT ( ) NAMED_UNIT ( * ) SI_UNIT ( .MILLI., .METRE. ) );
#2904 = ORIENTED_EDGE ( 'NONE', *, *, #3235, .T. ) ;
#2905 = LINE ( 'NONE', #1833, #1287 ) ;
#2906 = UNCERTAINTY_MEASURE_WITH_UNIT (LENGTH_MEASURE( 1.000000000000000082E-05 ), #858, 'distance_accuracy_value', 'NONE');
#2907 = CARTESIAN_POINT ( 'NONE',  ( 6.411930867382100274, 6.161142665431478987E-16, 31.61781053289665522 ) ) ;
#2908 = CARTESIAN_POINT ( 'NONE',  ( 4.999999999999994671, -10.14062500341398732, 2.071067811865475949 ) ) ;
#2909 = CARTESIAN_POINT ( 'NONE',  ( 4.999999999999984901, -9.828125000000008882, 2.071067811865470620 ) ) ;
#2910 = CARTESIAN_POINT ( 'NONE',  ( 7.623834271549770669, 0.1178661143202886785, -2.795425254724015929 ) ) ;
#2911 = MECHANICAL_DESIGN_GEOMETRIC_PRESENTATION_REPRESENTATION (  '', ( #5802 ), #6543 ) ;
#2912 = EDGE_CURVE ( 'NONE', #7013, #1108, #7, .T. ) ;
#2913 =( REPRESENTATION_RELATIONSHIP ('NONE','NONE', #1998, #122 ) REPRESENTATION_RELATIONSHIP_WITH_TRANSFORMATION ( #7173 )SHAPE_REPRESENTATION_RELATIONSHIP( ) );
#2914 = CARTESIAN_POINT ( 'NONE',  ( 0.5886342390775710642, 1.237539854132257977, 50.82717179389200624 ) ) ;
#2915 = SURFACE_STYLE_USAGE ( .BOTH. , #6068 ) ;
#2916 = CARTESIAN_POINT ( 'NONE',  ( 3.429119929377254739, -2.095174554881430017E-16, 69.12742517714050905 ) ) ;
#2917 = EDGE_CURVE ( 'NONE', #4938, #4251, #6523, .T. ) ;
#2918 = CARTESIAN_POINT ( 'NONE',  ( 3.475904198684909876E-16, -7.796875001706989217, -5.676582343749999815 ) ) ;
#2919 = DIRECTION ( 'NONE',  ( 0.000000000000000000, 0.000000000000000000, -1.000000000000000000 ) ) ;
#2921 = ORIENTED_EDGE ( 'NONE', *, *, #6583, .F. ) ;
#2920 = COLOUR_RGB ( '',0.5019607843137254832, 0.5019607843137254832, 0.5019607843137254832 ) ;
#2922 = CARTESIAN_POINT ( 'NONE',  ( 0.000000000000000000, 0.000000000000000000, 0.000000000000000000 ) ) ;
#2923 = VERTEX_POINT ( 'NONE', #666 ) ;
#2924 = STYLED_ITEM ( 'NONE', ( #3590 ), #4649 ) ;
#2925 = CARTESIAN_POINT ( 'NONE',  ( 0.000000000000000000, 0.000000000000000000, 0.000000000000000000 ) ) ;
#2926 =( NAMED_UNIT ( * ) SI_UNIT ( $, .STERADIAN. ) SOLID_ANGLE_UNIT ( ) );
#2927 = CARTESIAN_POINT ( 'NONE',  ( -5.676582343750006032, -1.312500001706992991, -2.351317394708899666 ) ) ;
#2928 = AXIS2_PLACEMENT_3D ( 'NONE', #4630, #942, #3916 ) ;
#2929 = CARTESIAN_POINT ( 'NONE',  ( 0.06450650701666220399, -4.603993403836609488, 69.31002532891719170 ) ) ;
#2930 = B_SPLINE_CURVE_WITH_KNOTS ( 'NONE', 3,
 ( #905, #4493, #7003, #5834, #1016, #3279, #1609, #2689, #6300, #1537, #414, #6415, #4529, #3323, #5717, #302, #5230, #2730 ),
 .UNSPECIFIED., .F., .F.,
 ( 4, 2, 2, 2, 2, 2, 2, 2, 4 ),
 ( 0.000000000000000000, 0.1250000000000000000, 0.2500000000000000000, 0.3750000000000000000, 0.5000000000000000000, 0.6250000000000000000, 0.7500000000000000000, 0.8750000000000000000, 1.000000000000000000 ),
 .UNSPECIFIED. ) ;
#2931 = CARTESIAN_POINT ( 'NONE',  ( -5.676582343750004256, -6.000000001706996322, 2.351317394708899666 ) ) ;
#2932 = ORIENTED_EDGE ( 'NONE', *, *, #1879, .F. ) ;
#2933 = CARTESIAN_POINT ( 'NONE',  ( 7.705493517363774636, 4.251354262858965782, -2.653645365251413146 ) ) ;
#2934 = CARTESIAN_POINT ( 'NONE',  ( -0.07349899038634530313, 1.901964775910774952, 50.95470041467069677 ) ) ;
#2935 = CARTESIAN_POINT ( 'NONE',  ( 2.327765748944820690, 0.3317424661763317961, -8.000000085516928650 ) ) ;
#2936 = CARTESIAN_POINT ( 'NONE',  ( 5.676582343749999815, -13.10937500170700076, 0.000000000000000000 ) ) ;
#2937 = EDGE_CURVE ( 'NONE', #5167, #4210, #2471, .T. ) ;
#2938 = CARTESIAN_POINT ( 'NONE',  ( -4.013949869229449519, -3.421875001706990105, 4.013949869229449519 ) ) ;
#2939 = CARTESIAN_POINT ( 'NONE',  ( -3.535533905932735088, -5.531250000000000000, -3.535533905932739973 ) ) ;
#2940 = SURFACE_SIDE_STYLE ('',( #7190 ) ) ;
#2941 = ORIENTED_EDGE ( 'NONE', *, *, #560, .F. ) ;
#2942 = CARTESIAN_POINT ( 'NONE',  ( -0.1251782652435435295, -1.367078719479067006, 49.80574571720774912 ) ) ;
#2943 = FILL_AREA_STYLE ('',( #3663 ) ) ;
#2944 = COLOUR_RGB ( '',0.5019607843137254832, 0.5019607843137254832, 0.000000000000000000 ) ;
#2945 = ORIENTED_EDGE ( 'NONE', *, *, #7148, .F. ) ;
#2946 =( NAMED_UNIT ( * ) PLANE_ANGLE_UNIT ( ) SI_UNIT ( $, .RADIAN. ) );
#2947 = CYLINDRICAL_SURFACE ( 'NONE', #771, 6.150000000000000355 ) ;
#2948 = ORIENTED_EDGE ( 'NONE', *, *, #6285, .T. ) ;
#2949 = SURFACE_STYLE_USAGE ( .BOTH. , #4670 ) ;
#2950 = DIRECTION ( 'NONE',  ( 0.000000000000000000, 0.000000000000000000, -1.000000000000000000 ) ) ;
#2951 = EDGE_CURVE ( 'NONE', #4031, #3574, #5183, .T. ) ;
#2952 = CARTESIAN_POINT ( 'NONE',  ( 3.535533905932735088, -10.21875000341399975, 3.535533905932739973 ) ) ;
#2953 = FILL_AREA_STYLE_COLOUR ( '', #3648 ) ;
#2954 = MECHANICAL_DESIGN_GEOMETRIC_PRESENTATION_REPRESENTATION (  '', ( #1937 ), #2057 ) ;
#2955 = SURFACE_STYLE_USAGE ( .BOTH. , #608 ) ;
#2956 = CARTESIAN_POINT ( 'NONE',  ( 0.9658797455783700858, -2.999927132689265807, 71.76478605002199629 ) ) ;
#2957 = EDGE_CURVE ( 'NONE', #4210, #4820, #6540, .T. ) ;
#2958 = CARTESIAN_POINT ( 'NONE',  ( 7.276192489327637070, 0.02964657197675990910, -3.397363112704395505 ) ) ;
#2959 = CARTESIAN_POINT ( 'NONE',  ( 1.090957585471211244, 4.176369777167970339E-06, -5.252236999533658413 ) ) ;
#2960 = DIRECTION ( 'NONE',  ( 0.000000000000000000, 1.000000000000000000, 0.000000000000000000 ) ) ;
#2961 = CARTESIAN_POINT ( 'NONE',  ( 2.071067811865481278, -8.578125003413981986, -4.999999999999994671 ) ) ;
#2962 = CARTESIAN_POINT ( 'NONE',  ( 3.049284191820652357, 1.515281544003670433, 69.14803915402917767 ) ) ;
#2963 = CARTESIAN_POINT ( 'NONE',  ( 4.013949869229449519, -10.76562500170700076, 4.013949869229449519 ) ) ;
#2964 = LINE ( 'NONE', #1764, #2001 ) ;
#2965 = CARTESIAN_POINT ( 'NONE',  ( 2.351317394708899666, -7.093750001706996322, 5.676582343750006032 ) ) ;
#2966 = CARTESIAN_POINT ( 'NONE',  ( -3.535533905932759957, -6.468750000000000000, 3.535533905932759957 ) ) ;
#2967 = ORIENTED_EDGE ( 'NONE', *, *, #6157, .F. ) ;
#2968 = MECHANICAL_DESIGN_GEOMETRIC_PRESENTATION_REPRESENTATION (  '', ( #6473 ), #556 ) ;
#2969 = CARTESIAN_POINT ( 'NONE',  ( 2.359215200786985223E-11, -1.937500000000889955, -5.000000000000000000 ) ) ;
#2970 = ORIENTED_EDGE ( 'NONE', *, *, #2912, .T. ) ;
#2971 = CARTESIAN_POINT ( 'NONE',  ( 8.022847935044012502, 0.2919998814055625447, 2.104017485190856629 ) ) ;
#2972 = CARTESIAN_POINT ( 'NONE',  ( 2.351317394708899666, -11.93750000170698833, 5.676582343750006032 ) ) ;
#2973 = CARTESIAN_POINT ( 'NONE',  ( -8.999066849590471762, 3.400933150409540140, -0.4131589958003540342 ) ) ;
#2974 =( NAMED_UNIT ( * ) SI_UNIT ( $, .STERADIAN. ) SOLID_ANGLE_UNIT ( ) );
#2975 = STYLED_ITEM ( 'NONE', ( #7426 ), #4578 ) ;
#2976 = CARTESIAN_POINT ( 'NONE',  ( -4.013949869229449519, -3.734375001706989661, -4.013949869229449519 ) ) ;
#2977 = VERTEX_POINT ( 'NONE', #1143 ) ;
#2978 = CARTESIAN_POINT ( 'NONE',  ( -0.6987099187406812240, 0.02987750689692413725, 8.000040267793130155 ) ) ;
#2979 = CARTESIAN_POINT ( 'NONE',  ( -1.902526809502793625, 2.200607343365911017, 50.51819022483304877 ) ) ;
#2980 = CARTESIAN_POINT ( 'NONE',  ( 3.878092140487714889, -2.622049124298944989, 62.59349387121338992 ) ) ;
#2981 = CARTESIAN_POINT ( 'NONE',  ( 0.000000000000000000, -13.50000000000000000, 0.000000000000000000 ) ) ;
#2982 = CARTESIAN_POINT ( 'NONE',  ( -5.676582343750006032, -3.500000001706992325, 2.351317394708899666 ) ) ;
#2983 = EDGE_CURVE ( 'NONE', #915, #1638, #4147, .T. ) ;
#2984 = CARTESIAN_POINT ( 'NONE',  ( -5.000000000000000000, -7.875000000000000000, -6.123233995736771213E-16 ) ) ;
#2985 = ORIENTED_EDGE ( 'NONE', *, *, #6359, .F. ) ;
#2986 = EDGE_CURVE ( 'NONE', #502, #5338, #4165, .T. ) ;
#2987 = SURFACE_STYLE_USAGE ( .BOTH. , #2463 ) ;
#2988 = ORIENTED_EDGE ( 'NONE', *, *, #1867, .F. ) ;
#2989 = CARTESIAN_POINT ( 'NONE',  ( 4.999999999999962697, -4.828125000000019540, 2.071067811865465291 ) ) ;
#2990 = SURFACE_STYLE_FILL_AREA ( #5496 ) ;
#2991 = ORIENTED_EDGE ( 'NONE', *, *, #1580, .F. ) ;
#2992 = STYLED_ITEM ( 'NONE', ( #5202 ), #125 ) ;
#2993 = SURFACE_STYLE_FILL_AREA ( #485 ) ;
#2994 = CARTESIAN_POINT ( 'NONE',  ( -9.184850993605149917E-16, -10.37500000341398021, 5.000000000000000000 ) ) ;
#2995 = FILL_AREA_STYLE_COLOUR ( '', #473 ) ;
#2996 = CARTESIAN_POINT ( 'NONE',  ( 0.8499999999999999778, -15.00000000000000000, -2.847243186433544793 ) ) ;
#2997 = CARTESIAN_POINT ( 'NONE',  ( -4.007329211615167530, -0.0002583538883694521770, -4.026838182552663348 ) ) ;
#2998 = CARTESIAN_POINT ( 'NONE',  ( -9.184850993605149917E-16, -5.375000003413979321, 5.000000000000000000 ) ) ;
#2999 = EDGE_CURVE ( 'NONE', #3650, #7334, #3800, .T. ) ;
#3000 = EDGE_CURVE ( 'NONE', #5282, #7227, #2770, .T. ) ;
#3001 = CARTESIAN_POINT ( 'NONE',  ( -2.647093649726563136, 1.416689506463658394E-06, -4.938887216698168103 ) ) ;
#3002 = CARTESIAN_POINT ( 'NONE',  ( -1.699999999999999956, 0.000000000000000000, 0.000000000000000000 ) ) ;
#3003 = UNCERTAINTY_MEASURE_WITH_UNIT (LENGTH_MEASURE( 1.000000000000000082E-05 ), #855, 'distance_accuracy_value', 'NONE');
#3004 = FACE_OUTER_BOUND ( 'NONE', #7656, .T. ) ;
#3005 = CARTESIAN_POINT ( 'NONE',  ( 2.071067811865467512, -9.046875003413981986, 5.000000000000011546 ) ) ;
#3006 = CARTESIAN_POINT ( 'NONE',  ( 1.946527449658304931, 2.619470664311742247, 69.20788660846582729 ) ) ;
#3007 = CARTESIAN_POINT ( 'NONE',  ( -4.013949869229449519, -9.828125001706990105, 4.013949869229449519 ) ) ;
#3008 = CARTESIAN_POINT ( 'NONE',  ( 3.061616997868385113E-16, -1.000000003413983984, -5.000000000000000000 ) ) ;
#3009 = CARTESIAN_POINT ( 'NONE',  ( -2.351317394708899666, -5.218750001706989217, -5.676582343750006032 ) ) ;
#3010 = DIRECTION ( 'NONE',  ( 0.000000000000000000, -1.000000000000000000, 0.000000000000000000 ) ) ;
#3011 = DIRECTION ( 'NONE',  ( 0.05419102103501098611, 3.049698635436430871E-16, 0.9985305870323567534 ) ) ;
#3012 = ORIENTED_EDGE ( 'NONE', *, *, #2329, .F. ) ;
#3013 = ITEM_DEFINED_TRANSFORMATION ( 'NONE', 'NONE', #1307,  #2581 ) ;
#3014 = CARTESIAN_POINT ( 'NONE',  ( 8.857399940936403482, 0.8753177213651693878, 0.6582302983614735092 ) ) ;
#3015 = CARTESIAN_POINT ( 'NONE',  ( 5.676582343750006032, -12.87500000170697945, -2.351317394708899666 ) ) ;
#3016 = CARTESIAN_POINT ( 'NONE',  ( -4.618802153517040487, 3.162395692965989991, -8.000000000000000000 ) ) ;
#3017 = FILL_AREA_STYLE ('',( #66 ) ) ;
#3018 = CONICAL_SURFACE ( 'NONE', #7398, 8.000000000000000000, 0.7853981633974503884 ) ;
#3019 = CARTESIAN_POINT ( 'NONE',  ( 5.676582343750004256, -2.875000001706992769, -2.351317394708899666 ) ) ;
#3020 = ORIENTED_EDGE ( 'NONE', *, *, #813, .F. ) ;
#3021 = CARTESIAN_POINT ( 'NONE',  ( -0.3992676518898965465, 0.007469376724208919190, 7.999986212843512412 ) ) ;
#3022 = CARTESIAN_POINT ( 'NONE',  ( 0.9240596872076251023, 0.3537310863514530612, 50.76110877872550020 ) ) ;
#3023 = CARTESIAN_POINT ( 'NONE',  ( 2.071067811865475949, -11.54687500341398554, 4.999999999999994671 ) ) ;
#3024 = CARTESIAN_POINT ( 'NONE',  ( -2.071067811865475949, -5.140624999999995559, 4.999999999999994671 ) ) ;
#3025 = CARTESIAN_POINT ( 'NONE',  ( 2.351317394708899666, -7.875000001706991881, -5.676582343750006032 ) ) ;
#3026 = EDGE_LOOP ( 'NONE', ( #5960, #5887 ) ) ;
#3027 = CARTESIAN_POINT ( 'NONE',  ( -1.814347379512255332, -1.307022330893837569, 48.71437886911527926 ) ) ;
#3028 = CARTESIAN_POINT ( 'NONE',  ( -3.106778935795995178, 0.07758522746874840781, 50.08979328888550953 ) ) ;
#3029 = ORIENTED_EDGE ( 'NONE', *, *, #3493, .T. ) ;
#3030 =( LENGTH_UNIT ( ) NAMED_UNIT ( * ) SI_UNIT ( .MILLI., .METRE. ) );
#3031 = COLOUR_RGB ( '',0.5019607843137254832, 0.5019607843137254832, 0.000000000000000000 ) ;
#3032 = CARTESIAN_POINT ( 'NONE',  ( 8.888838916746850671, 6.161142665431478987E-16, 27.04902535903205063 ) ) ;
#3033 = CARTESIAN_POINT ( 'NONE',  ( 2.071067811865877406, -11.23437500000000000, 4.999999999999579003 ) ) ;
#3034 = SURFACE_STYLE_USAGE ( .BOTH. , #4100 ) ;
#3035 = PLANE ( 'NONE',  #1392 ) ;
#3036 = CARTESIAN_POINT ( 'NONE',  ( 0.8550370436305145816, 0.2142658998705383178, 50.39552362014197939 ) ) ;
#3037 = EDGE_CURVE ( 'NONE', #4882, #1069, #6060, .T. ) ;
#3038 = FACE_OUTER_BOUND ( 'NONE', #2212, .T. ) ;
#3039 = CARTESIAN_POINT ( 'NONE',  ( 3.858289250157106665, 9.329973767178359066E-05, -3.398184298080588750 ) ) ;
#3040 = CARTESIAN_POINT ( 'NONE',  ( 3.061616997868385113E-16, -4.750000003413980210, -5.000000000000000000 ) ) ;
#3041 = CARTESIAN_POINT ( 'NONE',  ( -0.9944546099976575571, 2.235213006190519991, 51.12853156928882470 ) ) ;
#3042 = CARTESIAN_POINT ( 'NONE',  ( 1.986881643625361571, 0.2408062546476635313, 7.999965634879608878 ) ) ;
#3043 = AXIS2_PLACEMENT_3D ( 'NONE', #1856, #1262, #667 ) ;
#3044 = CARTESIAN_POINT ( 'NONE',  ( 2.351317394708899666, -12.09375000170697945, 5.676582343750004256 ) ) ;
#3045 = CARTESIAN_POINT ( 'NONE',  ( 5.000000000000005329, -2.484375003413985539, -2.071067811865475949 ) ) ;
#3046 = PRODUCT_DEFINITION_SHAPE ( 'NONE', 'NONE',  #2192 ) ;
#3047 = CARTESIAN_POINT ( 'NONE',  ( -1.042771259605471878E-15, -4.671875001706989217, 5.676582343749999815 ) ) ;
#3048 = STYLED_ITEM ( 'NONE', ( #5050 ), #3413 ) ;
#3049 = CARTESIAN_POINT ( 'NONE',  ( -6.135081943000448845, 4.246397672917118449, 5.373875539661615797 ) ) ;
#3050 = AXIS2_PLACEMENT_3D ( 'NONE', #2267, #1606, #4021 ) ;
#3051 = DIRECTION ( 'NONE',  ( 0.000000000000000000, 1.000000000000000000, 0.000000000000000000 ) ) ;
#3052 = CARTESIAN_POINT ( 'NONE',  ( 3.475904198684909876E-16, -0.2968750017069904934, -5.676582343749999815 ) ) ;
#3053 = CARTESIAN_POINT ( 'NONE',  ( -2.704166277726879748E-14, 4.400000000000000355, -8.000000000000000000 ) ) ;
#3054 = B_SPLINE_CURVE_WITH_KNOTS ( 'NONE', 3,
 ( #4770, #3529, #1738, #7223 ),
 .UNSPECIFIED., .F., .F.,
 ( 4, 4 ),
 ( 0.000000000000000000, 1.000000000000000000 ),
 .UNSPECIFIED. ) ;
#3055 = CARTESIAN_POINT ( 'NONE',  ( 3.475904198684909876E-16, -1.390625001706991881, -5.676582343749999815 ) ) ;
#3056 = EDGE_LOOP ( 'NONE', ( #3259, #1895 ) ) ;
#3057 = CARTESIAN_POINT ( 'NONE',  ( -1.191246995221840077, 2.273295375918516825, 50.42518904143921787 ) ) ;
#3058 = CARTESIAN_POINT ( 'NONE',  ( -1.257827565093527777, 0.09812530350812702362, -8.000000307008582112 ) ) ;
#3059 = DIRECTION ( 'NONE',  ( 0.5878150399441470775, 0.000000000000000000, -0.8089953515413180751 ) ) ;
#3060 = PRESENTATION_LAYER_ASSIGNMENT (  '', '', ( #6826 ) ) ;
#3061 = COLOUR_RGB ( '',1.000000000000000000, 1.000000000000000000, 0.000000000000000000 ) ;
#3062 = CARTESIAN_POINT ( 'NONE',  ( -5.000000000000000000, -9.437500003413978433, -6.123233995736771213E-16 ) ) ;
#3063 = CARTESIAN_POINT ( 'NONE',  ( 3.061616997868385113E-16, -3.187500000000000000, -5.000000000000000000 ) ) ;
#3064 = B_SPLINE_CURVE_WITH_KNOTS ( 'NONE', 3,
 ( #4030, #7084, #3966, #6349 ),
 .UNSPECIFIED., .F., .F.,
 ( 4, 4 ),
 ( 0.000000000000000000, 1.000000000000000000 ),
 .UNSPECIFIED. ) ;
#3065 = COLOUR_RGB ( '',0.5019607843137254832, 0.5019607843137254832, 0.000000000000000000 ) ;
#3066 = CARTESIAN_POINT ( 'NONE',  ( 3.475904198684909876E-16, -9.046875001706990105, -5.676582343749999815 ) ) ;
#3067 = ORIENTED_EDGE ( 'NONE', *, *, #3827, .T. ) ;
#3068 = CARTESIAN_POINT ( 'NONE',  ( 0.9465570057795469339, 6.183598611335770172E-10, 50.75671530296079936 ) ) ;
#3069 =( NAMED_UNIT ( * ) SI_UNIT ( $, .STERADIAN. ) SOLID_ANGLE_UNIT ( ) );
#3070 = FILL_AREA_STYLE_COLOUR ( '', #2151 ) ;
#3071 = ORIENTED_EDGE ( 'NONE', *, *, #416, .T. ) ;
#3072 = SURFACE_STYLE_USAGE ( .BOTH. , #683 ) ;
#3073 = CARTESIAN_POINT ( 'NONE',  ( 11.16227881057210070, 6.161142665431478987E-16, 20.43400127884239836 ) ) ;
#3074 =( BOUNDED_CURVE ( )  B_SPLINE_CURVE ( 2, ( #3852, #3249, #5198, #4029, #5154, #5121, #3365, #3963, #2736 ),
 .UNSPECIFIED., .F., .F. ) 
 B_SPLINE_CURVE_WITH_KNOTS ( ( 3, 2, 2, 2, 3 ),
 ( 0.5227272727272730402, 0.5340909090909089496, 0.5454545454545449701, 0.5568181818181819898, 0.5681818181818180102 ),
 .UNSPECIFIED. ) 
 CURVE ( )  GEOMETRIC_REPRESENTATION_ITEM ( )  RATIONAL_B_SPLINE_CURVE ( ( 1.000000000000000000, 0.9238795325112869605, 1.000000000000000000, 0.9238795325112869605, 1.000000000000000000, 0.9238795325112869605, 1.000000000000000000, 0.9238795325112879597, 1.000000000000000000 ) ) 
 REPRESENTATION_ITEM ( '' )  );
#3075 = CARTESIAN_POINT ( 'NONE',  ( 0.5690057208676159162, 6.884572797299199851E-15, 71.78632470782640951 ) ) ;
#3076 = AXIS2_PLACEMENT_3D ( 'NONE', #763, #6604, #5495 ) ;
#3077 = EDGE_CURVE ( 'NONE', #394, #3890, #2866, .T. ) ;
#3078 =( NAMED_UNIT ( * ) SI_UNIT ( $, .STERADIAN. ) SOLID_ANGLE_UNIT ( ) );
#3079 = CARTESIAN_POINT ( 'NONE',  ( -1.750000000000000000, 0.5999999999999999778, 7.447147104764350267 ) ) ;
#3080 = UNCERTAINTY_MEASURE_WITH_UNIT (LENGTH_MEASURE( 1.000000000000000082E-05 ), #3892, 'distance_accuracy_value', 'NONE');
#3081 = CARTESIAN_POINT ( 'NONE',  ( -0.6624796428212382793, 2.172094745407553873, 51.06675003319629269 ) ) ;
#3082 = MECHANICAL_DESIGN_GEOMETRIC_PRESENTATION_REPRESENTATION (  '', ( #1053 ), #4824 ) ;
#3083 = DIRECTION ( 'NONE',  ( 0.000000000000000000, -1.000000000000000000, 0.000000000000000000 ) ) ;
#3084 = CARTESIAN_POINT ( 'NONE',  ( -5.676582343749999815, -11.23437500170700076, -6.951808397369819752E-16 ) ) ;
#3085 = LINE ( 'NONE', #390, #3399 ) ;
#3086 = CARTESIAN_POINT ( 'NONE',  ( -5.676582343750006032, -6.156250001706985664, 2.351317394708899666 ) ) ;
#3087 = CARTESIAN_POINT ( 'NONE',  ( 2.351317394708899666, -4.593750001706991881, 5.676582343750006032 ) ) ;
#3088 =( NAMED_UNIT ( * ) PLANE_ANGLE_UNIT ( ) SI_UNIT ( $, .RADIAN. ) );
#3089 =( GEOMETRIC_REPRESENTATION_CONTEXT ( 3 ) GLOBAL_UNCERTAINTY_ASSIGNED_CONTEXT ( ( #1712 ) ) GLOBAL_UNIT_ASSIGNED_CONTEXT ( ( #7053, #4609, #4000 ) ) REPRESENTATION_CONTEXT ( 'NONE', 'WORKASPACE' ) );
#3090 = CARTESIAN_POINT ( 'NONE',  ( -5.914629501667758582, 4.148115431456044888, 5.755568329978405728 ) ) ;
#3091 = CARTESIAN_POINT ( 'NONE',  ( 7.331655873818074376, 0.03051897909794974370, 3.301194603099927960 ) ) ;
#3092 = CARTESIAN_POINT ( 'NONE',  ( 4.013949869229449519, -10.29687500170700076, -4.013949869229449519 ) ) ;
#3093 = CARTESIAN_POINT ( 'NONE',  ( 6.725531686344491611, 4.399999999999985256, 4.351037411336980298 ) ) ;
#3094 = CARTESIAN_POINT ( 'NONE',  ( 9.237604307034001039, 3.162395692965989991, -2.348089655196865167E-17 ) ) ;
#3095 = CARTESIAN_POINT ( 'NONE',  ( 5.676582343750004256, -1.625000001706990771, -2.351317394708899666 ) ) ;
#3096 = ORIENTED_EDGE ( 'NONE', *, *, #1821, .F. ) ;
#3097 = CARTESIAN_POINT ( 'NONE',  ( -0.8485686106460793576, 0.04388258825487115211, 8.000081090808604856 ) ) ;
#3098 = CARTESIAN_POINT ( 'NONE',  ( 0.000000000000000000, 0.000000000000000000, 0.000000000000000000 ) ) ;
#3099 = CARTESIAN_POINT ( 'NONE',  ( 7.347880794884119736E-16, 4.400000000000000355, 6.000000000000000000 ) ) ;
#3100 = CARTESIAN_POINT ( 'NONE',  ( 1.750000000000000000, 0.000000000000000000, -1.634036216270185091E-16 ) ) ;
#3101 = STYLED_ITEM ( 'NONE', ( #172 ), #4093 ) ;
#3102 = CARTESIAN_POINT ( 'NONE',  ( -3.535533905932739973, -9.281250003413978433, 3.535533905932735088 ) ) ;
#3103 = CARTESIAN_POINT ( 'NONE',  ( 3.535533905932739973, -0.8437500000000000000, -3.535533905932739973 ) ) ;
#3104 = CARTESIAN_POINT ( 'NONE',  ( -1.042771259605471878E-15, -10.92187500170700076, 5.676582343749999815 ) ) ;
#3105 = ORIENTED_EDGE ( 'NONE', *, *, #3531, .T. ) ;
#3106 = CARTESIAN_POINT ( 'NONE',  ( -0.07582787651598270340, -1.903321635075967189, 50.95519414867726482 ) ) ;
#3107 = CARTESIAN_POINT ( 'NONE',  ( -1.644827174843164874, 1.787531829384175541, 49.94014708108309009 ) ) ;
#3108 = CYLINDRICAL_SURFACE ( 'NONE', #3556, 5.000000000000000000 ) ;
#3109 = VERTEX_POINT ( 'NONE', #5698 ) ;
#3110 = CARTESIAN_POINT ( 'NONE',  ( 15.28553842331585066, -2.749999999999999112, 10.73021057252055854 ) ) ;
#3111 = CARTESIAN_POINT ( 'NONE',  ( -5.676582343750006032, -11.15625000170699366, -2.351317394708899666 ) ) ;
#3112 = CARTESIAN_POINT ( 'NONE',  ( 2.071067811867167041, -0.7656250000001082467, -4.999999999998268940 ) ) ;
#3113 = CARTESIAN_POINT ( 'NONE',  ( -0.4038574314773239471, 1.607150549669318362, 49.87343213210139226 ) ) ;
#3114 = CARTESIAN_POINT ( 'NONE',  ( 1.499693752023946169, -3.870730210485892719, 69.23213661604911806 ) ) ;
#3115 = CARTESIAN_POINT ( 'NONE',  ( 2.665865684790164281, 0.0001307014469736574893, -4.526111581406450313 ) ) ;
#3116 = DIRECTION ( 'NONE',  ( 0.000000000000000000, 0.000000000000000000, 1.000000000000000000 ) ) ;
#3117 =( BOUNDED_CURVE ( )  B_SPLINE_CURVE ( 2, ( #7772, #1007, #3429, #2989, #443, #1602, #7107, #5373, #5259 ),
 .UNSPECIFIED., .F., .F. ) 
 B_SPLINE_CURVE_WITH_KNOTS ( ( 3, 2, 2, 2, 3 ),
 ( 0.2112219237908884995, 0.2151334546579700135, 0.2190449855250514999, 0.2229565163921329862, 0.2268680472592145003 ),
 .UNSPECIFIED. ) 
 CURVE ( )  GEOMETRIC_REPRESENTATION_ITEM ( )  RATIONAL_B_SPLINE_CURVE ( ( 1.000000000000000000, 0.9238795325112869605, 1.000000000000000000, 0.9238795325112869605, 1.000000000000000000, 0.9238795325112869605, 1.000000000000000000, 0.9238795325113419166, 0.9999999999999450440 ) ) 
 REPRESENTATION_ITEM ( '' )  );
#3118 = SURFACE_SIDE_STYLE ('',( #2644 ) ) ;
#3119 = CARTESIAN_POINT ( 'NONE',  ( 4.230333777215284918, -2.622049124298944989, 69.08394268692370588 ) ) ;
#3120 = CARTESIAN_POINT ( 'NONE',  ( -4.013949869229449519, -4.828125001706989217, 4.013949869229449519 ) ) ;
#3121 = CARTESIAN_POINT ( 'NONE',  ( 15.35990334099400911, 1.339212430418933675, -65.48512825965228501 ) ) ;
#3122 = CARTESIAN_POINT ( 'NONE',  ( -2.351317394708905439, -6.000000001706996322, 5.676582343750006032 ) ) ;
#3123 = CARTESIAN_POINT ( 'NONE',  ( 2.351317394708899666, -6.625000001706990105, -5.676582343750006032 ) ) ;
#3124 = CARTESIAN_POINT ( 'NONE',  ( 3.061616997868385113E-16, -2.250000003413984651, -5.000000000000000000 ) ) ;
#3125 = CARTESIAN_POINT ( 'NONE',  ( -4.013949869229449519, -4.984375001706990105, -4.013949869229449519 ) ) ;
#3126 = CARTESIAN_POINT ( 'NONE',  ( 0.2377176021706204900, 6.161142665431478987E-16, 38.30791870116129871 ) ) ;
#3127 = CARTESIAN_POINT ( 'NONE',  ( 4.999999999999984901, -8.578125000000007105, 2.071067811865470620 ) ) ;
#3128 = CARTESIAN_POINT ( 'NONE',  ( -4.013949869229449519, -2.484375001706990105, -4.013949869229449519 ) ) ;
#3129 = ORIENTED_EDGE ( 'NONE', *, *, #5530, .T. ) ;
#3130 = CARTESIAN_POINT ( 'NONE',  ( -1.395823013286797920, 0.1186787984094836573, 8.000133527766431385 ) ) ;
#3131 = CARTESIAN_POINT ( 'NONE',  ( 0.007119260505257819609, -6.219871385070530605E-10, 48.52246411748139820 ) ) ;
#3132 = ADVANCED_FACE ( 'NONE', ( #7573 ), #323, .T. ) ;
#3133 = CARTESIAN_POINT ( 'NONE',  ( -3.113779419913728752, 0.5827479867867237928, -7.999860851451703780 ) ) ;
#3134 = LINE ( 'NONE', #1435, #1193 ) ;
#3135 = MECHANICAL_DESIGN_GEOMETRIC_PRESENTATION_REPRESENTATION (  '', ( #5135 ), #7143 ) ;
#3136 = CARTESIAN_POINT ( 'NONE',  ( -2.071067811865475949, -11.70312500341398199, 4.999999999999994671 ) ) ;
#3137 = CARTESIAN_POINT ( 'NONE',  ( -2.071067811865475949, -1.390624999999999778, 4.999999999999994671 ) ) ;
#3138 = PRESENTATION_STYLE_ASSIGNMENT (( #4936 ) ) ;
#3139 = CARTESIAN_POINT ( 'NONE',  ( -2.351317394708899666, -8.968750001706991881, -5.676582343750006032 ) ) ;
#3140 = VERTEX_POINT ( 'NONE', #2712 ) ;
#3141 = PRESENTATION_STYLE_ASSIGNMENT (( #716 ) ) ;
#3142 = CARTESIAN_POINT ( 'NONE',  ( -0.8954058112143897796, 1.306510961043125141, 48.61981319975924976 ) ) ;
#3143 = AXIS2_PLACEMENT_3D ( 'NONE', #6897, #7179, #5357 ) ;
#3144 = CARTESIAN_POINT ( 'NONE',  ( 0.6851359506343235317, 4.603993403836614817, 67.10648821300365796 ) ) ;
#3145 = CARTESIAN_POINT ( 'NONE',  ( -4.084540738646100344, -1.981944279537670273, 63.02563206652870065 ) ) ;
#3146 = ORIENTED_EDGE ( 'NONE', *, *, #3580, .F. ) ;
#3147 = CARTESIAN_POINT ( 'NONE',  ( -8.167064110034599977, 4.025120891733035222, 1.854222032766401629 ) ) ;
#3148 = CARTESIAN_POINT ( 'NONE',  ( 1.270191908116035773, -2.749999999999999112, 58.17724522720961033 ) ) ;
#3149 = CARTESIAN_POINT ( 'NONE',  ( 5.676582343749999815, -11.70312500170700076, 0.000000000000000000 ) ) ;
#3150 =( BOUNDED_CURVE ( )  B_SPLINE_CURVE ( 2, ( #2692, #5078, #6110, #5640, #5039, #2045, #7437, #698, #3124 ),
 .UNSPECIFIED., .F., .F. ) 
 B_SPLINE_CURVE_WITH_KNOTS ( ( 3, 2, 2, 2, 3 ),
 ( 0.7045454545454550299, 0.7159090909090910504, 0.7272727272727269598, 0.7386363636363639795, 0.7500000000000000000 ),
 .UNSPECIFIED. ) 
 CURVE ( )  GEOMETRIC_REPRESENTATION_ITEM ( )  RATIONAL_B_SPLINE_CURVE ( ( 1.000000000000000000, 0.9238795325112859613, 1.000000000000000000, 0.9238795325112869605, 1.000000000000000000, 0.9238795325112869605, 1.000000000000000000, 0.9238795325112879597, 1.000000000000000000 ) ) 
 REPRESENTATION_ITEM ( '' )  );
#3151 = CARTESIAN_POINT ( 'NONE',  ( 4.999999999999973355, -1.078125000000015987, 2.071067811865465291 ) ) ;
#3152 = CARTESIAN_POINT ( 'NONE',  ( -0.1187325446503893905, 1.393980925303925700, 49.83768617320715322 ) ) ;
#3153 = CARTESIAN_POINT ( 'NONE',  ( 4.003804544611683447, -7.113324858281559835E-05, -3.202044939124379486 ) ) ;
#3154 = CARTESIAN_POINT ( 'NONE',  ( -2.655841370809876256, 2.559505047588666926, 69.45766069530894526 ) ) ;
#3155 = CARTESIAN_POINT ( 'NONE',  ( -2.428288760189339257, -0.8028069000154720580, 49.58089821229228988 ) ) ;
#3156 = CIRCLE ( 'NONE', #1246, 6.150000000000000355 ) ;
#3157 = UNCERTAINTY_MEASURE_WITH_UNIT (LENGTH_MEASURE( 1.000000000000000082E-05 ), #7783, 'distance_accuracy_value', 'NONE');
#3158 = FILL_AREA_STYLE_COLOUR ( '', #5420 ) ;
#3159 = CARTESIAN_POINT ( 'NONE',  ( -2.071067811865495045, -2.953125003413981542, 4.999999999999978684 ) ) ;
#3160 = CARTESIAN_POINT ( 'NONE',  ( 1.395823013294286374, 4.281321201591736347, 8.000133527764063501 ) ) ;
#3161 = CARTESIAN_POINT ( 'NONE',  ( 5.676582343750004256, -6.937500001706994546, 2.351317394708905439 ) ) ;
#3162 = CARTESIAN_POINT ( 'NONE',  ( 14.15499826003449435, 1.099541908297498871, -65.48512825965229922 ) ) ;
#3163 = CARTESIAN_POINT ( 'NONE',  ( 5.676582343750006032, -5.531250001706990993, -2.351317394708899666 ) ) ;
#3164 = CARTESIAN_POINT ( 'NONE',  ( -6.770776584568971579, 0.01944118399813307696, -0.3383748773949976640 ) ) ;
#3165 = CARTESIAN_POINT ( 'NONE',  ( 0.9465682047935769505, 0.06780511347756895679, 50.75671312734405660 ) ) ;
#3166 = B_SPLINE_CURVE_WITH_KNOTS ( 'NONE', 3,
 ( #3667, #6211, #721, #4945, #812, #4412, #7349, #3707, #3147, #5584, #2597, #4374, #3190, #6095, #1365, #4983, #7382, #1988, #6801, #3227, #4332 ),
 .UNSPECIFIED., .F., .F.,
 ( 4, 2, 2, 1, 1, 2, 2, 2, 1, 2, 2, 4 ),
 ( 0.000000000000000000, 0.2499999999999997780, 0.3749999999999993339, 0.4374999999999992784, 0.4687499999999993339, 0.4843749999999992784, 0.4999999999999992784, 0.6249999999999991118, 0.6874999999999993339, 0.7187499999999993339, 0.7499999999999993339, 1.000000000000000000 ),
 .UNSPECIFIED. ) ;
#3167 = CARTESIAN_POINT ( 'NONE',  ( 5.914629501662037825, 4.148115431454629132, -5.755568329986259890 ) ) ;
#3168 = ADVANCED_FACE ( 'NONE', ( #395 ), #378, .T. ) ;
#3169 = CARTESIAN_POINT ( 'NONE',  ( 5.676582343749999815, -6.703125001706989217, 0.000000000000000000 ) ) ;
#3170 = CARTESIAN_POINT ( 'NONE',  ( -2.783843656540057054, 6.161142665431478987E-16, 47.53192285655020299 ) ) ;
#3171 = CARTESIAN_POINT ( 'NONE',  ( 3.636640935436597832, 2.411412298326536252, 69.11616285293068529 ) ) ;
#3172 = CIRCLE ( 'NONE', #6178, 1.375000000000000000 ) ;
#3173 = CARTESIAN_POINT ( 'NONE',  ( 5.676582343750004256, -0.5312500017069906599, 2.351317394708905439 ) ) ;
#3174 = VECTOR ( 'NONE', #3392, 999.9999999999998863 ) ;
#3175 = CARTESIAN_POINT ( 'NONE',  ( -0.7550759280434777843, -3.116712565338604968, 62.84493945687817984 ) ) ;
#3176 = SURFACE_STYLE_USAGE ( .BOTH. , #3856 ) ;
#3177 = CARTESIAN_POINT ( 'NONE',  ( 3.535533905932724874, -3.343750000000000000, -3.535533905932724874 ) ) ;
#3178 =( NAMED_UNIT ( * ) PLANE_ANGLE_UNIT ( ) SI_UNIT ( $, .RADIAN. ) );
#3179 = DIRECTION ( 'NONE',  ( 0.000000000000000000, -1.000000000000000000, 0.000000000000000000 ) ) ;
#3180 = CARTESIAN_POINT ( 'NONE',  ( -2.071067811865475949, -10.92187500341398199, -5.000000000000005329 ) ) ;
#3181 = CARTESIAN_POINT ( 'NONE',  ( -3.535533905932735088, -0.5312500000000000000, -3.535533905932739973 ) ) ;
#3182 = CARTESIAN_POINT ( 'NONE',  ( 3.475904198684909876E-16, -10.29687500170700076, -5.676582343749999815 ) ) ;
#3183 = ORIENTED_EDGE ( 'NONE', *, *, #101, .F. ) ;
#3184 = PRESENTATION_LAYER_ASSIGNMENT (  '', '', ( #6566 ) ) ;
#3185 = CARTESIAN_POINT ( 'NONE',  ( 0.8425343012671538956, -4.499999999999997335, 50.08060228581866369 ) ) ;
#3186 = CARTESIAN_POINT ( 'NONE',  ( -2.205968066567459029, 1.081618058419936856, 48.75251877067960748 ) ) ;
#3187 = DIRECTION ( 'NONE',  ( -0.000000000000000000, 1.000000000000000000, 0.000000000000000000 ) ) ;
#3188 = DIRECTION ( 'NONE',  ( 0.000000000000000000, -1.000000000000000000, 0.000000000000000000 ) ) ;
#3189 = ORIENTED_EDGE ( 'NONE', *, *, #2912, .F. ) ;
#3190 = CARTESIAN_POINT ( 'NONE',  ( -7.924931380331402764, 4.157591420573584884, 2.273547653065790985 ) ) ;
#3191 = CARTESIAN_POINT ( 'NONE',  ( 6.820812641018440203, -2.749999999999999112, 35.60590401973293950 ) ) ;
#3192 = AXIS2_PLACEMENT_3D ( 'NONE', #6027, #6651, #7389 ) ;
#3193 = CARTESIAN_POINT ( 'NONE',  ( -4.999999999999984901, -10.29687500000000355, 2.071067811865470620 ) ) ;
#3194 = CARTESIAN_POINT ( 'NONE',  ( 0.4551380794594621637, 0.3905849950434918116, 49.76569542541719215 ) ) ;
#3195 = AXIS2_PLACEMENT_3D ( 'NONE', #6972, #1575, #5836 ) ;
#3196 = CARTESIAN_POINT ( 'NONE',  ( 3.915019779911450115, 2.230397378058569237E-06, -3.323251113194541695 ) ) ;
#3197 = EDGE_CURVE ( 'NONE', #5282, #4192, #3522, .T. ) ;
#3198 = SURFACE_STYLE_FILL_AREA ( #6103 ) ;
#3199 = B_SPLINE_CURVE_WITH_KNOTS ( 'NONE', 3,
 ( #6045, #629, #7765, #2456, #3133, #4246, #1860, #6593, #4362, #2370, #6634, #7257, #4769, #1777, #6707, #3614, #4282, #3058, #7293, #6086, #5442 ),
 .UNSPECIFIED., .F., .F.,
 ( 4, 2, 2, 1, 1, 2, 2, 2, 1, 2, 2, 4 ),
 ( 0.000000000000000000, 0.2500000000000001110, 0.3750000000000001665, 0.4375000000000000555, 0.4687499999999998890, 0.4843749999999999445, 0.5000000000000000000, 0.6250000000000000000, 0.6875000000000001110, 0.7187500000000001110, 0.7500000000000001110, 1.000000000000000000 ),
 .UNSPECIFIED. ) ;
#3200 = CARTESIAN_POINT ( 'NONE',  ( -2.851742817678616593, 1.566160196318027609, 51.46617369524849295 ) ) ;
#3201 = CARTESIAN_POINT ( 'NONE',  ( 0.000000000000000000, -13.50000000000000000, 0.000000000000000000 ) ) ;
#3202 = CARTESIAN_POINT ( 'NONE',  ( 5.676582343750004256, -4.437500001706992769, 2.351317394708905439 ) ) ;
#3203 = SURFACE_STYLE_FILL_AREA ( #4428 ) ;
#3204 = CARTESIAN_POINT ( 'NONE',  ( 3.475904198684909876E-16, -4.046875001706994546, -5.676582343749999815 ) ) ;
#3205 = CARTESIAN_POINT ( 'NONE',  ( -2.351317394708899666, -0.2187500017069903824, -5.676582343750006032 ) ) ;
#3206 = CARTESIAN_POINT ( 'NONE',  ( -1.699999999999999956, -15.00000000000000000, 0.000000000000000000 ) ) ;
#3207 = CARTESIAN_POINT ( 'NONE',  ( -3.106778935795995178, 0.07758522746874840781, 50.08979328888550953 ) ) ;
#3208 = COLOUR_RGB ( '',0.5019607843137254832, 0.5019607843137254832, 0.000000000000000000 ) ;
#3209 = SURFACE_SIDE_STYLE ('',( #870 ) ) ;
#3210 = CARTESIAN_POINT ( 'NONE',  ( -4.013949869229449519, -8.734375001706991881, -4.013949869229449519 ) ) ;
#3211 =( NAMED_UNIT ( * ) PLANE_ANGLE_UNIT ( ) SI_UNIT ( $, .RADIAN. ) );
#3212 = CARTESIAN_POINT ( 'NONE',  ( -9.184850993605149917E-16, -6.312500000000000000, 5.000000000000000000 ) ) ;
#3213 = ORIENTED_EDGE ( 'NONE', *, *, #1719, .T. ) ;
#3214 = CARTESIAN_POINT ( 'NONE',  ( 4.563128068997049702, 7.211145277071860834E-15, 71.56956062368630000 ) ) ;
#3215 = CARTESIAN_POINT ( 'NONE',  ( -5.000000000000000000, -4.437500003413984651, -6.123233995736771213E-16 ) ) ;
#3216 = DIRECTION ( 'NONE',  ( 0.000000000000000000, 0.000000000000000000, 1.000000000000000000 ) ) ;
#3217 = CARTESIAN_POINT ( 'NONE',  ( 2.071067811865475949, -7.796875003413982874, 4.999999999999994671 ) ) ;
#3218 = CARTESIAN_POINT ( 'NONE',  ( 5.000000000000000000, -1.000000000000000000, 0.000000000000000000 ) ) ;
#3219 = CARTESIAN_POINT ( 'NONE',  ( -1.042771259605471878E-15, -10.76562500170700076, 5.676582343749999815 ) ) ;
#3220 = EDGE_LOOP ( 'NONE', ( #2237, #5341, #6475 ) ) ;
#3221 = CARTESIAN_POINT ( 'NONE',  ( 1.622392494147814945, 2.830948788697559783E-16, 55.39408749507279595 ) ) ;
#3222 = CARTESIAN_POINT ( 'NONE',  ( -2.719332446952854809, 0.05748776037083420248, 48.80342012613120062 ) ) ;
#3223 = CARTESIAN_POINT ( 'NONE',  ( 4.898587196589409870E-15, 15.00000000000000000, 40.00000000000000000 ) ) ;
#3224 = MECHANICAL_DESIGN_GEOMETRIC_PRESENTATION_REPRESENTATION (  '', ( #5220 ), #6236 ) ;
#3225 =( NAMED_UNIT ( * ) SI_UNIT ( $, .STERADIAN. ) SOLID_ANGLE_UNIT ( ) );
#3226 = ORIENTED_EDGE ( 'NONE', *, *, #7585, .F. ) ;
#3227 = CARTESIAN_POINT ( 'NONE',  ( -7.130874774233891600, 4.400000000000002132, 3.648962588615660252 ) ) ;
#3228 = CARTESIAN_POINT ( 'NONE',  ( 1.422351789899850116, 4.477253316603864784E-16, 60.32057265776909816 ) ) ;
#3229 = FACE_OUTER_BOUND ( 'NONE', #1689, .T. ) ;
#3230 = CARTESIAN_POINT ( 'NONE',  ( 5.000000000000000000, -1.000000000000015987, 0.000000000000000000 ) ) ;
#3231 = AXIS2_PLACEMENT_3D ( 'NONE', #4505, #2092, #3897 ) ;
#3232 = CARTESIAN_POINT ( 'NONE',  ( -3.213757485015510174, 0.2122186361320916870, 50.22853626035375640 ) ) ;
#3233 = CARTESIAN_POINT ( 'NONE',  ( 0.8750000000000000000, 0.000000000000000000, -1.515544456622775149 ) ) ;
#3234 = SURFACE_SIDE_STYLE ('',( #2799 ) ) ;
#3235 = EDGE_CURVE ( 'NONE', #4251, #4938, #4545, .T. ) ;
#3236 = CARTESIAN_POINT ( 'NONE',  ( -2.037549687166227308, -1.172493066149026042, 49.52323043833134619 ) ) ;
#3237 = UNCERTAINTY_MEASURE_WITH_UNIT (LENGTH_MEASURE( 1.000000000000000082E-05 ), #5404, 'distance_accuracy_value', 'NONE');
#3238 = SURFACE_STYLE_USAGE ( .BOTH. , #263 ) ;
#3239 = DIRECTION ( 'NONE',  ( 0.000000000000000000, -1.000000000000000000, 0.000000000000000000 ) ) ;
#3240 = CARTESIAN_POINT ( 'NONE',  ( -1.042771259605471878E-15, -5.921875001706989217, 5.676582343749999815 ) ) ;
#3241 = SURFACE_SIDE_STYLE ('',( #3203 ) ) ;
#3242 = CARTESIAN_POINT ( 'NONE',  ( 5.676582343750006032, -4.281250001706990105, -2.351317394708899666 ) ) ;
#3243 = CARTESIAN_POINT ( 'NONE',  ( -5.676582343749999815, -2.484375001706990105, -6.951808397369819752E-16 ) ) ;
#3244 = CARTESIAN_POINT ( 'NONE',  ( 0.8499999999999999778, -15.00000000000000000, 1.472243186433545903 ) ) ;
#3245 = DIRECTION ( 'NONE',  ( 0.000000000000000000, 1.000000000000000000, 0.000000000000000000 ) ) ;
#3246 = EDGE_LOOP ( 'NONE', ( #446, #7720, #5335, #1975 ) ) ;
#3247 = CARTESIAN_POINT ( 'NONE',  ( 4.059015462084660797, 2.014475921483600551, 71.59691920162075007 ) ) ;
#3248 = CARTESIAN_POINT ( 'NONE',  ( 5.676582343750006032, -6.625000001706990105, -2.351317394708899666 ) ) ;
#3249 = CARTESIAN_POINT ( 'NONE',  ( 2.071067811865475949, -5.296875003413981098, 4.999999999999994671 ) ) ;
#3250 = CARTESIAN_POINT ( 'NONE',  ( -2.952928831719425329, -0.7404232860804539351, 50.07313533604380495 ) ) ;
#3251 = PRESENTATION_LAYER_ASSIGNMENT (  '', '', ( #74 ) ) ;
#3252 = VERTEX_POINT ( 'NONE', #4884 ) ;
#3253 = SURFACE_STYLE_USAGE ( .BOTH. , #4438 ) ;
#3254 = FACE_OUTER_BOUND ( 'NONE', #6646, .T. ) ;
#3255 =( LENGTH_UNIT ( ) NAMED_UNIT ( * ) SI_UNIT ( .MILLI., .METRE. ) );
#3256 = CARTESIAN_POINT ( 'NONE',  ( 4.999999999999994671, -7.640625003413982874, 2.071067811865475949 ) ) ;
#3257 = CARTESIAN_POINT ( 'NONE',  ( 5.676582343750006032, -11.93750000170698833, 2.351317394708905439 ) ) ;
#3258 = CARTESIAN_POINT ( 'NONE',  ( 3.475904198684909876E-16, -12.64062500170700254, -5.676582343749999815 ) ) ;
#3259 = ORIENTED_EDGE ( 'NONE', *, *, #7004, .T. ) ;
#3260 = FACE_OUTER_BOUND ( 'NONE', #4978, .T. ) ;
#3261 = CARTESIAN_POINT ( 'NONE',  ( -0.4202642304787544414, 1.000517252814791869, 48.56990823030718474 ) ) ;
#3262 = CARTESIAN_POINT ( 'NONE',  ( -2.700231905788303965, 3.957409412207990140, 7.999958572139436619 ) ) ;
#3263 = FACE_OUTER_BOUND ( 'NONE', #2403, .T. ) ;
#3264 = VERTEX_POINT ( 'NONE', #798 ) ;
#3265 = CARTESIAN_POINT ( 'NONE',  ( 0.6334997924197589558, 4.477253316603864784E-16, 54.26006629790609992 ) ) ;
#3266 = ADVANCED_FACE ( 'NONE', ( #6784 ), #5162, .T. ) ;
#3267 = CARTESIAN_POINT ( 'NONE',  ( 1.422351789899849228, -2.749999999999999112, 60.32057265776905552 ) ) ;
#3268 = CARTESIAN_POINT ( 'NONE',  ( 2.351317394708899666, -10.21875000170699366, -5.676582343750006032 ) ) ;
#3269 = CARTESIAN_POINT ( 'NONE',  ( 5.000000000000000000, -7.562500003413980210, 0.000000000000000000 ) ) ;
#3270 = PRESENTATION_LAYER_ASSIGNMENT (  '', '', ( #5135 ) ) ;
#3271 = CARTESIAN_POINT ( 'NONE',  ( 4.999999999999962697, -2.171875000000026201, -2.071067811865459962 ) ) ;
#3272 = CARTESIAN_POINT ( 'NONE',  ( 13.66078756958106588, -0.3599033409940046169, -65.48512825965231343 ) ) ;
#3273 = SURFACE_STYLE_FILL_AREA ( #6256 ) ;
#3274 = CARTESIAN_POINT ( 'NONE',  ( -0.4305240606115164348, -1.623044785751442731, 49.87671070770266368 ) ) ;
#3275 =( NAMED_UNIT ( * ) SI_UNIT ( $, .STERADIAN. ) SOLID_ANGLE_UNIT ( ) );
#3276 = SURFACE_SIDE_STYLE ('',( #6295 ) ) ;
#3277 = CARTESIAN_POINT ( 'NONE',  ( 3.475904198684909876E-16, -5.296875001706990105, -5.676582343749999815 ) ) ;
#3278 = EDGE_CURVE ( 'NONE', #5642, #4664, #5287, .T. ) ;
#3279 = CARTESIAN_POINT ( 'NONE',  ( 1.963659830577177745, 2.558933895674175396, 61.19518421845334899 ) ) ;
#3280 = CARTESIAN_POINT ( 'NONE',  ( 16.09954190829749976, -0.8450017399655103123, 0.000000000000000000 ) ) ;
#3281 = B_SPLINE_CURVE_WITH_KNOTS ( 'NONE', 3,
 ( #3749, #7314, #4262, #1840, #2391 ),
 .UNSPECIFIED., .F., .F.,
 ( 4, 1, 4 ),
 ( 0.000000000000000000, 0.5964646131865610768, 1.000000000000000000 ),
 .UNSPECIFIED. ) ;
#3282 = CARTESIAN_POINT ( 'NONE',  ( 6.580299006146096197, 4.370353428023224573, -4.602685982230954487 ) ) ;
#3283 = EDGE_CURVE ( 'NONE', #1069, #7535, #3435, .T. ) ;
#3284 = ORIENTED_EDGE ( 'NONE', *, *, #5530, .F. ) ;
#3285 = MECHANICAL_DESIGN_GEOMETRIC_PRESENTATION_REPRESENTATION (  '', ( #2250 ), #7286 ) ;
#3286 = DIRECTION ( 'NONE',  ( -0.8660254037844394848, 0.000000000000000000, -0.4999999999999985567 ) ) ;
#3287 = CARTESIAN_POINT ( 'NONE',  ( 5.676582343750006032, -7.875000001706991881, -2.351317394708899666 ) ) ;
#3288 = CARTESIAN_POINT ( 'NONE',  ( -4.999999999999951150, -1.703125000000026423, -2.071067811865459962 ) ) ;
#3289 = MECHANICAL_DESIGN_GEOMETRIC_PRESENTATION_REPRESENTATION (  '', ( #2254 ), #7663 ) ;
#3290 = CYLINDRICAL_SURFACE ( 'NONE', #3533, 5.000000000000000000 ) ;
#3291 = CARTESIAN_POINT ( 'NONE',  ( -0.3369769826615533481, -3.199999999999997957, 62.82224890634506664 ) ) ;
#3292 = CARTESIAN_POINT ( 'NONE',  ( 3.429119929377254739, -2.095174554881430017E-16, 69.12742517714050905 ) ) ;
#3293 =( NAMED_UNIT ( * ) PLANE_ANGLE_UNIT ( ) SI_UNIT ( $, .RADIAN. ) );
#3294 = CARTESIAN_POINT ( 'NONE',  ( -0.1429365788999580333, -0.6339972222811487423, 48.53900247496602560 ) ) ;
#3295 = EDGE_CURVE ( 'NONE', #3700, #1023, #678, .T. ) ;
#3296 = CARTESIAN_POINT ( 'NONE',  ( -3.535533905932735088, -4.593750003413980210, -3.535533905932739973 ) ) ;
#3297 = CARTESIAN_POINT ( 'NONE',  ( 2.351317394708899666, -11.62500000170699010, -5.676582343750006032 ) ) ;
#3298 = COLOUR_RGB ( '',1.000000000000000000, 1.000000000000000000, 0.000000000000000000 ) ;
#3299 = CARTESIAN_POINT ( 'NONE',  ( 8.102682255842832859, 0.3376927825558779794, -1.965742931076129851 ) ) ;
#3300 = ORIENTED_EDGE ( 'NONE', *, *, #4673, .F. ) ;
#3301 = VECTOR ( 'NONE', #1831, 1000.000000000000000 ) ;
#3302 = CARTESIAN_POINT ( 'NONE',  ( 8.281151507392127797, 3.955567727538039424, -1.656543214739830239 ) ) ;
#3303 = CARTESIAN_POINT ( 'NONE',  ( -3.102014292691404496, 0.2377752968971974801, 50.08930577511780058 ) ) ;
#3304 = DIRECTION ( 'NONE',  ( 0.000000000000000000, 0.000000000000000000, 1.000000000000000000 ) ) ;
#3305 = CARTESIAN_POINT ( 'NONE',  ( -3.476241710975056520, -0.06508554523393805802, 51.57609377796870120 ) ) ;
#3306 = ORIENTED_EDGE ( 'NONE', *, *, #3560, .F. ) ;
#3307 = CARTESIAN_POINT ( 'NONE',  ( -0.07472134802266698628, -1.321535576460986183, 49.80155027737450268 ) ) ;
#3308 = CARTESIAN_POINT ( 'NONE',  ( 5.676582343750006032, -9.125000001706995434, -2.351317394708899666 ) ) ;
#3309 = CARTESIAN_POINT ( 'NONE',  ( 2.071067811865475949, -10.76562499999999467, -5.000000000000005329 ) ) ;
#3310 = CARTESIAN_POINT ( 'NONE',  ( -3.130415400523546943, 0.5925856866971929149, 50.21788573728502314 ) ) ;
#3311 = CARTESIAN_POINT ( 'NONE',  ( -3.515434995653499595, 1.944858896797545331E-14, 70.33887114691252407 ) ) ;
#3312 = AXIS2_PLACEMENT_3D ( 'NONE', #1302, #3802, #4920 ) ;
#3313 = CARTESIAN_POINT ( 'NONE',  ( 16.09954190829749621, -0.8450017399655106454, -65.48512825965231343 ) ) ;
#3314 = FACE_OUTER_BOUND ( 'NONE', #2715, .T. ) ;
#3315 = EDGE_CURVE ( 'NONE', #6168, #4479, #2483, .T. ) ;
#3316 = CARTESIAN_POINT ( 'NONE',  ( -0.08224880694126400493, -0.4982399972442599911, 48.53259015585210534 ) ) ;
#3317 = UNCERTAINTY_MEASURE_WITH_UNIT (LENGTH_MEASURE( 1.000000000000000082E-05 ), #5413, 'distance_accuracy_value', 'NONE');
#3318 = CARTESIAN_POINT ( 'NONE',  ( 15.28553842331584889, 4.477253316603864784E-16, 10.73021057252056032 ) ) ;
#3319 = DIRECTION ( 'NONE',  ( 0.000000000000000000, -1.000000000000000000, 0.000000000000000000 ) ) ;
#3320 = COLOUR_RGB ( '',0.5019607843137254832, 0.5019607843137254832, 0.5019607843137254832 ) ;
#3321 = CARTESIAN_POINT ( 'NONE',  ( -2.182227855260588267, -1.515281544003560299, 69.43195732646178442 ) ) ;
#3322 = CARTESIAN_POINT ( 'NONE',  ( -0.5682944278058716936, -4.166985216453454655, 69.34436792113750414 ) ) ;
#3323 = CARTESIAN_POINT ( 'NONE',  ( -2.555173765024513877, 1.966549503919731157, 61.44042478455433809 ) ) ;
#3324 = CARTESIAN_POINT ( 'NONE',  ( -4.013949869229449519, -2.328125001706990105, 4.013949869229449519 ) ) ;
#3325 = FILL_AREA_STYLE_COLOUR ( '', #5663 ) ;
#3326 = EDGE_CURVE ( 'NONE', #915, #3264, #2623, .T. ) ;
#3327 = CARTESIAN_POINT ( 'NONE',  ( -2.683835971717425384, 0.05820855748170122163, 49.51579179777574069 ) ) ;
#3328 = ORIENTED_EDGE ( 'NONE', *, *, #3827, .F. ) ;
#3329 = UNCERTAINTY_MEASURE_WITH_UNIT (LENGTH_MEASURE( 1.000000000000000082E-05 ), #1296, 'distance_accuracy_value', 'NONE');
#3330 = PRESENTATION_LAYER_ASSIGNMENT (  '', '', ( #3706 ) ) ;
#3331 = CARTESIAN_POINT ( 'NONE',  ( 2.351317394708899666, -0.2187500017069903824, -5.676582343750006032 ) ) ;
#3332 = CARTESIAN_POINT ( 'NONE',  ( 3.061616997868385113E-16, -12.25000000341399975, -5.000000000000000000 ) ) ;
#3333 =( BOUNDED_CURVE ( )  B_SPLINE_CURVE ( 2, ( #1953, #6099, #1409, #3710, #3269, #6132, #6252, #4296, #6763 ),
 .UNSPECIFIED., .F., .F. ) 
 B_SPLINE_CURVE_WITH_KNOTS ( ( 3, 2, 2, 2, 3 ),
 ( 0.3409090909090910504, 0.3522727272727270154, 0.3636363636363635354, 0.3750000000000000000, 0.3863636363636365201 ),
 .UNSPECIFIED. ) 
 CURVE ( )  GEOMETRIC_REPRESENTATION_ITEM ( )  RATIONAL_B_SPLINE_CURVE ( ( 1.000000000000000000, 0.9238795325112859613, 1.000000000000000000, 0.9238795325112869605, 1.000000000000000000, 0.9238795325112869605, 1.000000000000000000, 0.9238795325112869605, 1.000000000000000000 ) ) 
 REPRESENTATION_ITEM ( '' )  );
#3334 = ADVANCED_FACE ( 'NONE', ( #1897 ), #6809, .T. ) ;
#3335 = ORIENTED_EDGE ( 'NONE', *, *, #2487, .F. ) ;
#3336 = COLOUR_RGB ( '',0.5019607843137254832, 0.5019607843137254832, 0.5019607843137254832 ) ;
#3337 = ORIENTED_EDGE ( 'NONE', *, *, #4150, .T. ) ;
#3338 = OPEN_SHELL ( 'NONE', ( #1061, #1588, #3413, #4946, #3871, #6638, #2801, #4388, #6257, #7175, #6344, #913, #3168, #5492, #4093, #193, #4691, #6864, #4110, #993, #1330, #4578, #5824, #6276, #4848, #5476, #5197, #4106, #6319, #2008 ) ) ;
#3339 =( NAMED_UNIT ( * ) SI_UNIT ( $, .STERADIAN. ) SOLID_ANGLE_UNIT ( ) );
#3340 = SURFACE_SIDE_STYLE ('',( #1269 ) ) ;
#3341 = CARTESIAN_POINT ( 'NONE',  ( -5.000000000000005329, -5.609375003413984651, 2.071067811865475949 ) ) ;
#3342 = CARTESIAN_POINT ( 'NONE',  ( -2.351317394708899666, -10.21875000170699366, -5.676582343750006032 ) ) ;
#3343 = VERTEX_POINT ( 'NONE', #838 ) ;
#3344 = LINE ( 'NONE', #3223, #4083 ) ;
#3345 = ORIENTED_EDGE ( 'NONE', *, *, #7681, .T. ) ;
#3346 = CARTESIAN_POINT ( 'NONE',  ( -1.888608376401929911, -1.713869943802414975, 49.96377558539120400 ) ) ;
#3347 = CARTESIAN_POINT ( 'NONE',  ( 5.676582343750006032, -5.531250001706990993, 2.351317394708905439 ) ) ;
#3348 = CARTESIAN_POINT ( 'NONE',  ( 2.071067811865475949, -12.01562499999998579, -5.000000000000005329 ) ) ;
#3349 = CARTESIAN_POINT ( 'NONE',  ( -1.653634712397979989, 1.344753492338819800, 48.69762479014529788 ) ) ;
#3350 = MECHANICAL_DESIGN_GEOMETRIC_PRESENTATION_REPRESENTATION (  '', ( #6731 ), #7724 ) ;
#3351 = DIRECTION ( 'NONE',  ( 0.000000000000000000, 1.000000000000000000, 0.000000000000000000 ) ) ;
#3352 = CARTESIAN_POINT ( 'NONE',  ( 6.828613794854878627, -9.529120656610874963E-19, 4.172493962045630944 ) ) ;
#3353 = SURFACE_STYLE_FILL_AREA ( #483 ) ;
#3354 = CARTESIAN_POINT ( 'NONE',  ( -0.9704275891934780462, -1.322068437864018176, 48.62823393616529444 ) ) ;
#3355 = CARTESIAN_POINT ( 'NONE',  ( 16.37500000000000000, 4.477253316603870700E-16, 0.000000000000000000 ) ) ;
#3356 = CARTESIAN_POINT ( 'NONE',  ( -9.184850993605149917E-16, -1.625000003413984873, 5.000000000000000000 ) ) ;
#3357 = STYLED_ITEM ( 'NONE', ( #6198 ), #4388 ) ;
#3358 = CARTESIAN_POINT ( 'NONE',  ( 0.9658797455781350516, 3.000072867310920266, 71.76478605002198208 ) ) ;
#3359 = CARTESIAN_POINT ( 'NONE',  ( 1.213199872828878867, -2.923671889521685774, 69.24768485867230083 ) ) ;
#3360 = CARTESIAN_POINT ( 'NONE',  ( 0.000000000000000000, 4.400000000000000355, 0.000000000000000000 ) ) ;
#3361 = CARTESIAN_POINT ( 'NONE',  ( 14.30752390199001134, -1.201456283987101248, -0.000000000000000000 ) ) ;
#3362 = CARTESIAN_POINT ( 'NONE',  ( 0.000000000000000000, 0.5999999999999999778, -6.150000000000000355 ) ) ;
#3363 = CARTESIAN_POINT ( 'NONE',  ( -2.071067811865475949, -13.10937499999998934, -5.000000000000005329 ) ) ;
#3364 = CARTESIAN_POINT ( 'NONE',  ( -4.592451586062995972, 0.04609201911550356301, -3.336611385079436776 ) ) ;
#3365 = CARTESIAN_POINT ( 'NONE',  ( 3.535533905932739973, -4.906250003413980210, -3.535533905932739973 ) ) ;
#3366 = CARTESIAN_POINT ( 'NONE',  ( 2.147420142115969988, -3.613021264067779903, 69.19698400792050563 ) ) ;
#3367 = PRODUCT_RELATED_PRODUCT_CATEGORY ( 'part', '', ( #7182 ) ) ;
#3368 = ORIENTED_EDGE ( 'NONE', *, *, #3197, .F. ) ;
#3369 = CARTESIAN_POINT ( 'NONE',  ( 0.000000000000000000, -13.50000000000000000, 0.000000000000000000 ) ) ;
#3370 = CARTESIAN_POINT ( 'NONE',  ( 5.931415714435027908, 0.2424085794292821505, -5.726418072086847388 ) ) ;
#3371 = DIRECTION ( 'NONE',  ( -0.3830701762734909921, 0.000000000000000000, 0.9237192430873120141 ) ) ;
#3372 = CARTESIAN_POINT ( 'NONE',  ( -3.535533905932739973, -6.781250003413980210, 3.535533905932735088 ) ) ;
#3373 = CARTESIAN_POINT ( 'NONE',  ( 5.676582343749999815, -10.60937500170700076, 0.000000000000000000 ) ) ;
#3374 = CARTESIAN_POINT ( 'NONE',  ( 8.481325356069531196, 0.5529549580383161800, -1.309904742714420811 ) ) ;
#3375 = EDGE_CURVE ( 'NONE', #2977, #5541, #4320, .T. ) ;
#3376 = EDGE_CURVE ( 'NONE', #7637, #7168, #1739, .T. ) ;
#3377 = VERTEX_POINT ( 'NONE', #7371 ) ;
#3378 = CARTESIAN_POINT ( 'NONE',  ( 7.632479766245228170, 4.277093576162894983, -2.780137655917845674 ) ) ;
#3379 = CARTESIAN_POINT ( 'NONE',  ( -3.018225423457934653, 0.5936675971430679377, 50.08019173609759633 ) ) ;
#3380 = CARTESIAN_POINT ( 'NONE',  ( -4.999999999999984901, -9.046875000000010658, 2.071067811865465291 ) ) ;
#3381 = CARTESIAN_POINT ( 'NONE',  ( -1.609212659553246549, -2.796116442733618701, 61.38908674961518841 ) ) ;
#3382 = ORIENTED_EDGE ( 'NONE', *, *, #2759, .T. ) ;
#3383 = CARTESIAN_POINT ( 'NONE',  ( -0.2415653910394999770, -1.954853914960871908, 50.31173166357363868 ) ) ;
#3384 = CARTESIAN_POINT ( 'NONE',  ( -5.676582343750006032, -7.406250001706987440, -2.351317394708899666 ) ) ;
#3385 = CARTESIAN_POINT ( 'NONE',  ( -3.535533905932739973, -12.71875000000000000, 3.535533905932735088 ) ) ;
#3386 =( LENGTH_UNIT ( ) NAMED_UNIT ( * ) SI_UNIT ( .MILLI., .METRE. ) );
#3387 = CARTESIAN_POINT ( 'NONE',  ( -2.164490443140730580, -1.601603215158899474, 49.99094756069521139 ) ) ;
#3388 = FACE_OUTER_BOUND ( 'NONE', #1793, .T. ) ;
#3389 = CARTESIAN_POINT ( 'NONE',  ( -4.999999999999973355, -7.953125000000012434, -2.071067811865465291 ) ) ;
#3390 = CARTESIAN_POINT ( 'NONE',  ( -0.2745714641412236867, -0.8752019673224435969, 49.27095060096458212 ) ) ;
#3391 = UNCERTAINTY_MEASURE_WITH_UNIT (LENGTH_MEASURE( 1.000000000000000082E-05 ), #4827, 'distance_accuracy_value', 'NONE');
#3392 = DIRECTION ( 'NONE',  ( 0.8660254037844394848, 0.000000000000000000, 0.4999999999999986122 ) ) ;
#3393 = CARTESIAN_POINT ( 'NONE',  ( 2.071067811859840457, -7.015624999999676703, -5.000000000005687895 ) ) ;
#3394 = CARTESIAN_POINT ( 'NONE',  ( 2.354278499639608668, 4.060806525629844899, 8.000000136351218316 ) ) ;
#3395 = CARTESIAN_POINT ( 'NONE',  ( 4.013949869229449519, -2.015625001706990105, 4.013949869229449519 ) ) ;
#3396 = DIRECTION ( 'NONE',  ( 0.000000000000000000, 0.000000000000000000, 1.000000000000000000 ) ) ;
#3397 = CARTESIAN_POINT ( 'NONE',  ( -2.426586040229555152, 6.487628760268599542E-15, 71.94889777093149519 ) ) ;
#3398 = COLOUR_RGB ( '',0.5019607843137254832, 0.5019607843137254832, 0.000000000000000000 ) ;
#3399 = VECTOR ( 'NONE', #7209, 1000.000000000000000 ) ;
#3400 = SURFACE_STYLE_USAGE ( .BOTH. , #1057 ) ;
#3401 = CARTESIAN_POINT ( 'NONE',  ( 4.013949869229449519, -4.359375001706990105, 4.013949869229449519 ) ) ;
#3402 = CARTESIAN_POINT ( 'NONE',  ( -6.053203230276950286, 0.1891696770789324800, -5.515544456620269820 ) ) ;
#3403 =( BOUNDED_CURVE ( )  B_SPLINE_CURVE ( 2, ( #7518, #340, #5871, #4531, #6343, #4678, #7005, #4635, #5835 ),
 .UNSPECIFIED., .F., .F. ) 
 B_SPLINE_CURVE_WITH_KNOTS ( ( 3, 2, 2, 2, 3 ),
 ( 0.06818181818181809350, 0.07954545454545450256, 0.09090909090909080059, 0.1022727272727271958, 0.1136363636363636048 ),
 .UNSPECIFIED. ) 
 CURVE ( )  GEOMETRIC_REPRESENTATION_ITEM ( )  RATIONAL_B_SPLINE_CURVE ( ( 1.000000000000000000, 0.9238795325112859613, 1.000000000000000000, 0.9238795325112869605, 1.000000000000000000, 0.9238795325112869605, 1.000000000000000000, 0.9238795325112869605, 1.000000000000000000 ) ) 
 REPRESENTATION_ITEM ( '' )  );
#3404 = ORIENTED_EDGE ( 'NONE', *, *, #4963, .F. ) ;
#3405 = CARTESIAN_POINT ( 'NONE',  ( -3.088556359333225476, 1.983375391798435157E-05, -4.713458969007534805 ) ) ;
#3406 = EDGE_CURVE ( 'NONE', #3109, #6874, #6239, .T. ) ;
#3407 = DIRECTION ( 'NONE',  ( 0.000000000000000000, 0.000000000000000000, 1.000000000000000000 ) ) ;
#3408 = CARTESIAN_POINT ( 'NONE',  ( 13.14832545112461304, 2.749999999999999112, 3.530798685099243883 ) ) ;
#3409 =( GEOMETRIC_REPRESENTATION_CONTEXT ( 3 ) GLOBAL_UNCERTAINTY_ASSIGNED_CONTEXT ( ( #5681 ) ) GLOBAL_UNIT_ASSIGNED_CONTEXT ( ( #2484, #7789, #1811 ) ) REPRESENTATION_CONTEXT ( 'NONE', 'WORKASPACE' ) );
#3410 = CARTESIAN_POINT ( 'NONE',  ( 2.071067811865475949, -1.546875003413982874, 4.999999999999994671 ) ) ;
#3411 = CARTESIAN_POINT ( 'NONE',  ( 2.351317394708899666, -10.84375000170699010, 5.676582343750006032 ) ) ;
#3412 = CARTESIAN_POINT ( 'NONE',  ( 5.676582343750004256, -9.281250001706995434, 2.351317394708905439 ) ) ;
#3413 = ADVANCED_FACE ( 'NONE', ( #3254, #4281 ), #4398, .F. ) ;
#3414 = ORIENTED_EDGE ( 'NONE', *, *, #1879, .T. ) ;
#3415 = PRODUCT_DEFINITION_SHAPE ( 'NONE', 'NONE',  #2788 ) ;
#3416 = CARTESIAN_POINT ( 'NONE',  ( 0.000000000000000000, 15.00000000000000000, 0.000000000000000000 ) ) ;
#3417 = SURFACE_SIDE_STYLE ('',( #6281 ) ) ;
#3418 = CARTESIAN_POINT ( 'NONE',  ( 6.123233995736771213E-16, -13.50000000000000000, -5.000000000000000000 ) ) ;
#3419 = CARTESIAN_POINT ( 'NONE',  ( 3.195297878503560174, 1.764254179839200230E-15, 61.12834227667459430 ) ) ;
#3420 =( BOUNDED_CURVE ( )  B_SPLINE_CURVE ( 2, ( #2756, #2033, #6332, #2147, #5708, #3271, #2678, #6925, #5104 ),
 .UNSPECIFIED., .F., .F. ) 
 B_SPLINE_CURVE_WITH_KNOTS ( ( 3, 2, 2, 2, 3 ),
 ( 0.2738065644978894819, 0.2777173528945644509, 0.2816281412912389759, 0.2855389296879135008, 0.2894497180845885254 ),
 .UNSPECIFIED. ) 
 CURVE ( )  GEOMETRIC_REPRESENTATION_ITEM ( )  RATIONAL_B_SPLINE_CURVE ( ( 1.000000000000000000, 0.9238795325112869605, 1.000000000000000000, 0.9238795325112869605, 1.000000000000000000, 0.9238795325112869605, 1.000000000000000000, 0.9238795325117959978, 0.9999999999994910738 ) ) 
 REPRESENTATION_ITEM ( '' )  );
#3421 = ORIENTED_EDGE ( 'NONE', *, *, #7604, .T. ) ;
#3422 = CARTESIAN_POINT ( 'NONE',  ( 0.01469953815022183134, -1.777243700218993805, 50.28279894386026427 ) ) ;
#3423 = CARTESIAN_POINT ( 'NONE',  ( 4.013949869229449519, -1.546875001706990105, -4.013949869229449519 ) ) ;
#3424 = SURFACE_SIDE_STYLE ('',( #4518 ) ) ;
#3425 = CARTESIAN_POINT ( 'NONE',  ( 3.193419359031218985, 0.8375932299496926525, 62.63065158834683643 ) ) ;
#3426 = ORIENTED_EDGE ( 'NONE', *, *, #751, .T. ) ;
#3427 = CARTESIAN_POINT ( 'NONE',  ( 0.1651128293344777953, -1.043646080114767338, 49.78178582985531619 ) ) ;
#3428 = AXIS2_PLACEMENT_3D ( 'NONE', #3745, #3708, #6097 ) ;
#3429 = CARTESIAN_POINT ( 'NONE',  ( 3.535533905932709775, -4.906250000000000000, 3.535533905932714660 ) ) ;
#3430 = CARTESIAN_POINT ( 'NONE',  ( -3.629572841245126025, 4.499999999999997335, 50.58085992533126074 ) ) ;
#3431 = ORIENTED_EDGE ( 'NONE', *, *, #2357, .T. ) ;
#3432 = CARTESIAN_POINT ( 'NONE',  ( -0.6808019613573556006, -1.214077711309721641, 49.32866868950372208 ) ) ;
#3433 = CARTESIAN_POINT ( 'NONE',  ( -2.071067811865467512, -8.421875003413989091, -5.000000000000011546 ) ) ;
#3434 = DIRECTION ( 'NONE',  ( 0.000000000000000000, 0.000000000000000000, 1.000000000000000000 ) ) ;
#3435 = B_SPLINE_CURVE_WITH_KNOTS ( 'NONE', 3,
 ( #3131, #3810, #5527, #4440 ),
 .UNSPECIFIED., .F., .F.,
 ( 4, 4 ),
 ( 0.000000000000000000, 1.000000000000000000 ),
 .UNSPECIFIED. ) ;
#3436 = CARTESIAN_POINT ( 'NONE',  ( 0.000000000000000000, 15.00000000000000000, -40.00000000000000000 ) ) ;
#3437 = CARTESIAN_POINT ( 'NONE',  ( 0.03665414357045110316, -2.999927132689310216, 69.31153689804988005 ) ) ;
#3438 = CARTESIAN_POINT ( 'NONE',  ( -5.931415714421148344, 0.2424085794351369949, 5.726418072109654034 ) ) ;
#3439 = CARTESIAN_POINT ( 'NONE',  ( -5.000000000000000000, -12.87500000000000000, -6.123233995736771213E-16 ) ) ;
#3440 = CARTESIAN_POINT ( 'NONE',  ( -5.676582343750006032, -3.656250001706994546, -2.351317394708899666 ) ) ;
#3441 = DIRECTION ( 'NONE',  ( 0.000000000000000000, 0.000000000000000000, -1.000000000000000000 ) ) ;
#3442 =( GEOMETRIC_REPRESENTATION_CONTEXT ( 3 ) GLOBAL_UNCERTAINTY_ASSIGNED_CONTEXT ( ( #2771 ) ) GLOBAL_UNIT_ASSIGNED_CONTEXT ( ( #4751, #1213, #3637 ) ) REPRESENTATION_CONTEXT ( 'NONE', 'WORKASPACE' ) );
#3443 = VERTEX_POINT ( 'NONE', #6980 ) ;
#3444 = CARTESIAN_POINT ( 'NONE',  ( 0.000000000000000000, 0.5999999999999999778, -7.649999999999999467 ) ) ;
#3445 = VERTEX_POINT ( 'NONE', #1550 ) ;
#3446 = DIRECTION ( 'NONE',  ( 0.000000000000000000, -1.000000000000000000, 0.000000000000000000 ) ) ;
#3447 = STYLED_ITEM ( 'NONE', ( #6985 ), #6792 ) ;
#3448 = PRODUCT_CONTEXT ( 'NONE', #2512, 'mechanical' ) ;
#3449 = CARTESIAN_POINT ( 'NONE',  ( 13.90972873837949919, 4.477253316603870700E-16, 20.63402643463730257 ) ) ;
#3450 = AXIS2_PLACEMENT_3D ( 'NONE', #3703, #3, #1362 ) ;
#3451 = CARTESIAN_POINT ( 'NONE',  ( -4.013949869229449519, -7.484375001706989217, -4.013949869229449519 ) ) ;
#3452 = ORIENTED_EDGE ( 'NONE', *, *, #4656, .F. ) ;
#3453 = DIRECTION ( 'NONE',  ( -1.051620219116010158E-14, 0.000000000000000000, -1.000000000000000000 ) ) ;
#3454 =( NAMED_UNIT ( * ) SI_UNIT ( $, .STERADIAN. ) SOLID_ANGLE_UNIT ( ) );
#3455 = CARTESIAN_POINT ( 'NONE',  ( 0.2000070084606065668, 9.529120656610874963E-19, -8.000000000000000000 ) ) ;
#3456 = CARTESIAN_POINT ( 'NONE',  ( -3.112132827478671704, -0.8375932299496833267, 61.47065138017501340 ) ) ;
#3457 = ORIENTED_EDGE ( 'NONE', *, *, #6066, .T. ) ;
#3458 = VECTOR ( 'NONE', #5776, 1000.000000000000000 ) ;
#3459 = CARTESIAN_POINT ( 'NONE',  ( -1.557069473834814977, -1.793235021295144893, 49.93200778497000414 ) ) ;
#3460 = CARTESIAN_POINT ( 'NONE',  ( 2.351317394708899666, -1.937500001706993658, 5.676582343750006032 ) ) ;
#3461 = ORIENTED_EDGE ( 'NONE', *, *, #3295, .F. ) ;
#3462 = AXIS2_PLACEMENT_3D ( 'NONE', #5161, #2322, #988 ) ;
#3463 = CARTESIAN_POINT ( 'NONE',  ( -1.830324740095031100, -2.180928461940159213, 51.28214224249774844 ) ) ;
#3464 = ORIENTED_EDGE ( 'NONE', *, *, #1288, .T. ) ;
#3465 = CARTESIAN_POINT ( 'NONE',  ( 1.094872126848236205, 4.499999999999997335, 51.70227929224812158 ) ) ;
#3466 = ORIENTED_EDGE ( 'NONE', *, *, #2745, .T. ) ;
#3467 = SURFACE_STYLE_USAGE ( .BOTH. , #6018 ) ;
#3468 = PRODUCT_DEFINITION_CONTEXT ( 'detailed design', #1299, 'design' ) ;
#3469 = CARTESIAN_POINT ( 'NONE',  ( -4.618802153517040487, 4.400000000000000355, -8.000000000000000000 ) ) ;
#3470 = SURFACE_STYLE_FILL_AREA ( #4098 ) ;
#3471 = FILL_AREA_STYLE ('',( #2995 ) ) ;
#3472 = CARTESIAN_POINT ( 'NONE',  ( 5.676582343749999815, -1.859375001706989883, 0.000000000000000000 ) ) ;
#3473 = CARTESIAN_POINT ( 'NONE',  ( 0.6979087200938314250, 0.2169749567436781157, 50.05494837742921987 ) ) ;
#3474 = CARTESIAN_POINT ( 'NONE',  ( -5.712146037555538847, 0.3615003038014873993, 6.106271400964429219 ) ) ;
#3475 = EDGE_CURVE ( 'NONE', #6002, #5292, #1018, .T. ) ;
#3476 = B_SPLINE_CURVE_WITH_KNOTS ( 'NONE', 3,
 ( #5221, #2258, #2339, #4665, #1637, #4739, #4168, #3387, #1109, #5336, #6474, #6406, #7068, #2223, #4624, #6439, #2942, #1006, #3427, #2184, #1745, #2899 ),
 .UNSPECIFIED., .F., .F.,
 ( 4, 2, 2, 2, 2, 2, 2, 2, 2, 2, 4 ),
 ( 0.000000000000000000, 0.1250000000000001388, 0.2500000000000002776, 0.3750000000000004441, 0.5000000000000005551, 0.6250000000000006661, 0.6875000000000005551, 0.7500000000000003331, 0.8125000000000003331, 0.8750000000000003331, 1.000000000000000000 ),
 .UNSPECIFIED. ) ;
#3477 = AXIS2_PLACEMENT_3D ( 'NONE', #2981, #4205, #1702 ) ;
#3478 = FILL_AREA_STYLE ('',( #7008 ) ) ;
#3479 = CARTESIAN_POINT ( 'NONE',  ( 5.676582343750006032, -0.3750000017069909375, -2.351317394708899666 ) ) ;
#3480 = CARTESIAN_POINT ( 'NONE',  ( 2.539953727053565036, 0.3933214105853148346, 7.999988584519446277 ) ) ;
#3481 = CARTESIAN_POINT ( 'NONE',  ( 2.351317394708899666, -12.87500000170697945, -5.676582343750004256 ) ) ;
#3482 = ORIENTED_EDGE ( 'NONE', *, *, #5497, .F. ) ;
#3483 = CARTESIAN_POINT ( 'NONE',  ( -3.114011346951012449, -0.4188790204786246307, 62.97296069184721290 ) ) ;
#3484 = ORIENTED_EDGE ( 'NONE', *, *, #1851, .F. ) ;
#3485 = CARTESIAN_POINT ( 'NONE',  ( 4.999999999999994671, -0.1406250034139826244, 2.071067811865475949 ) ) ;
#3486 = SHAPE_DEFINITION_REPRESENTATION ( #4845, #5267 ) ;
#3487 = CARTESIAN_POINT ( 'NONE',  ( 8.922889085312633028, 2.749999999999999112, 32.77463669513980449 ) ) ;
#3488 = CARTESIAN_POINT ( 'NONE',  ( -5.676582343749999815, -7.328125001706989217, -6.951808397369819752E-16 ) ) ;
#3489 = ORIENTED_EDGE ( 'NONE', *, *, #2841, .F. ) ;
#3490 = CARTESIAN_POINT ( 'NONE',  ( -2.660093436534383571, 1.849945902273091747, 50.62239362360011796 ) ) ;
#3491 = DIRECTION ( 'NONE',  ( -1.000000000000000000, 0.000000000000000000, 0.000000000000000000 ) ) ;
#3492 =( NAMED_UNIT ( * ) PLANE_ANGLE_UNIT ( ) SI_UNIT ( $, .RADIAN. ) );
#3493 = EDGE_CURVE ( 'NONE', #5256, #1076, #1584, .T. ) ;
#3494 = CARTESIAN_POINT ( 'NONE',  ( 5.676582343749999815, -2.953125001706990105, 0.000000000000000000 ) ) ;
#3495 = CARTESIAN_POINT ( 'NONE',  ( 5.000000000000000000, -8.500000000000000000, 0.000000000000000000 ) ) ;
#3496 = CARTESIAN_POINT ( 'NONE',  ( 0.000000000000000000, -13.50000000000000000, 0.000000000000000000 ) ) ;
#3497 = ORIENTED_EDGE ( 'NONE', *, *, #6285, .F. ) ;
#3498 = VECTOR ( 'NONE', #3629, 1000.000000000000000 ) ;
#3499 = CARTESIAN_POINT ( 'NONE',  ( -0.3655699260760518765, -2.056273915148562725, 51.01046285826887328 ) ) ;
#3500 = CARTESIAN_POINT ( 'NONE',  ( -0.5052881163520027696, -1.081023685269769441, 48.57916847761878643 ) ) ;
#3501 = ORIENTED_EDGE ( 'NONE', *, *, #7367, .F. ) ;
#3502 = CARTESIAN_POINT ( 'NONE',  ( -4.045103214845564565, -0.5007817469499149521, -2.938901152003255302 ) ) ;
#3503 = CARTESIAN_POINT ( 'NONE',  ( -3.535533905932719989, -7.718750000000000000, 3.535533905932719989 ) ) ;
#3504 = ADVANCED_FACE ( 'NONE', ( #4504 ), #7491, .F. ) ;
#3505 = ORIENTED_EDGE ( 'NONE', *, *, #4195, .F. ) ;
#3506 = FACE_BOUND ( 'NONE', #3540, .T. ) ;
#3507 = CARTESIAN_POINT ( 'NONE',  ( 0.000000000000000000, -13.50000000000000000, 5.000000000000000000 ) ) ;
#3508 = CARTESIAN_POINT ( 'NONE',  ( -4.999999999999962697, -2.796875000000020872, 2.071067811865459962 ) ) ;
#3509 = CARTESIAN_POINT ( 'NONE',  ( -5.000000000000000000, -10.68750000341398021, -6.123233995736771213E-16 ) ) ;
#3510 = CARTESIAN_POINT ( 'NONE',  ( 6.123233995736771213E-16, -13.50000000000000000, -5.000000000000000000 ) ) ;
#3511 = CARTESIAN_POINT ( 'NONE',  ( 3.535533905932724874, -9.906250000000000000, 3.535533905932729759 ) ) ;
#3512 = CARTESIAN_POINT ( 'NONE',  ( 4.618802153517090225, 1.237604307033950191, 8.000000000000000000 ) ) ;
#3513 = FACE_OUTER_BOUND ( 'NONE', #3056, .T. ) ;
#3514 = ORIENTED_EDGE ( 'NONE', *, *, #1580, .T. ) ;
#3515 = EDGE_CURVE ( 'NONE', #4779, #4644, #6502, .T. ) ;
#3516 = CARTESIAN_POINT ( 'NONE',  ( -3.535533905932724874, -4.281250000000000000, -3.535533905932724874 ) ) ;
#3517 = ORIENTED_EDGE ( 'NONE', *, *, #2719, .F. ) ;
#3518 =( NAMED_UNIT ( * ) PLANE_ANGLE_UNIT ( ) SI_UNIT ( $, .RADIAN. ) );
#3519 = CARTESIAN_POINT ( 'NONE',  ( 6.411930867382091392, 2.749999999999999112, 31.61781053289658416 ) ) ;
#3520 = CARTESIAN_POINT ( 'NONE',  ( 5.676582343749999815, -10.45312500170700076, 0.000000000000000000 ) ) ;
#3521 = DIRECTION ( 'NONE',  ( 0.000000000000000000, 1.000000000000000000, 0.000000000000000000 ) ) ;
#3522 = B_SPLINE_CURVE_WITH_KNOTS ( 'NONE', 1,
 ( #3694, #1312 ),
 .UNSPECIFIED., .F., .F.,
 ( 2, 2 ),
 ( 0.000000000000000000, 1.000000000000000000 ),
 .UNSPECIFIED. ) ;
#3523 = CARTESIAN_POINT ( 'NONE',  ( -4.013949869229449519, -9.984375001706990105, -4.013949869229449519 ) ) ;
#3524 = VERTEX_POINT ( 'NONE', #2660 ) ;
#3525 = CARTESIAN_POINT ( 'NONE',  ( 3.535533905932739973, -6.156250003413980210, -3.535533905932739973 ) ) ;
#3526 = CARTESIAN_POINT ( 'NONE',  ( 0.5443644313722759698, 1.302830922357008037, 50.83517743454209636 ) ) ;
#3527 = EDGE_CURVE ( 'NONE', #3445, #2264, #6615, .T. ) ;
#3528 =( LENGTH_UNIT ( ) NAMED_UNIT ( * ) SI_UNIT ( .MILLI., .METRE. ) );
#3529 = CARTESIAN_POINT ( 'NONE',  ( 1.100873960355301717, -3.943345310657385028, 62.74421563254239942 ) ) ;
#3530 = AXIS2_PLACEMENT_3D ( 'NONE', #305, #789, #1968 ) ;
#3531 = EDGE_CURVE ( 'NONE', #3890, #6880, #5957, .T. ) ;
#3532 = CARTESIAN_POINT ( 'NONE',  ( -5.676582343749999815, -1.078125001706990105, -6.951808397369819752E-16 ) ) ;
#3533 = AXIS2_PLACEMENT_3D ( 'NONE', #5726, #3853, #7368 ) ;
#3534 = CARTESIAN_POINT ( 'NONE',  ( -5.000000000000005329, -5.296874999999997335, 2.071067811865475949 ) ) ;
#3535 = B_SPLINE_CURVE_WITH_KNOTS ( 'NONE', 3,
 ( #3767, #6153, #6237, #748, #200, #7369, #5647, #873, #7446, #3291, #3175, #5570, #2583, #4969, #4468, #278, #3483, #7673 ),
 .UNSPECIFIED., .F., .F.,
 ( 4, 2, 2, 2, 2, 2, 2, 2, 4 ),
 ( 0.000000000000000000, 0.1250000000000000278, 0.2500000000000000000, 0.3749999999999999445, 0.4999999999999999445, 0.6249999999999998890, 0.7499999999999998890, 0.8750000000000000000, 1.000000000000000000 ),
 .UNSPECIFIED. ) ;
#3536 = CARTESIAN_POINT ( 'NONE',  ( -5.676582343750006032, -12.56250000170699543, -2.351317394708899666 ) ) ;
#3537 = ORIENTED_EDGE ( 'NONE', *, *, #2749, .T. ) ;
#3538 = CARTESIAN_POINT ( 'NONE',  ( -1.339922784177782322, -2.249076625120972395, 51.19287235421213467 ) ) ;
#3539 = FACE_OUTER_BOUND ( 'NONE', #6323, .T. ) ;
#3540 = EDGE_LOOP ( 'NONE', ( #5778, #3623 ) ) ;
#3541 = LINE ( 'NONE', #7773, #4550 ) ;
#3542 = VERTEX_POINT ( 'NONE', #2818 ) ;
#3543 =( GEOMETRIC_REPRESENTATION_CONTEXT ( 3 ) GLOBAL_UNCERTAINTY_ASSIGNED_CONTEXT ( ( #6608 ) ) GLOBAL_UNIT_ASSIGNED_CONTEXT ( ( #2559, #6764, #6174 ) ) REPRESENTATION_CONTEXT ( 'NONE', 'WORKASPACE' ) );
#3544 = PLANE ( 'NONE',  #5180 ) ;
#3545 = PRODUCT ( 'm12_nut.STEP', 'm12_nut.STEP', '', ( #4034 ) ) ;
#3546 = UNCERTAINTY_MEASURE_WITH_UNIT (LENGTH_MEASURE( 1.000000000000000082E-05 ), #2378, 'distance_accuracy_value', 'NONE');
#3547 = CARTESIAN_POINT ( 'NONE',  ( -2.720736080262520229, 6.161142665431478987E-16, 50.25916868121090175 ) ) ;
#3548 = PRESENTATION_STYLE_ASSIGNMENT (( #7112 ) ) ;
#3549 = CARTESIAN_POINT ( 'NONE',  ( 3.061616997868385113E-16, -11.00000000341397843, -5.000000000000000000 ) ) ;
#3550 = AXIS2_PLACEMENT_3D ( 'NONE', #672, #4929, #5572 ) ;
#3551 = PRESENTATION_STYLE_ASSIGNMENT (( #4136 ) ) ;
#3552 = CARTESIAN_POINT ( 'NONE',  ( 5.000000000000000000, -9.750000000000000000, 0.000000000000000000 ) ) ;
#3553 = DIRECTION ( 'NONE',  ( -0.05419102103501078488, 0.000000000000000000, -0.9985305870323567534 ) ) ;
#3554 = ADVANCED_FACE ( 'NONE', ( #240 ), #632, .T. ) ;
#3555 = CARTESIAN_POINT ( 'NONE',  ( 0.7245976437907128975, 1.687057210314683826E-05, -5.340015613216925416 ) ) ;
#3556 = AXIS2_PLACEMENT_3D ( 'NONE', #7347, #6878, #1483 ) ;
#3557 = LINE ( 'NONE', #5901, #5309 ) ;
#3558 = FILL_AREA_STYLE ('',( #3677 ) ) ;
#3559 = CARTESIAN_POINT ( 'NONE',  ( 2.837890393951171930, 0.4879286716563273618, 7.999923091848394563 ) ) ;
#3560 = EDGE_CURVE ( 'NONE', #5017, #1983, #4662, .T. ) ;
#3561 = CARTESIAN_POINT ( 'NONE',  ( -4.013949869229449519, -10.14062500170700076, -4.013949869229449519 ) ) ;
#3562 = CARTESIAN_POINT ( 'NONE',  ( 4.999999999999994671, -1.390625003413983984, 2.071067811865475949 ) ) ;
#3563 = B_SPLINE_CURVE_WITH_KNOTS ( 'NONE', 3,
 ( #4477, #3904, #6282, #2789 ),
 .UNSPECIFIED., .F., .F.,
 ( 4, 4 ),
 ( 0.000000000000000000, 1.000000000000000000 ),
 .UNSPECIFIED. ) ;
#3564 = CARTESIAN_POINT ( 'NONE',  ( 3.475904198684909876E-16, -7.796875001706989217, -5.676582343749999815 ) ) ;
#3565 = CARTESIAN_POINT ( 'NONE',  ( 0.08128653155253219575, 1.511809299431400039E-15, 62.79954942453519351 ) ) ;
#3566 = ORIENTED_EDGE ( 'NONE', *, *, #2487, .T. ) ;
#3567 = ORIENTED_EDGE ( 'NONE', *, *, #3235, .F. ) ;
#3568 = EDGE_CURVE ( 'NONE', #423, #1680, #5831, .T. ) ;
#3569 = CARTESIAN_POINT ( 'NONE',  ( -5.676582343749999815, -1.234375001706991881, -6.951808397369819752E-16 ) ) ;
#3570 =( GEOMETRIC_REPRESENTATION_CONTEXT ( 3 ) GLOBAL_UNCERTAINTY_ASSIGNED_CONTEXT ( ( #5760 ) ) GLOBAL_UNIT_ASSIGNED_CONTEXT ( ( #655, #4266, #7665 ) ) REPRESENTATION_CONTEXT ( 'NONE', 'WORKASPACE' ) );
#3571 = CARTESIAN_POINT ( 'NONE',  ( 0.000000000000000000, 4.400000000000000355, 0.000000000000000000 ) ) ;
#3572 = CARTESIAN_POINT ( 'NONE',  ( 2.071067811859367946, -8.265624999999683808, -5.000000000006083134 ) ) ;
#3573 = CARTESIAN_POINT ( 'NONE',  ( -5.676582343750004256, -7.250000001706997210, 2.351317394708899666 ) ) ;
#3574 = VERTEX_POINT ( 'NONE', #4264 ) ;
#3575 = CARTESIAN_POINT ( 'NONE',  ( -2.332311436541800287, 1.489774588437323910, 50.00800084669260315 ) ) ;
#3576 = CARTESIAN_POINT ( 'NONE',  ( 4.001099360908856539, -1.087384656353405088, 62.58681817498949584 ) ) ;
#3577 = CARTESIAN_POINT ( 'NONE',  ( -2.071067811865475949, -12.17187500341397310, -4.999999999999994671 ) ) ;
#3578 = CARTESIAN_POINT ( 'NONE',  ( -4.013949869229449519, -4.984375001706990105, -4.013949869229449519 ) ) ;
#3579 = ADVANCED_FACE ( 'NONE', ( #51 ), #4905, .F. ) ;
#3580 = EDGE_CURVE ( 'NONE', #6880, #6984, #1720, .T. ) ;
#3581 = CARTESIAN_POINT ( 'NONE',  ( -5.000000000000005329, -9.203125000000001776, -2.071067811865475949 ) ) ;
#3582 = CARTESIAN_POINT ( 'NONE',  ( -4.013949869229449519, -12.32812500170700076, 4.013949869229449519 ) ) ;
#3583 = ORIENTED_EDGE ( 'NONE', *, *, #137, .F. ) ;
#3584 =( NAMED_UNIT ( * ) PLANE_ANGLE_UNIT ( ) SI_UNIT ( $, .RADIAN. ) );
#3585 =( LENGTH_UNIT ( ) NAMED_UNIT ( * ) SI_UNIT ( .MILLI., .METRE. ) );
#3586 = ORIENTED_EDGE ( 'NONE', *, *, #5454, .F. ) ;
#3587 = CARTESIAN_POINT ( 'NONE',  ( 4.618802153517090225, 1.237604307033950191, 8.000000000000000000 ) ) ;
#3588 = DIRECTION ( 'NONE',  ( 0.000000000000000000, 1.000000000000000000, 0.000000000000000000 ) ) ;
#3589 = ORIENTED_EDGE ( 'NONE', *, *, #4397, .F. ) ;
#3590 = PRESENTATION_STYLE_ASSIGNMENT (( #2949 ) ) ;
#3591 = LINE ( 'NONE', #5416, #5503 ) ;
#3592 =( GEOMETRIC_REPRESENTATION_CONTEXT ( 3 ) GLOBAL_UNCERTAINTY_ASSIGNED_CONTEXT ( ( #4096 ) ) GLOBAL_UNIT_ASSIGNED_CONTEXT ( ( #3732, #3653, #2537 ) ) REPRESENTATION_CONTEXT ( 'NONE', 'WORKASPACE' ) );
#3593 = FILL_AREA_STYLE ('',( #5458 ) ) ;
#3594 = CARTESIAN_POINT ( 'NONE',  ( 0.1721316961568611914, -3.000072867310910496, 71.80786336563086536 ) ) ;
#3595 = CARTESIAN_POINT ( 'NONE',  ( -3.467116748379130087, -0.2036941021800255103, 51.57470463618209777 ) ) ;
#3596 = SURFACE_STYLE_USAGE ( .BOTH. , #3636 ) ;
#3597 = DIRECTION ( 'NONE',  ( 0.000000000000000000, 1.000000000000000000, 0.000000000000000000 ) ) ;
#3598 = CARTESIAN_POINT ( 'NONE',  ( 5.676582343750004256, -10.68750000170698833, 2.351317394708905439 ) ) ;
#3599 = CARTESIAN_POINT ( 'NONE',  ( -2.071067811865475949, -0.9218750034139834293, -5.000000000000005329 ) ) ;
#3600 = CARTESIAN_POINT ( 'NONE',  ( -5.676582343750006032, -5.062500001706985664, -2.351317394708899666 ) ) ;
#3601 =( NAMED_UNIT ( * ) PLANE_ANGLE_UNIT ( ) SI_UNIT ( $, .RADIAN. ) );
#3602 = VECTOR ( 'NONE', #4159, 1000.000000000000114 ) ;
#3603 = CARTESIAN_POINT ( 'NONE',  ( 5.676582343749999815, -12.95312500170700076, 0.000000000000000000 ) ) ;
#3604 = VERTEX_POINT ( 'NONE', #7638 ) ;
#3605 = CONTEXT_DEPENDENT_SHAPE_REPRESENTATION ( #5026, #1834 ) ;
#3606 = CARTESIAN_POINT ( 'NONE',  ( 0.000000000000000000, 0.000000000000000000, 0.000000000000000000 ) ) ;
#3607 = CARTESIAN_POINT ( 'NONE',  ( 4.013949869229449519, -0.4531250017069909930, -4.013949869229449519 ) ) ;
#3608 = CARTESIAN_POINT ( 'NONE',  ( -0.2000070084529862735, 4.400000000000001243, -8.000000000000000000 ) ) ;
#3609 = DIRECTION ( 'NONE',  ( 0.000000000000000000, 1.000000000000000000, 0.000000000000000000 ) ) ;
#3610 = CARTESIAN_POINT ( 'NONE',  ( -2.351317394708905439, -4.593750001706991881, 5.676582343750004256 ) ) ;
#3611 = ORIENTED_EDGE ( 'NONE', *, *, #1274, .F. ) ;
#3612 = CARTESIAN_POINT ( 'NONE',  ( 4.414844607846999835, -0.3200524223806365254, 69.07392914258790029 ) ) ;
#3613 = CARTESIAN_POINT ( 'NONE',  ( 0.8140570370968359670, 0.7816588435533929902, 50.78258725522120187 ) ) ;
#3614 = CARTESIAN_POINT ( 'NONE',  ( -1.402003253639241276, 0.1217702392197821115, -7.999990179212574049 ) ) ;
#3615 = PRESENTATION_STYLE_ASSIGNMENT (( #7137 ) ) ;
#3616 = CARTESIAN_POINT ( 'NONE',  ( 3.061616997868385113E-16, -12.25000000341399975, -5.000000000000000000 ) ) ;
#3617 = ADVANCED_FACE ( 'NONE', ( #4829 ), #2395, .T. ) ;
#3618 = CARTESIAN_POINT ( 'NONE',  ( 2.071067811865475949, -7.015625000000003553, -5.000000000000005329 ) ) ;
#3619 = CARTESIAN_POINT ( 'NONE',  ( 5.676582343750006032, -10.68750000170698833, 2.351317394708905439 ) ) ;
#3620 = VERTEX_POINT ( 'NONE', #3079 ) ;
#3621 =( LENGTH_UNIT ( ) NAMED_UNIT ( * ) SI_UNIT ( .MILLI., .METRE. ) );
#3622 = FACE_OUTER_BOUND ( 'NONE', #4167, .T. ) ;
#3623 = ORIENTED_EDGE ( 'NONE', *, *, #6096, .F. ) ;
#3624 = PRESENTATION_STYLE_ASSIGNMENT (( #1791 ) ) ;
#3625 = SURFACE_SIDE_STYLE ('',( #2990 ) ) ;
#3626 = ORIENTED_EDGE ( 'NONE', *, *, #7250, .F. ) ;
#3627 = FILL_AREA_STYLE ('',( #4095 ) ) ;
#3628 = UNCERTAINTY_MEASURE_WITH_UNIT (LENGTH_MEASURE( 1.000000000000000082E-05 ), #4129, 'distance_accuracy_value', 'NONE');
#3629 = DIRECTION ( 'NONE',  ( 0.000000000000000000, 1.000000000000000000, 0.000000000000000000 ) ) ;
#3630 = SURFACE_SIDE_STYLE ('',( #7114 ) ) ;
#3631 = CYLINDRICAL_SURFACE ( 'NONE', #6669, 4.000000000000001776 ) ;
#3632 = AXIS2_PLACEMENT_3D ( 'NONE', #3764, #6149, #2618 ) ;
#3633 = FILL_AREA_STYLE ('',( #7115 ) ) ;
#3634 = CARTESIAN_POINT ( 'NONE',  ( 2.295488849884900429, -9.054683374251129276E-05, -4.752564266337438781 ) ) ;
#3635 = UNCERTAINTY_MEASURE_WITH_UNIT (LENGTH_MEASURE( 1.000000000000000082E-05 ), #5095, 'distance_accuracy_value', 'NONE');
#3636 = SURFACE_SIDE_STYLE ('',( #1174 ) ) ;
#3637 =( NAMED_UNIT ( * ) SI_UNIT ( $, .STERADIAN. ) SOLID_ANGLE_UNIT ( ) );
#3638 = CARTESIAN_POINT ( 'NONE',  ( -7.941783137816234905, 0.2518845685453202088, 2.244435237419119655 ) ) ;
#3639 = CARTESIAN_POINT ( 'NONE',  ( -2.351317394708899666, -10.21875000170699188, -5.676582343750004256 ) ) ;
#3640 = CARTESIAN_POINT ( 'NONE',  ( 2.071067811865475949, 0.1718749965860176254, -5.000000000000005329 ) ) ;
#3641 = CARTESIAN_POINT ( 'NONE',  ( 4.013949869229449519, -5.453125001706989217, -4.013949869229449519 ) ) ;
#3642 =( LENGTH_UNIT ( ) NAMED_UNIT ( * ) SI_UNIT ( .MILLI., .METRE. ) );
#3643 = CARTESIAN_POINT ( 'NONE',  ( 0.000000000000000000, 4.400000000000000355, 0.000000000000000000 ) ) ;
#3644 = CARTESIAN_POINT ( 'NONE',  ( 0.4503081928159469727, 4.603993403836609488, 62.77952233586351127 ) ) ;
#3645 = CARTESIAN_POINT ( 'NONE',  ( -2.351317394708905439, -12.09375000170697945, 5.676582343750006032 ) ) ;
#3646 = CARTESIAN_POINT ( 'NONE',  ( -9.237604307034001039, 3.162395692965989991, 6.467955846520349305E-14 ) ) ;
#3647 = CARTESIAN_POINT ( 'NONE',  ( 3.535533905932724874, -8.656250000000000000, 3.535533905932724874 ) ) ;
#3648 = COLOUR_RGB ( '',0.5019607843137254832, 0.5019607843137254832, 0.000000000000000000 ) ;
#3649 = CARTESIAN_POINT ( 'NONE',  ( 2.351317394708899666, -4.437500001706992769, 5.676582343750004256 ) ) ;
#3650 = VERTEX_POINT ( 'NONE', #576 ) ;
#3651 = FILL_AREA_STYLE ('',( #4883 ) ) ;
#3652 = CARTESIAN_POINT ( 'NONE',  ( 0.2620374449223600299, 1.634934110855394973, 50.89000327835849902 ) ) ;
#3653 =( NAMED_UNIT ( * ) PLANE_ANGLE_UNIT ( ) SI_UNIT ( $, .RADIAN. ) );
#3654 = SURFACE_STYLE_USAGE ( .BOTH. , #6548 ) ;
#3655 = PRESENTATION_LAYER_ASSIGNMENT (  '', '', ( #5394 ) ) ;
#3656 = CARTESIAN_POINT ( 'NONE',  ( 2.071067811865475949, -11.07812500341397488, -5.000000000000005329 ) ) ;
#3657 = CARTESIAN_POINT ( 'NONE',  ( 4.999999999999994671, -9.828124999999998224, 2.071067811865475949 ) ) ;
#3658 = EDGE_CURVE ( 'NONE', #567, #3542, #3172, .T. ) ;
#3659 = B_SPLINE_CURVE_WITH_KNOTS ( 'NONE', 3,
 ( #5972, #6476, #2224, #7735, #565, #4594, #7695, #6514, #5822, #2838, #4706, #482, #5860, #2870, #1080, #6995, #4626, #7033, #7621, #1639, #4054 ),
 .UNSPECIFIED., .F., .F.,
 ( 4, 2, 2, 1, 1, 2, 2, 2, 1, 2, 2, 4 ),
 ( 0.000000000000000000, 0.2499999999999981126, 0.3749999999999971689, 0.4374999999999966693, 0.4687499999999965583, 0.4843749999999965583, 0.4999999999999965583, 0.6249999999999970024, 0.6874999999999972244, 0.7187499999999974465, 0.7499999999999976685, 1.000000000000000000 ),
 .UNSPECIFIED. ) ;
#3660 = CARTESIAN_POINT ( 'NONE',  ( -5.676582343750006032, -8.656250001706988328, 2.351317394708899666 ) ) ;
#3661 = ORIENTED_EDGE ( 'NONE', *, *, #5274, .F. ) ;
#3662 = CARTESIAN_POINT ( 'NONE',  ( 0.3267820953588584376, -1.562983500938649906, 50.87743290875555857 ) ) ;
#3663 = FILL_AREA_STYLE_COLOUR ( '', #4241 ) ;
#3664 = AXIS2_PLACEMENT_3D ( 'NONE', #1465, #5604, #3847 ) ;
#3665 = CARTESIAN_POINT ( 'NONE',  ( 16.37500000000000000, 5.217144091088729873E-16, 0.000000000000000000 ) ) ;
#3666 = ORIENTED_EDGE ( 'NONE', *, *, #3000, .F. ) ;
#3667 = CARTESIAN_POINT ( 'NONE',  ( -9.237604307034001039, 3.162395692965989991, 6.467955846520349305E-14 ) ) ;
#3668 =( NAMED_UNIT ( * ) SI_UNIT ( $, .STERADIAN. ) SOLID_ANGLE_UNIT ( ) );
#3669 = CARTESIAN_POINT ( 'NONE',  ( -2.351317394708899666, -12.56250000170699543, -5.676582343750006032 ) ) ;
#3670 = CARTESIAN_POINT ( 'NONE',  ( -1.337265892429082559, 1.377953167331096740, 49.42210984992699707 ) ) ;
#3671 = CARTESIAN_POINT ( 'NONE',  ( -4.045099614402910326, 0.007029519115503510100, -2.938906107203744789 ) ) ;
#3672 = VECTOR ( 'NONE', #303, 1000.000000000000000 ) ;
#3673 = CARTESIAN_POINT ( 'NONE',  ( 3.907975662084960611, 1.533891969487783221E-05, -3.332684561547469837 ) ) ;
#3674 = CARTESIAN_POINT ( 'NONE',  ( -3.505726868924972095, -0.1988511145663136026, 51.32253110461667234 ) ) ;
#3675 =( BOUNDED_SURFACE ( )  B_SPLINE_SURFACE ( 3, 3, ( 
 ( #4687, #6284, #7090, #3449, #428, #1027, #5846, #5879, #1692, #1621, #5660, #1066, #3265, #4450, #4112, #6425 ),
 ( #6494, #2284, #2854, #6881, #7016, #3487, #465, #5241, #2886, #4480, #7640, #2242, #4647, #7054, #4036, #4075 ),
 ( #5280, #3408, #7677, #1095, #4610, #3519, #1447, #3870, #504, #5319, #7715, #5804, #5206, #6249, #851, #388 ),
 ( #251, #5061, #7463, #2069, #2820, #7603, #2208, #5434, #547, #7249, #7757, #2448, #2408, #4802, #1186, #4725 ) ),
 .UNSPECIFIED., .F., .F., .F. ) 
 B_SPLINE_SURFACE_WITH_KNOTS ( ( 4, 4 ),
 ( 4, 1, 1, 1, 1, 1, 1, 1, 1, 1, 1, 1, 1, 4 ),
 ( 0.000000000000000000, 0.5000000000000000000 ),
 ( 0.000000000000000000, 0.1666666666666670182, 0.3333333333333289850, 0.4427909602622784879, 0.5000000000000000000, 0.5833333333333500237, 0.5942972623863359560, 0.6666666666666670737, 0.6888069267286660580, 0.7500000000001080247, 0.8199999999999999512, 0.8900000000000000133, 0.9449999999999999512, 1.000000000000000000 ),
 .UNSPECIFIED. ) 
 GEOMETRIC_REPRESENTATION_ITEM ( )  RATIONAL_B_SPLINE_SURFACE ( (
 ( 1.000000000000000000, 1.000000000000000000, 1.000000000000000000, 1.000000000000000000, 1.000000000000000000, 1.000000000000000000, 1.000000000000000000, 1.000000000000000000, 1.000000000000000000, 1.000000000000000000, 1.000000000000000000, 1.000000000000000000, 1.000000000000000000, 1.000000000000000000, 1.000000000000000000, 1.000000000000000000),
 ( 0.3333333333333335369, 0.3333333333333335369, 0.3333333333333335369, 0.3333333333333335369, 0.3333333333333335369, 0.3333333333333335369, 0.3333333333333335369, 0.3333333333333335369, 0.3333333333333335369, 0.3333333333333335369, 0.3333333333333335369, 0.3333333333333335369, 0.3333333333333335369, 0.3333333333333335369, 0.3333333333333335369, 0.3333333333333335369),
 ( 0.3333333333333335369, 0.3333333333333335369, 0.3333333333333335369, 0.3333333333333335369, 0.3333333333333335369, 0.3333333333333335369, 0.3333333333333335369, 0.3333333333333335369, 0.3333333333333335369, 0.3333333333333335369, 0.3333333333333335369, 0.3333333333333335369, 0.3333333333333335369, 0.3333333333333335369, 0.3333333333333335369, 0.3333333333333335369),
 ( 1.000000000000000000, 1.000000000000000000, 1.000000000000000000, 1.000000000000000000, 1.000000000000000000, 1.000000000000000000, 1.000000000000000000, 1.000000000000000000, 1.000000000000000000, 1.000000000000000000, 1.000000000000000000, 1.000000000000000000, 1.000000000000000000, 1.000000000000000000, 1.000000000000000000, 1.000000000000000000) ) ) 
 REPRESENTATION_ITEM ( '' )  SURFACE ( )  );
#3676 = CARTESIAN_POINT ( 'NONE',  ( -1.352354579164740001, 2.248185354444563799, 51.19521518836037899 ) ) ;
#3677 = FILL_AREA_STYLE_COLOUR ( '', #6077 ) ;
#3678 = LINE ( 'NONE', #5636, #2238 ) ;
#3679 = MECHANICAL_DESIGN_GEOMETRIC_PRESENTATION_REPRESENTATION (  '', ( #7424 ), #3543 ) ;
#3680 = CARTESIAN_POINT ( 'NONE',  ( -2.351317394708905439, -12.25000000170699366, 5.676582343750004256 ) ) ;
#3681 = CARTESIAN_POINT ( 'NONE',  ( -4.045095594582137188, 0.4367177349213338666, -2.938911640504381584 ) ) ;
#3682 = CARTESIAN_POINT ( 'NONE',  ( -5.676582343750006032, -2.406250001706992769, 2.351317394708899666 ) ) ;
#3683 = CARTESIAN_POINT ( 'NONE',  ( 3.475904198684909876E-16, -5.296875001706990105, -5.676582343749999815 ) ) ;
#3684 = CARTESIAN_POINT ( 'NONE',  ( 0.000000000000000000, 0.000000000000000000, -6.150000000000000355 ) ) ;
#3685 = VECTOR ( 'NONE', #6830, 1000.000000000000000 ) ;
#3686 = CARTESIAN_POINT ( 'NONE',  ( 5.000000000000000000, -12.56250000341398021, 0.000000000000000000 ) ) ;
#3687 = SURFACE_STYLE_USAGE ( .BOTH. , #1852 ) ;
#3688 = CARTESIAN_POINT ( 'NONE',  ( -4.329854575046552689, -0.1257810385821409027, -3.698045163412348124 ) ) ;
#3689 = CARTESIAN_POINT ( 'NONE',  ( -8.382291397767788865, 3.888008973810950231, -1.481396212173038407 ) ) ;
#3690 = DIRECTION ( 'NONE',  ( -0.9985305870323566424, 0.000000000000000000, 0.05419102103501256124 ) ) ;
#3691 = CARTESIAN_POINT ( 'NONE',  ( 4.013949869229449519, -5.609375001706989217, 4.013949869229449519 ) ) ;
#3692 = ORIENTED_EDGE ( 'NONE', *, *, #6546, .F. ) ;
#3693 = CARTESIAN_POINT ( 'NONE',  ( 4.386810326208427036, -0.6698141336671452617, 69.07545058456044273 ) ) ;
#3694 = CARTESIAN_POINT ( 'NONE',  ( 5.000000000000000000, -13.50000000000000000, 0.000000000000000000 ) ) ;
#3695 = DIRECTION ( 'NONE',  ( 0.000000000000000000, 0.000000000000000000, 1.000000000000000000 ) ) ;
#3696 = AXIS2_PLACEMENT_3D ( 'NONE', #6277, #2095, #6915 ) ;
#3697 = CARTESIAN_POINT ( 'NONE',  ( 2.071067811865475949, -8.578125003413981986, -5.000000000000005329 ) ) ;
#3698 = CARTESIAN_POINT ( 'NONE',  ( -3.535533905932735088, -3.031250000000000000, -3.535533905932739973 ) ) ;
#3699 = CARTESIAN_POINT ( 'NONE',  ( 4.013949869229449519, -8.265625001706990105, 4.013949869229449519 ) ) ;
#3700 = VERTEX_POINT ( 'NONE', #3040 ) ;
#3701 = CARTESIAN_POINT ( 'NONE',  ( 0.000000000000000000, 0.000000000000000000, -3.250000000000000000 ) ) ;
#3702 = CARTESIAN_POINT ( 'NONE',  ( -0.9410089004204804652, 1.784855867549741681, 49.87552337946543446 ) ) ;
#3703 = CARTESIAN_POINT ( 'NONE',  ( 0.000000000000000000, -13.50000000000000000, 0.000000000000000000 ) ) ;
#3704 = CARTESIAN_POINT ( 'NONE',  ( 15.35990334099401267, 1.339212430418934119, 0.000000000000000000 ) ) ;
#3705 = VERTEX_POINT ( 'NONE', #1802 ) ;
#3706 = STYLED_ITEM ( 'NONE', ( #5169 ), #6864 ) ;
#3707 = CARTESIAN_POINT ( 'NONE',  ( -8.201276141306248491, 4.004795348725481041, 1.794950537485531017 ) ) ;
#3708 = DIRECTION ( 'NONE',  ( 0.8660254037844394848, 0.000000000000000000, 0.4999999999999985567 ) ) ;
#3709 = CARTESIAN_POINT ( 'NONE',  ( -2.351317394708905439, -12.09375000170697945, 5.676582343750006032 ) ) ;
#3710 = CARTESIAN_POINT ( 'NONE',  ( 4.999999999999994671, -7.640625003413982874, 2.071067811865475949 ) ) ;
#3711 = CARTESIAN_POINT ( 'NONE',  ( 0.004502342339747970532, 0.1237975729161291810, 48.52276292160539839 ) ) ;
#3712 = AXIS2_PLACEMENT_3D ( 'NONE', #81, #4329, #1237 ) ;
#3713 = VECTOR ( 'NONE', #6193, 1000.000000000000000 ) ;
#3714 = DIRECTION ( 'NONE',  ( -0.4284729934589707745, 0.9032553160169446427, 0.02325355808125752557 ) ) ;
#3715 = DIRECTION ( 'NONE',  ( 0.000000000000000000, 0.000000000000000000, -1.000000000000000000 ) ) ;
#3716 = UNCERTAINTY_MEASURE_WITH_UNIT (LENGTH_MEASURE( 1.000000000000000082E-05 ), #607, 'distance_accuracy_value', 'NONE');
#3717 = FILL_AREA_STYLE ('',( #5555 ) ) ;
#3718 =( NAMED_UNIT ( * ) PLANE_ANGLE_UNIT ( ) SI_UNIT ( $, .RADIAN. ) );
#3719 = CARTESIAN_POINT ( 'NONE',  ( 2.351317394708899666, -5.375000001706990105, -5.676582343750004256 ) ) ;
#3720 = CARTESIAN_POINT ( 'NONE',  ( 5.676582343750006032, -3.031250001706988773, -2.351317394708899666 ) ) ;
#3721 = CARTESIAN_POINT ( 'NONE',  ( -5.676582343750006032, -7.406250001706987440, 2.351317394708899666 ) ) ;
#3722 = CARTESIAN_POINT ( 'NONE',  ( 0.000000000000000000, 4.400000000000000355, -6.000000000000000000 ) ) ;
#3723 = EDGE_CURVE ( 'NONE', #4115, #909, #5472, .T. ) ;
#3724 = CARTESIAN_POINT ( 'NONE',  ( -5.766939077434537708, 4.069719131841790016, 6.011368794845014740 ) ) ;
#3725 = CARTESIAN_POINT ( 'NONE',  ( 6.928203230275570057, 0.000000000000000000, 4.000000000000000000 ) ) ;
#3726 = CARTESIAN_POINT ( 'NONE',  ( -4.013949869229449519, -5.921875001706989217, 4.013949869229449519 ) ) ;
#3727 = SURFACE_STYLE_FILL_AREA ( #3017 ) ;
#3728 = CARTESIAN_POINT ( 'NONE',  ( 5.676582343750004256, -5.375000001706990105, -2.351317394708899666 ) ) ;
#3729 = ORIENTED_EDGE ( 'NONE', *, *, #7011, .F. ) ;
#3730 = CARTESIAN_POINT ( 'NONE',  ( 3.289517765799290228, -2.818162438463338582, 69.13500149366120695 ) ) ;
#3731 = CARTESIAN_POINT ( 'NONE',  ( 4.247113801751139839, 1.981944279537670273, 62.57346678254169348 ) ) ;
#3732 =( LENGTH_UNIT ( ) NAMED_UNIT ( * ) SI_UNIT ( .MILLI., .METRE. ) );
#3733 = SURFACE_STYLE_FILL_AREA ( #2020 ) ;
#3734 = AXIS2_PLACEMENT_3D ( 'NONE', #5250, #6397, #5851 ) ;
#3735 = CARTESIAN_POINT ( 'NONE',  ( -9.184850993605149917E-16, -10.37500000341398021, 5.000000000000000000 ) ) ;
#3736 = CARTESIAN_POINT ( 'NONE',  ( -5.000000000000005329, -4.203125000000002665, -2.071067811865475949 ) ) ;
#3737 =( NAMED_UNIT ( * ) SI_UNIT ( $, .STERADIAN. ) SOLID_ANGLE_UNIT ( ) );
#3738 = CARTESIAN_POINT ( 'NONE',  ( 5.676582343750006032, -10.53125000170698655, -2.351317394708899666 ) ) ;
#3739 = ORIENTED_EDGE ( 'NONE', *, *, #4469, .F. ) ;
#3740 = CARTESIAN_POINT ( 'NONE',  ( 0.2210005785246072774, -1.667683217673070706, 50.89793953178132568 ) ) ;
#3741 = CARTESIAN_POINT ( 'NONE',  ( -0.5916081913228423694, 1.141289571084078025, 48.58793995800743915 ) ) ;
#3742 = ORIENTED_EDGE ( 'NONE', *, *, #4872, .T. ) ;
#3743 = CARTESIAN_POINT ( 'NONE',  ( 1.442547383544832140, 3.886080498488968082, 69.23523799330941131 ) ) ;
#3744 = EDGE_CURVE ( 'NONE', #2548, #3809, #5293, .T. ) ;
#3745 = CARTESIAN_POINT ( 'NONE',  ( -4.618802153517040487, 4.400000000000000355, -8.000000000000000000 ) ) ;
#3746 = CARTESIAN_POINT ( 'NONE',  ( 2.351317394708899666, -10.68750000170698833, 5.676582343750006032 ) ) ;
#3747 = DIRECTION ( 'NONE',  ( 0.000000000000000000, 0.000000000000000000, -1.000000000000000000 ) ) ;
#3748 = CARTESIAN_POINT ( 'NONE',  ( -1.074181060066190740, 1.354688989160214518, 49.38459041363422841 ) ) ;
#3749 = CARTESIAN_POINT ( 'NONE',  ( 2.246693820822804888, 8.763156733725339012E-16, 61.17982374665789536 ) ) ;
#3750 = ADVANCED_FACE ( 'NONE', ( #3788 ), #3752, .F. ) ;
#3751 = CARTESIAN_POINT ( 'NONE',  ( 3.799372428154817349, 0.0001526771202905994370, -3.473532426437288212 ) ) ;
#3752 = CYLINDRICAL_SURFACE ( 'NONE', #132, 3.250000000000000000 ) ;
#3753 = FACE_OUTER_BOUND ( 'NONE', #4, .T. ) ;
#3754 = CARTESIAN_POINT ( 'NONE',  ( -5.997287159340020324, 4.273905159329275172, -5.483261298016079976 ) ) ;
#3755 = DIRECTION ( 'NONE',  ( 0.000000000000000000, 1.000000000000000000, 0.000000000000000000 ) ) ;
#3756 = CARTESIAN_POINT ( 'NONE',  ( 2.351317394708899666, -5.843750001706994546, 5.676582343750004256 ) ) ;
#3757 = CARTESIAN_POINT ( 'NONE',  ( 14.64009665900599089, 1.339212430418934563, -65.48512825965229922 ) ) ;
#3758 = CARTESIAN_POINT ( 'NONE',  ( -4.013949869229449519, -2.328125001706990105, 4.013949869229449519 ) ) ;
#3759 = CARTESIAN_POINT ( 'NONE',  ( 5.676582343749999815, -0.6093750017069909930, 0.000000000000000000 ) ) ;
#3760 = CARTESIAN_POINT ( 'NONE',  ( 5.000000000000005329, -3.734375003413981986, -2.071067811865475949 ) ) ;
#3761 = CARTESIAN_POINT ( 'NONE',  ( 5.753724443542929556, 4.062307217443780871, -6.034257206815791363 ) ) ;
#3762 = CARTESIAN_POINT ( 'NONE',  ( 1.614458795362618160, 3.895890706673271531, 71.72958716739768192 ) ) ;
#3763 = CARTESIAN_POINT ( 'NONE',  ( 2.351317394708899666, -6.937500001706994546, 5.676582343750006032 ) ) ;
#3764 = CARTESIAN_POINT ( 'NONE',  ( 0.000000000000000000, 4.400000000000000355, 0.000000000000000000 ) ) ;
#3765 = CARTESIAN_POINT ( 'NONE',  ( -3.321026354623699994, -1.104068450652585076, 50.71656475590299351 ) ) ;
#3766 = CARTESIAN_POINT ( 'NONE',  ( -5.676582343750004256, -4.750000001706988328, 2.351317394708899666 ) ) ;
#3767 = CARTESIAN_POINT ( 'NONE',  ( 3.276584410056075036, 1.773067283249504962E-15, 62.62613815722311017 ) ) ;
#3768 = CARTESIAN_POINT ( 'NONE',  ( 4.459171755215972865, -1.046991537437122810, 71.57520241259096849 ) ) ;
#3769 = CARTESIAN_POINT ( 'NONE',  ( -3.535533905932739973, -4.281250003413985539, 3.535533905932735088 ) ) ;
#3770 = SURFACE_SIDE_STYLE ('',( #7294 ) ) ;
#3771 = STYLED_ITEM ( 'NONE', ( #2646 ), #2407 ) ;
#3772 = CARTESIAN_POINT ( 'NONE',  ( 4.999999999999994671, -11.39062500341399797, 2.071067811865475949 ) ) ;
#3773 = CARTESIAN_POINT ( 'NONE',  ( -9.184850993605149917E-16, -1.312500000000000000, 5.000000000000000000 ) ) ;
#3774 = CARTESIAN_POINT ( 'NONE',  ( 5.676582343750006032, -11.78125000170697767, -2.351317394708899666 ) ) ;
#3775 = EDGE_LOOP ( 'NONE', ( #5099, #2967, #2453, #7048, #7133, #7050 ) ) ;
#3776 = EDGE_CURVE ( 'NONE', #5338, #6305, #6709, .T. ) ;
#3777 = CARTESIAN_POINT ( 'NONE',  ( -0.2165958416397233410, 1.441711910077596581, 49.81337545369406428 ) ) ;
#3778 = CARTESIAN_POINT ( 'NONE',  ( 0.8025498295435159468, 4.603993403836609488, 69.26997115157379881 ) ) ;
#3779 = SURFACE_STYLE_FILL_AREA ( #2672 ) ;
#3780 = ADVANCED_FACE ( 'NONE', ( #3314 ), #2106, .T. ) ;
#3781 = VERTEX_POINT ( 'NONE', #2303 ) ;
#3782 = CARTESIAN_POINT ( 'NONE',  ( -0.6326374154639868852, 3.870730210485886058, 69.34785986444190087 ) ) ;
#3783 = CARTESIAN_POINT ( 'NONE',  ( 4.528470622501886922, -2.749999999999999112, 34.12832495771968411 ) ) ;
#3784 = DIRECTION ( 'NONE',  ( 0.000000000000000000, 0.000000000000000000, 1.000000000000000000 ) ) ;
#3785 = DIRECTION ( 'NONE',  ( 0.000000000000000000, 1.000000000000000000, 0.000000000000000000 ) ) ;
#3786 = CARTESIAN_POINT ( 'NONE',  ( -1.161206311488233167, 1.368164902256175042, 49.39697958137802658 ) ) ;
#3787 = CARTESIAN_POINT ( 'NONE',  ( 2.248565517608733355, -0.0001016415113612390768, -4.778938760256561835 ) ) ;
#3788 = FACE_OUTER_BOUND ( 'NONE', #3246, .T. ) ;
#3789 = CARTESIAN_POINT ( 'NONE',  ( -2.297484182258095142, -0.9990354320865929560, 48.76158201847609774 ) ) ;
#3790 = UNCERTAINTY_MEASURE_WITH_UNIT (LENGTH_MEASURE( 1.000000000000000082E-05 ), #4097, 'distance_accuracy_value', 'NONE');
#3791 = CARTESIAN_POINT ( 'NONE',  ( 0.007119260505257819609, -6.219871385070530605E-10, 48.52246411748139820 ) ) ;
#3792 = SURFACE_STYLE_FILL_AREA ( #6138 ) ;
#3793 = PRESENTATION_LAYER_ASSIGNMENT (  '', '', ( #1734 ) ) ;
#3794 = PLANE ( 'NONE',  #4024 ) ;
#3795 = CARTESIAN_POINT ( 'NONE',  ( 5.676582343750004256, -5.687500001706991881, 2.351317394708905439 ) ) ;
#3796 = DIRECTION ( 'NONE',  ( 0.000000000000000000, 0.5595328291943102439, -0.8288081883366082980 ) ) ;
#3797 = CARTESIAN_POINT ( 'NONE',  ( 4.013949869229449519, -4.515625001706989217, 4.013949869229449519 ) ) ;
#3798 = CARTESIAN_POINT ( 'NONE',  ( -2.351317394708899666, -2.718750001706990105, -5.676582343750006032 ) ) ;
#3799 = CARTESIAN_POINT ( 'NONE',  ( 6.928203230275489233, 4.400000000000000355, -4.000000000000000000 ) ) ;
#3800 = B_SPLINE_CURVE_WITH_KNOTS ( 'NONE', 3,
 ( #6127, #1908, #5536, #1984 ),
 .UNSPECIFIED., .F., .F.,
 ( 4, 4 ),
 ( 0.000000000000000000, 1.000000000000000000 ),
 .UNSPECIFIED. ) ;
#3801 = CARTESIAN_POINT ( 'NONE',  ( -1.750000000000000000, 0.5999999999999999778, 2.451054324405280101E-16 ) ) ;
#3802 = DIRECTION ( 'NONE',  ( 0.000000000000000000, 1.000000000000000000, 0.000000000000000000 ) ) ;
#3803 = STYLED_ITEM ( 'NONE', ( #134 ), #6344 ) ;
#3804 = CARTESIAN_POINT ( 'NONE',  ( 4.013949869229449519, -7.796875001706989217, -4.013949869229449519 ) ) ;
#3805 = DIRECTION ( 'NONE',  ( 0.000000000000000000, 1.000000000000000000, 0.000000000000000000 ) ) ;
#3806 = CARTESIAN_POINT ( 'NONE',  ( -3.467116748380210556, -0.2036941021679025132, 51.57470463618230383 ) ) ;
#3807 =( GEOMETRIC_REPRESENTATION_CONTEXT ( 3 ) GLOBAL_UNCERTAINTY_ASSIGNED_CONTEXT ( ( #4423 ) ) GLOBAL_UNIT_ASSIGNED_CONTEXT ( ( #1245, #7782, #6461 ) ) REPRESENTATION_CONTEXT ( 'NONE', 'WORKASPACE' ) );
#3808 = CIRCLE ( 'NONE', #2533, 1.375000000000000000 ) ;
#3809 = VERTEX_POINT ( 'NONE', #1569 ) ;
#3810 = CARTESIAN_POINT ( 'NONE',  ( 0.007114804788856704532, -0.01866978254647128771, 48.52243579971671039 ) ) ;
#3811 = EDGE_CURVE ( 'NONE', #526, #4031, #6311, .T. ) ;
#3812 = SURFACE_STYLE_USAGE ( .BOTH. , #3770 ) ;
#3813 = EDGE_CURVE ( 'NONE', #3574, #2062, #6337, .T. ) ;
#3814 = CARTESIAN_POINT ( 'NONE',  ( 5.000000000000000000, -3.812500003413984651, 0.000000000000000000 ) ) ;
#3815 = CARTESIAN_POINT ( 'NONE',  ( 5.676582343749999815, -13.10937500170700076, 0.000000000000000000 ) ) ;
#3816 = CARTESIAN_POINT ( 'NONE',  ( 8.089467626571495984, 0.3302808681587177664, -1.988631345709404918 ) ) ;
#3817 = CARTESIAN_POINT ( 'NONE',  ( 2.351317394708899666, -6.625000001706990105, -5.676582343750006032 ) ) ;
#3818 = ORIENTED_EDGE ( 'NONE', *, *, #2680, .T. ) ;
#3819 = ORIENTED_EDGE ( 'NONE', *, *, #3493, .F. ) ;
#3820 = CARTESIAN_POINT ( 'NONE',  ( 1.094872126848235983, 2.313251877801709839E-16, 51.70227929224819974 ) ) ;
#3821 = CARTESIAN_POINT ( 'NONE',  ( 0.007115781717426186877, 0.1576263145005446786, 48.52246423699133970 ) ) ;
#3822 = CARTESIAN_POINT ( 'NONE',  ( 0.000000000000000000, -13.50000000000000000, 5.000000000000000000 ) ) ;
#3823 = ORIENTED_EDGE ( 'NONE', *, *, #7113, .T. ) ;
#3824 = MECHANICAL_DESIGN_GEOMETRIC_PRESENTATION_REPRESENTATION (  '', ( #2924 ), #5702 ) ;
#3825 = CARTESIAN_POINT ( 'NONE',  ( 4.618802153516980091, 1.237604307033950191, -8.000000000000000000 ) ) ;
#3826 = EDGE_CURVE ( 'NONE', #3343, #2883, #2615, .T. ) ;
#3827 = EDGE_CURVE ( 'NONE', #7535, #2413, #2243, .T. ) ;
#3828 = CARTESIAN_POINT ( 'NONE',  ( 2.521302828248970229, 4.477253316603864784E-16, 39.96228081579404545 ) ) ;
#3829 = AXIS2_PLACEMENT_3D ( 'NONE', #5510, #2000, #185 ) ;
#3830 = CARTESIAN_POINT ( 'NONE',  ( 2.351317394708899666, -11.46875000170699543, -5.676582343750006032 ) ) ;
#3831 = CARTESIAN_POINT ( 'NONE',  ( 3.061616997868385113E-16, -0.6875000000000000000, -5.000000000000000000 ) ) ;
#3832 = CARTESIAN_POINT ( 'NONE',  ( -0.2937479662851754658, 0.8667866843050590075, 48.55613590237739174 ) ) ;
#3833 = COLOUR_RGB ( '',1.000000000000000000, 1.000000000000000000, 0.000000000000000000 ) ;
#3834 = FACE_OUTER_BOUND ( 'NONE', #5525, .T. ) ;
#3835 = LINE ( 'NONE', #367, #1933 ) ;
#3836 = CARTESIAN_POINT ( 'NONE',  ( 8.089467626574297299, 4.069719131840160209, 1.988631345702677189 ) ) ;
#3837 = CARTESIAN_POINT ( 'NONE',  ( -2.522715814766131270, -0.6488437588454717408, 49.59499502298631057 ) ) ;
#3838 =( LENGTH_UNIT ( ) NAMED_UNIT ( * ) SI_UNIT ( .MILLI., .METRE. ) );
#3839 = CARTESIAN_POINT ( 'NONE',  ( 3.061616997868385113E-16, -3.500000003413985095, -5.000000000000000000 ) ) ;
#3840 = CARTESIAN_POINT ( 'NONE',  ( -2.562063592817080071, 4.028059440855414658E-16, 69.45257130335059514 ) ) ;
#3841 =( GEOMETRIC_REPRESENTATION_CONTEXT ( 3 ) GLOBAL_UNCERTAINTY_ASSIGNED_CONTEXT ( ( #369 ) ) GLOBAL_UNIT_ASSIGNED_CONTEXT ( ( #3621, #3584, #6642 ) ) REPRESENTATION_CONTEXT ( 'NONE', 'WORKASPACE' ) );
#3842 = CARTESIAN_POINT ( 'NONE',  ( 4.013949869229449519, -5.765625001706989217, 4.013949869229449519 ) ) ;
#3843 = CARTESIAN_POINT ( 'NONE',  ( 13.62499999999999645, 0.1799870791119159152, -65.48512825965228501 ) ) ;
#3844 = CARTESIAN_POINT ( 'NONE',  ( -4.013949869229449519, -4.828125001706989217, 4.013949869229449519 ) ) ;
#3845 = CARTESIAN_POINT ( 'NONE',  ( 16.37500000000000000, -0.1799870791119178026, -0.000000000000000000 ) ) ;
#3846 = CARTESIAN_POINT ( 'NONE',  ( 0.000000000000000000, 4.400000000000000355, 0.000000000000000000 ) ) ;
#3847 = DIRECTION ( 'NONE',  ( 0.000000000000000000, 0.000000000000000000, 1.000000000000000000 ) ) ;
#3848 = ORIENTED_EDGE ( 'NONE', *, *, #3531, .F. ) ;
#3849 =( GEOMETRIC_REPRESENTATION_CONTEXT ( 3 ) GLOBAL_UNCERTAINTY_ASSIGNED_CONTEXT ( ( #528 ) ) GLOBAL_UNIT_ASSIGNED_CONTEXT ( ( #6269, #2740, #3339 ) ) REPRESENTATION_CONTEXT ( 'NONE', 'WORKASPACE' ) );
#3850 = CARTESIAN_POINT ( 'NONE',  ( -3.425116627261814539, 6.721286557412869754E-15, 72.00308879196640532 ) ) ;
#3851 = CARTESIAN_POINT ( 'NONE',  ( -2.351317394708899666, -6.312500001706988328, -5.676582343750006032 ) ) ;
#3852 = CARTESIAN_POINT ( 'NONE',  ( -9.184850993605149917E-16, -5.375000003413979321, 5.000000000000000000 ) ) ;
#3853 = DIRECTION ( 'NONE',  ( 0.000000000000000000, 1.000000000000000000, 0.000000000000000000 ) ) ;
#3854 = MECHANICAL_DESIGN_GEOMETRIC_PRESENTATION_REPRESENTATION (  '', ( #5964 ), #3592 ) ;
#3855 = LINE ( 'NONE', #5608, #3713 ) ;
#3856 = SURFACE_SIDE_STYLE ('',( #4928 ) ) ;
#3857 = CARTESIAN_POINT ( 'NONE',  ( -4.095223838017790996, -5.599999999999999645, -4.385104527434994459 ) ) ;
#3858 = CARTESIAN_POINT ( 'NONE',  ( -16.69889092432899957, -80.48512825965200079, 0.1824035089909999963 ) ) ;
#3859 = PRODUCT_RELATED_PRODUCT_CATEGORY ( 'part', '', ( #2786 ) ) ;
#3860 = CARTESIAN_POINT ( 'NONE',  ( 3.061616997868385113E-16, -7.250000003413980210, -5.000000000000000000 ) ) ;
#3861 = CARTESIAN_POINT ( 'NONE',  ( -5.676582343750006032, -9.906250001706991881, 2.351317394708899666 ) ) ;
#3862 = CARTESIAN_POINT ( 'NONE',  ( 7.868276799527394338, 0.2174213677994060179, -2.371785952759712046 ) ) ;
#3863 = ORIENTED_EDGE ( 'NONE', *, *, #558, .T. ) ;
#3864 =( NAMED_UNIT ( * ) PLANE_ANGLE_UNIT ( ) SI_UNIT ( $, .RADIAN. ) );
#3865 = CARTESIAN_POINT ( 'NONE',  ( -2.570354645059274468, 0.6332098215178594280, 48.78904654404427532 ) ) ;
#3866 = CARTESIAN_POINT ( 'NONE',  ( -3.535533905932724874, -9.281250000000000000, -3.535533905932724874 ) ) ;
#3867 =( GEOMETRIC_REPRESENTATION_CONTEXT ( 3 ) GLOBAL_UNCERTAINTY_ASSIGNED_CONTEXT ( ( #861 ) ) GLOBAL_UNIT_ASSIGNED_CONTEXT ( ( #2457, #1228, #1861 ) ) REPRESENTATION_CONTEXT ( 'NONE', 'WORKASPACE' ) );
#3868 = SURFACE_STYLE_USAGE ( .BOTH. , #1445 ) ;
#3869 = ORIENTED_EDGE ( 'NONE', *, *, #7703, .F. ) ;
#3870 = CARTESIAN_POINT ( 'NONE',  ( 2.042976114296332746, 2.749999999999999112, 36.73125515601586244 ) ) ;
#3871 = ADVANCED_FACE ( 'NONE', ( #2758 ), #2564, .T. ) ;
#3872 = CARTESIAN_POINT ( 'NONE',  ( -1.292377006071387502, -2.749999999999999112, 60.68143081094141422 ) ) ;
#3873 = CARTESIAN_POINT ( 'NONE',  ( -5.676582343750006032, -9.906250001706991881, -2.351317394708899666 ) ) ;
#3874 = CARTESIAN_POINT ( 'NONE',  ( -2.446811114486030281, 3.186068887686590082E-16, 59.39186134853500221 ) ) ;
#3875 = FILL_AREA_STYLE_COLOUR ( '', #3398 ) ;
#3876 = CARTESIAN_POINT ( 'NONE',  ( 0.000000000000000000, 4.400000000000000355, 0.000000000000000000 ) ) ;
#3877 = SURFACE_STYLE_USAGE ( .BOTH. , #3234 ) ;
#3878 = CARTESIAN_POINT ( 'NONE',  ( 8.102682255841601844, 4.062307217445021656, 1.965742931077407718 ) ) ;
#3879 = CARTESIAN_POINT ( 'NONE',  ( -3.187785213249328731, -0.4381445056193606358, 50.22515024770383008 ) ) ;
#3880 = UNCERTAINTY_MEASURE_WITH_UNIT (LENGTH_MEASURE( 1.000000000000000082E-05 ), #5304, 'distance_accuracy_value', 'NONE');
#3881 = CARTESIAN_POINT ( 'NONE',  ( -3.535533905932735088, -3.343750003413984651, -3.535533905932739973 ) ) ;
#3882 = CARTESIAN_POINT ( 'NONE',  ( -1.268616662180086951, 2.402417154265714672, 71.88605388438580235 ) ) ;
#3883 = CARTESIAN_POINT ( 'NONE',  ( -5.676582343750004256, -7.562500001706990105, -2.351317394708899666 ) ) ;
#3884 = SURFACE_SIDE_STYLE ('',( #4871 ) ) ;
#3885 = CARTESIAN_POINT ( 'NONE',  ( 0.000000000000000000, 4.400000000000000355, 0.000000000000000000 ) ) ;
#3886 = LINE ( 'NONE', #4348, #1258 ) ;
#3887 = CARTESIAN_POINT ( 'NONE',  ( 5.000000000000000000, -3.812500003413984651, 0.000000000000000000 ) ) ;
#3888 = EDGE_CURVE ( 'NONE', #4251, #3542, #3541, .T. ) ;
#3889 = PRESENTATION_STYLE_ASSIGNMENT (( #6740 ) ) ;
#3890 = VERTEX_POINT ( 'NONE', #3028 ) ;
#3891 = CARTESIAN_POINT ( 'NONE',  ( 2.351317394708899666, -8.968750001706991881, -5.676582343750006032 ) ) ;
#3892 =( LENGTH_UNIT ( ) NAMED_UNIT ( * ) SI_UNIT ( .MILLI., .METRE. ) );
#3893 =( BOUNDED_CURVE ( )  B_SPLINE_CURVE ( 2, ( #421, #4500, #1577, #2162, #3332 ),
 .UNSPECIFIED., .F., .F. ) 
 B_SPLINE_CURVE_WITH_KNOTS ( ( 3, 2, 3 ),
 ( 0.000000000000000000, 0.01136363636363636048, 0.02272727272727274872 ),
 .UNSPECIFIED. ) 
 CURVE ( )  GEOMETRIC_REPRESENTATION_ITEM ( )  RATIONAL_B_SPLINE_CURVE ( ( 1.000000000000000000, 0.9238795325112869605, 1.000000000000000000, 0.9238795325112869605, 1.000000000000000000 ) ) 
 REPRESENTATION_ITEM ( '' )  );
#3894 = VERTEX_POINT ( 'NONE', #525 ) ;
#3895 = CARTESIAN_POINT ( 'NONE',  ( -3.321160313480744808, -1.046991537437099717, 71.99744700306185052 ) ) ;
#3896 = CARTESIAN_POINT ( 'NONE',  ( 6.272604014105237269, 0.1065953381671909811, -5.135526346598358494 ) ) ;
#3897 = DIRECTION ( 'NONE',  ( 0.000000000000000000, 0.02573564274330183976, -0.9996687834941075934 ) ) ;
#3898 = CARTESIAN_POINT ( 'NONE',  ( -5.000000000000005329, -5.765625003413987315, -2.071067811865475949 ) ) ;
#3899 = CARTESIAN_POINT ( 'NONE',  ( 4.013949869229449519, -9.515625001706990105, 4.013949869229449519 ) ) ;
#3900 = B_SPLINE_CURVE_WITH_KNOTS ( 'NONE', 3,
 ( #6347, #7161, #4229, #1845, #4832, #6527, #7206, #1091, #1806, #1214, #4753, #3638, #5348, #457, #6488, #6573, #1128, #493, #1722 ),
 .UNSPECIFIED., .F., .F.,
 ( 4, 2, 1, 2, 2, 2, 1, 1, 2, 2, 4 ),
 ( 0.000000000000000000, 0.1249999999999983624, 0.1874999999999974187, 0.2187499999999968081, 0.2499999999999961975, 0.3749999999999940048, 0.4374999999999926170, 0.4687499999999920064, 0.4843749999999918954, 0.4999999999999916733, 1.000000000000000000 ),
 .UNSPECIFIED. ) ;
#3901 = ORIENTED_EDGE ( 'NONE', *, *, #2163, .T. ) ;
#3902 = CARTESIAN_POINT ( 'NONE',  ( 9.045481331665685687, 3.354518668334317333, -0.3327667546392344966 ) ) ;
#3903 =( NAMED_UNIT ( * ) SI_UNIT ( $, .STERADIAN. ) SOLID_ANGLE_UNIT ( ) );
#3904 = CARTESIAN_POINT ( 'NONE',  ( 2.068151699188583326, 3.729977029070299377, 69.20128596713321656 ) ) ;
#3905 = SURFACE_SIDE_STYLE ('',( #4896 ) ) ;
#3906 = ORIENTED_EDGE ( 'NONE', *, *, #1178, .T. ) ;
#3907 = CARTESIAN_POINT ( 'NONE',  ( 0.4077722444753289488, -0.5546468217140280155, 49.76203966666920309 ) ) ;
#3908 = EDGE_CURVE ( 'NONE', #6957, #4657, #7229, .T. ) ;
#3909 = CARTESIAN_POINT ( 'NONE',  ( 4.013949869229449519, -7.796875001706989217, -4.013949869229449519 ) ) ;
#3910 = CARTESIAN_POINT ( 'NONE',  ( -5.000000000000005329, -10.29687500000000355, 2.071067811865475949 ) ) ;
#3911 = CARTESIAN_POINT ( 'NONE',  ( -2.972750331675733992, 0.9444362600835356503, 50.19776031569296038 ) ) ;
#3912 = AXIS2_PLACEMENT_3D ( 'NONE', #411, #5791, #1207 ) ;
#3913 = FILL_AREA_STYLE_COLOUR ( '', #6588 ) ;
#3914 = CARTESIAN_POINT ( 'NONE',  ( -0.1283463678701317889, -0.6540591536661163330, 49.25009668313028044 ) ) ;
#3915 = SURFACE_STYLE_USAGE ( .BOTH. , #6411 ) ;
#3916 = DIRECTION ( 'NONE',  ( -0.9985305870323568644, 0.000000000000000000, 0.05419102103500995915 ) ) ;
#3917 = CARTESIAN_POINT ( 'NONE',  ( 3.429119929377254739, -2.095174554881430017E-16, 69.12742517714050905 ) ) ;
#3918 = CARTESIAN_POINT ( 'NONE',  ( -1.833896297450940072, -3.292968841687144987, 69.41305310557808639 ) ) ;
#3919 = CARTESIAN_POINT ( 'NONE',  ( -2.071067811859232499, -5.609375000000216716, -5.000000000006548539 ) ) ;
#3920 = CARTESIAN_POINT ( 'NONE',  ( 4.013949869229449519, -2.015625001706990105, 4.013949869229449519 ) ) ;
#3921 = CARTESIAN_POINT ( 'NONE',  ( -6.272604014101563763, 0.1065953381690179919, 5.135526346605761461 ) ) ;
#3922 = CARTESIAN_POINT ( 'NONE',  ( 4.898587196589409870E-15, 13.00000000000000000, 40.00000000000000000 ) ) ;
#3923 = VERTEX_POINT ( 'NONE', #7108 ) ;
#3924 = CIRCLE ( 'NONE', #3530, 8.000000000000000000 ) ;
#3925 = MECHANICAL_DESIGN_GEOMETRIC_PRESENTATION_REPRESENTATION (  '', ( #1900 ), #5688 ) ;
#3926 = FILL_AREA_STYLE_COLOUR ( '', #3061 ) ;
#3927 = CARTESIAN_POINT ( 'NONE',  ( 5.676582343749999815, -4.203125001706990105, 0.000000000000000000 ) ) ;
#3928 = CARTESIAN_POINT ( 'NONE',  ( -3.592493653138411958, -0.1879676866296087212, 50.75583288957935224 ) ) ;
#3929 = ORIENTED_EDGE ( 'NONE', *, *, #4323, .T. ) ;
#3930 = CARTESIAN_POINT ( 'NONE',  ( -2.624961485413058959, -2.458186879899640243, 71.95966375853602415 ) ) ;
#3931 = COLOUR_RGB ( '',0.5019607843137254832, 0.5019607843137254832, 0.000000000000000000 ) ;
#3932 = CARTESIAN_POINT ( 'NONE',  ( -3.535533905932739973, -4.281250003413985539, 3.535533905932735088 ) ) ;
#3933 = CARTESIAN_POINT ( 'NONE',  ( -1.042771259605471878E-15, -12.17187500170700076, 5.676582343749999815 ) ) ;
#3934 = CARTESIAN_POINT ( 'NONE',  ( -5.676582343750004256, -11.00000000170697945, 2.351317394708899666 ) ) ;
#3935 = ORIENTED_EDGE ( 'NONE', *, *, #5544, .F. ) ;
#3936 = CARTESIAN_POINT ( 'NONE',  ( 7.778558096827764778, 4.221796895161017638, -2.527074244883448451 ) ) ;
#3937 = CARTESIAN_POINT ( 'NONE',  ( -3.116675019642695332, 0.05907890369768250410, 50.09091363361490323 ) ) ;
#3938 = DIRECTION ( 'NONE',  ( 0.000000000000000000, 1.000000000000000000, 0.000000000000000000 ) ) ;
#3939 = CARTESIAN_POINT ( 'NONE',  ( -3.195297878503527311, -0.4188790204786246307, 61.47516481129869703 ) ) ;
#3940 = ORIENTED_EDGE ( 'NONE', *, *, #2760, .T. ) ;
#3941 = CARTESIAN_POINT ( 'NONE',  ( 0.1348927963958030662, -1.674013535863836610, 50.26946885762821893 ) ) ;
#3942 = CARTESIAN_POINT ( 'NONE',  ( -5.676582343750006032, -8.656250001706988328, -2.351317394708899666 ) ) ;
#3943 = SURFACE_STYLE_USAGE ( .BOTH. , #3424 ) ;
#3944 = MECHANICAL_DESIGN_GEOMETRIC_PRESENTATION_REPRESENTATION (  '', ( #5177 ), #6946 ) ;
#3945 = CARTESIAN_POINT ( 'NONE',  ( -2.404356962567984812, 0.8843137460392670457, 48.77216648560289514 ) ) ;
#3946 = CARTESIAN_POINT ( 'NONE',  ( -6.928203230275520319, 0.000000000000000000, 4.000000000000074607 ) ) ;
#3947 = CARTESIAN_POINT ( 'NONE',  ( 3.010579128930434490E-11, -12.56249999999885958, 5.000000000000000000 ) ) ;
#3948 = DIRECTION ( 'NONE',  ( 0.000000000000000000, 0.000000000000000000, 1.000000000000000000 ) ) ;
#3949 = CARTESIAN_POINT ( 'NONE',  ( -1.223605489214701914, -1.871081744991387907, 49.97627606961908953 ) ) ;
#3950 = STYLED_ITEM ( 'NONE', ( #7429 ), #1588 ) ;
#3951 = UNCERTAINTY_MEASURE_WITH_UNIT (LENGTH_MEASURE( 1.000000000000000082E-05 ), #4321, 'distance_accuracy_value', 'NONE');
#3952 = CARTESIAN_POINT ( 'NONE',  ( -9.184850993605149917E-16, -2.562500000000000000, 5.000000000000000000 ) ) ;
#3953 = FACE_OUTER_BOUND ( 'NONE', #5679, .T. ) ;
#3954 = AXIS2_PLACEMENT_3D ( 'NONE', #1543, #4636, #7043 ) ;
#3955 = CARTESIAN_POINT ( 'NONE',  ( -5.676582343750004256, -1.156250001706991215, 2.351317394708899666 ) ) ;
#3956 = CYLINDRICAL_SURFACE ( 'NONE', #1387, 6.000000000000000000 ) ;
#3957 = CARTESIAN_POINT ( 'NONE',  ( 14.64009665900598733, -1.339212430418932565, 0.000000000000000000 ) ) ;
#3958 = CARTESIAN_POINT ( 'NONE',  ( -6.928203230275520319, 0.000000000000000000, 4.000000000000074607 ) ) ;
#3959 = UNCERTAINTY_MEASURE_WITH_UNIT (LENGTH_MEASURE( 1.000000000000000082E-05 ), #3386, 'distance_accuracy_value', 'NONE');
#3960 = DIRECTION ( 'NONE',  ( 0.000000000000000000, 1.000000000000000000, 0.000000000000000000 ) ) ;
#3961 = MECHANICAL_DESIGN_GEOMETRIC_PRESENTATION_REPRESENTATION (  '', ( #534 ), #2292 ) ;
#3962 = CARTESIAN_POINT ( 'NONE',  ( 5.676582343750006032, -1.781250001706992325, 2.351317394708905439 ) ) ;
#3963 = CARTESIAN_POINT ( 'NONE',  ( 2.071067811865489716, -4.828125003413981098, -4.999999999999988454 ) ) ;
#3964 = ADVANCED_FACE ( 'NONE', ( #7736 ), #2947, .F. ) ;
#3965 = EDGE_CURVE ( 'NONE', #4540, #499, #2377, .T. ) ;
#3966 = CARTESIAN_POINT ( 'NONE',  ( 3.222393389021064980, -5.207606484715988056E-15, 61.62760757019080415 ) ) ;
#3967 = ORIENTED_EDGE ( 'NONE', *, *, #560, .T. ) ;
#3968 = COLOUR_RGB ( '',0.5019607843137254832, 0.5019607843137254832, 0.000000000000000000 ) ;
#3969 = CARTESIAN_POINT ( 'NONE',  ( -4.999999999999984901, -4.046875000000012434, 2.071067811865465291 ) ) ;
#3970 = CARTESIAN_POINT ( 'NONE',  ( -1.715205631258576613, -0.0001041989758578721649, -5.269908896783578101 ) ) ;
#3971 = CARTESIAN_POINT ( 'NONE',  ( 5.506528390943107532, 0.4897154120382047338, -6.462261525380771587 ) ) ;
#3972 = AXIS2_PLACEMENT_3D ( 'NONE', #4042, #1737, #3491 ) ;
#3973 = CARTESIAN_POINT ( 'NONE',  ( 2.071067811865475949, -6.078125003413989091, -5.000000000000005329 ) ) ;
#3974 = CARTESIAN_POINT ( 'NONE',  ( 3.475904198684909876E-16, -12.79687500170700076, -5.676582343749999815 ) ) ;
#3975 = CARTESIAN_POINT ( 'NONE',  ( -5.676582343749999815, -12.32812500170700076, -6.951808397369819752E-16 ) ) ;
#3976 = ORIENTED_EDGE ( 'NONE', *, *, #7585, .T. ) ;
#3977 = FILL_AREA_STYLE ('',( #4116 ) ) ;
#3978 = CARTESIAN_POINT ( 'NONE',  ( -1.257827565093625255, 4.301874696491807093, 8.000000307008635403 ) ) ;
#3979 = CARTESIAN_POINT ( 'NONE',  ( 2.555173765024544519, -1.966549503919732933, 61.16308230341898167 ) ) ;
#3980 = EDGE_LOOP ( 'NONE', ( #1466, #3976, #999, #6210 ) ) ;
#3981 = CARTESIAN_POINT ( 'NONE',  ( 0.9508052299190150602, 0.05462160021812580146, 50.75588569300359865 ) ) ;
#3982 = CARTESIAN_POINT ( 'NONE',  ( 2.351317394708899666, -5.687500001706991881, 5.676582343750006032 ) ) ;
#3983 = CARTESIAN_POINT ( 'NONE',  ( -2.903940987534854745, 1.054382636935743633, 50.18898531295941723 ) ) ;
#3984 = DIRECTION ( 'NONE',  ( 0.000000000000000000, 1.000000000000000000, 0.000000000000000000 ) ) ;
#3985 = CARTESIAN_POINT ( 'NONE',  ( 13.62500000000000000, 4.094551191870319911E-16, -43.65675217310153755 ) ) ;
#3986 = CARTESIAN_POINT ( 'NONE',  ( -4.999999999999984901, -7.796875000000011546, 2.071067811865465291 ) ) ;
#3987 = CARTESIAN_POINT ( 'NONE',  ( -1.010103793274496509, -1.340922180495535576, 49.37542583088481507 ) ) ;
#3988 =( NAMED_UNIT ( * ) PLANE_ANGLE_UNIT ( ) SI_UNIT ( $, .RADIAN. ) );
#3989 = CARTESIAN_POINT ( 'NONE',  ( 3.475904198684909876E-16, -1.546875001706990105, -5.676582343749999815 ) ) ;
#3990 = SURFACE_STYLE_FILL_AREA ( #5147 ) ;
#3991 = ADVANCED_FACE ( 'NONE', ( #6605 ), #1792, .F. ) ;
#3992 =( NAMED_UNIT ( * ) PLANE_ANGLE_UNIT ( ) SI_UNIT ( $, .RADIAN. ) );
#3993 = B_SPLINE_CURVE_WITH_KNOTS ( 'NONE', 3,
 ( #693, #5598, #734, #2520, #7390, #6732, #1337, #824, #3160, #5755, #7001, #2194, #336, #6895, #6931, #3394, #372, #6338, #975 ),
 .UNSPECIFIED., .F., .F.,
 ( 4, 2, 1, 2, 2, 2, 1, 1, 2, 2, 4 ),
 ( 0.000000000000000000, 0.1249999999999992784, 0.1874999999999988898, 0.2187499999999987232, 0.2499999999999985290, 0.3749999999999973910, 0.4374999999999969469, 0.4687499999999967248, 0.4843749999999967804, 0.4999999999999967804, 1.000000000000000000 ),
 .UNSPECIFIED. ) ;
#3994 = FACE_OUTER_BOUND ( 'NONE', #4666, .T. ) ;
#3995 = CARTESIAN_POINT ( 'NONE',  ( 2.351317394708899666, -4.437500001706991881, 5.676582343750006032 ) ) ;
#3996 = ORIENTED_EDGE ( 'NONE', *, *, #5977, .F. ) ;
#3997 = CARTESIAN_POINT ( 'NONE',  ( 0.000000000000000000, 0.000000000000000000, 5.000000000000000000 ) ) ;
#3998 = CARTESIAN_POINT ( 'NONE',  ( -1.080591367826154059, 0.0001092640104808643075, -5.396574242177046621 ) ) ;
#3999 = CARTESIAN_POINT ( 'NONE',  ( 4.810925128894911751, 1.045481331655988555, -7.667233245344033499 ) ) ;
#4000 =( NAMED_UNIT ( * ) SI_UNIT ( $, .STERADIAN. ) SOLID_ANGLE_UNIT ( ) );
#4001 = DIRECTION ( 'NONE',  ( 0.000000000000000000, 0.000000000000000000, 1.000000000000000000 ) ) ;
#4002 = VECTOR ( 'NONE', #4134, 1000.000000000000000 ) ;
#4003 = CARTESIAN_POINT ( 'NONE',  ( -1.042771259605471878E-15, -8.421875001706990105, 5.676582343749999815 ) ) ;
#4004 = CARTESIAN_POINT ( 'NONE',  ( 2.351317394708899666, -5.687500001706991881, 5.676582343750004256 ) ) ;
#4005 = ORIENTED_EDGE ( 'NONE', *, *, #5977, .T. ) ;
#4006 = CARTESIAN_POINT ( 'NONE',  ( 5.000000000000005329, -6.234375003413979321, -2.071067811865475949 ) ) ;
#4007 = CARTESIAN_POINT ( 'NONE',  ( -2.949895411963789460, 0.7649030132671540416, 50.07277121564189315 ) ) ;
#4008 = EDGE_LOOP ( 'NONE', ( #1767, #4856, #5890, #7147, #2775 ) ) ;
#4009 = CARTESIAN_POINT ( 'NONE',  ( -0.3579808658379380337, -2.057898706216319873, 51.00906303315660040 ) ) ;
#4010 = CARTESIAN_POINT ( 'NONE',  ( -4.013949869229449519, -6.234375001706990105, -4.013949869229449519 ) ) ;
#4011 = CARTESIAN_POINT ( 'NONE',  ( -5.000000000000005329, -11.70312499999998401, -2.071067811865475949 ) ) ;
#4012 = ADVANCED_FACE ( 'NONE', ( #5928 ), #566, .T. ) ;
#4013 = B_SPLINE_CURVE_WITH_KNOTS ( 'NONE', 3,
 ( #1220, #2323, #6584, #3644 ),
 .UNSPECIFIED., .F., .F.,
 ( 4, 4 ),
 ( 0.000000000000000000, 1.000000000000000000 ),
 .UNSPECIFIED. ) ;
#4014 = CARTESIAN_POINT ( 'NONE',  ( -1.856791102982665809, 1.267503005392082827, 49.49693221729279458 ) ) ;
#4015 = ORIENTED_EDGE ( 'NONE', *, *, #5746, .F. ) ;
#4016 = CARTESIAN_POINT ( 'NONE',  ( -0.5284877921114568000, -2.122915681874824045, 51.04150081005286665 ) ) ;
#4017 = CARTESIAN_POINT ( 'NONE',  ( 5.828561146005713844, 0.2965605767717027219, 5.904636385424943512 ) ) ;
#4018 = CARTESIAN_POINT ( 'NONE',  ( -2.246693820822796894, 4.499999999999997335, 61.42368334131536045 ) ) ;
#4019 = ORIENTED_EDGE ( 'NONE', *, *, #7547, .T. ) ;
#4020 = CARTESIAN_POINT ( 'NONE',  ( -0.4994085251982069984, -1.073772759356329987, 48.57852009440440355 ) ) ;
#4021 = DIRECTION ( 'NONE',  ( 0.000000000000000000, 0.000000000000000000, 1.000000000000000000 ) ) ;
#4022 = CARTESIAN_POINT ( 'NONE',  ( -2.426586040229573360, 0.3976340632409345877, 71.94889777093142413 ) ) ;
#4023 = CARTESIAN_POINT ( 'NONE',  ( -5.676582343750004256, -2.406250001706993213, 2.351317394708899666 ) ) ;
#4024 = AXIS2_PLACEMENT_3D ( 'NONE', #2002, #1883, #4304 ) ;
#4025 =( LENGTH_UNIT ( ) NAMED_UNIT ( * ) SI_UNIT ( .MILLI., .METRE. ) );
#4026 = CARTESIAN_POINT ( 'NONE',  ( -6.725531686296705836, 2.286988957586608758E-17, 4.351037411419704348 ) ) ;
#4027 = UNCERTAINTY_MEASURE_WITH_UNIT (LENGTH_MEASURE( 1.000000000000000082E-05 ), #5735, 'distance_accuracy_value', 'NONE');
#4028 = CARTESIAN_POINT ( 'NONE',  ( 5.676582343750006032, -3.031250001706988773, 2.351317394708905439 ) ) ;
#4029 = CARTESIAN_POINT ( 'NONE',  ( 4.999999999999994671, -5.140625003413979321, 2.071067811865475949 ) ) ;
#4030 = CARTESIAN_POINT ( 'NONE',  ( 3.276584410056075036, 1.773067283249504962E-15, 62.62613815722311017 ) ) ;
#4031 = VERTEX_POINT ( 'NONE', #6560 ) ;
#4032 = CARTESIAN_POINT ( 'NONE',  ( -5.089869755419101693, 0.7940974708868023813, -7.184081720825376216 ) ) ;
#4033 = CARTESIAN_POINT ( 'NONE',  ( -0.4272364710658274056, 2.446556380445108697E-05, -5.443306347867370221 ) ) ;
#4034 = PRODUCT_CONTEXT ( 'NONE', #2056, 'mechanical' ) ;
#4035 = CIRCLE ( 'NONE', #5920, 5.000000000000000000 ) ;
#4036 = CARTESIAN_POINT ( 'NONE',  ( 1.422351789899849228, 2.749999999999999112, 60.32057265776905552 ) ) ;
#4037 = CARTESIAN_POINT ( 'NONE',  ( -2.071067811865475949, -2.953125003413985095, 4.999999999999994671 ) ) ;
#4038 = CARTESIAN_POINT ( 'NONE',  ( -4.013949869229449519, -8.734375001706991881, -4.013949869229449519 ) ) ;
#4039 = STYLED_ITEM ( 'NONE', ( #3551 ), #5824 ) ;
#4040 = ORIENTED_EDGE ( 'NONE', *, *, #177, .F. ) ;
#4041 = CARTESIAN_POINT ( 'NONE',  ( -9.184850993605149917E-16, -6.312500000000000000, 5.000000000000000000 ) ) ;
#4042 = CARTESIAN_POINT ( 'NONE',  ( 15.00000000000000000, 4.094551191870319911E-16, 0.000000000000000000 ) ) ;
#4043 = ORIENTED_EDGE ( 'NONE', *, *, #1589, .T. ) ;
#4044 = CARTESIAN_POINT ( 'NONE',  ( -1.087008875247282624, -2.247367403386517637, 50.41252801333575206 ) ) ;
#4045 = CARTESIAN_POINT ( 'NONE',  ( 2.351317394708899666, -0.6875000017069912150, 5.676582343750006032 ) ) ;
#4046 = CARTESIAN_POINT ( 'NONE',  ( -3.535533905932735088, -11.78125000000000000, -3.535533905932739973 ) ) ;
#4047 = ADVANCED_FACE ( 'NONE', ( #1161 ), #3108, .T. ) ;
#4048 =( GEOMETRIC_REPRESENTATION_CONTEXT ( 3 ) GLOBAL_UNCERTAINTY_ASSIGNED_CONTEXT ( ( #3635 ) ) GLOBAL_UNIT_ASSIGNED_CONTEXT ( ( #5095, #2214, #3454 ) ) REPRESENTATION_CONTEXT ( 'NONE', 'WORKASPACE' ) );
#4049 = CARTESIAN_POINT ( 'NONE',  ( 5.000000000000005329, -13.42187499999999289, -2.071067811865475949 ) ) ;
#4050 = VERTEX_POINT ( 'NONE', #3145 ) ;
#4051 = CARTESIAN_POINT ( 'NONE',  ( -2.813780054474026127, -1.605768225067637944, 51.45940114110044306 ) ) ;
#4052 =( GEOMETRIC_REPRESENTATION_CONTEXT ( 3 ) GLOBAL_UNCERTAINTY_ASSIGNED_CONTEXT ( ( #221 ) ) GLOBAL_UNIT_ASSIGNED_CONTEXT ( ( #7037, #3988, #941 ) ) REPRESENTATION_CONTEXT ( 'NONE', 'WORKASPACE' ) );
#4053 = ORIENTED_EDGE ( 'NONE', *, *, #7004, .F. ) ;
#4054 = CARTESIAN_POINT ( 'NONE',  ( -2.704166277726879748E-14, 4.400000000000000355, -8.000000000000000000 ) ) ;
#4055 = CARTESIAN_POINT ( 'NONE',  ( 0.8425343012671538956, 4.499999999999997335, 50.08060228581866369 ) ) ;
#4056 = ORIENTED_EDGE ( 'NONE', *, *, #458, .T. ) ;
#4057 = CARTESIAN_POINT ( 'NONE',  ( -1.712167445720021774, -1.320460433576428283, 49.47593048159972540 ) ) ;
#4058 = CARTESIAN_POINT ( 'NONE',  ( -1.750000000000000000, 0.000000000000000000, 5.895761189193470031 ) ) ;
#4059 = CARTESIAN_POINT ( 'NONE',  ( 3.535533905932759957, -7.406250000000000000, 3.535533905932764842 ) ) ;
#4060 = PRESENTATION_STYLE_ASSIGNMENT (( #6020 ) ) ;
#4061 = CARTESIAN_POINT ( 'NONE',  ( 2.351317394708899666, -1.625000001706990771, -5.676582343750004256 ) ) ;
#4062 = CARTESIAN_POINT ( 'NONE',  ( -3.366976390857161494, -1.272042165331552566, 69.49625453843259493 ) ) ;
#4063 = CARTESIAN_POINT ( 'NONE',  ( -5.655110834651984497, 0.3952046512744580298, 6.205038213079705045 ) ) ;
#4064 =( GEOMETRIC_REPRESENTATION_CONTEXT ( 3 ) GLOBAL_UNCERTAINTY_ASSIGNED_CONTEXT ( ( #3329 ) ) GLOBAL_UNIT_ASSIGNED_CONTEXT ( ( #1296, #3601, #582 ) ) REPRESENTATION_CONTEXT ( 'NONE', 'WORKASPACE' ) );
#4065 =( GEOMETRIC_REPRESENTATION_CONTEXT ( 3 ) GLOBAL_UNCERTAINTY_ASSIGNED_CONTEXT ( ( #2436 ) ) GLOBAL_UNIT_ASSIGNED_CONTEXT ( ( #690, #7275, #5507 ) ) REPRESENTATION_CONTEXT ( 'NONE', 'WORKASPACE' ) );
#4066 = CARTESIAN_POINT ( 'NONE',  ( 5.676582343750006032, -2.875000001706992769, -2.351317394708899666 ) ) ;
#4067 = CARTESIAN_POINT ( 'NONE',  ( -3.535533905932739973, -6.781250003413980210, 3.535533905932735088 ) ) ;
#4068 = CARTESIAN_POINT ( 'NONE',  ( 4.013949869229449519, -12.95312500170700076, -4.013949869229449519 ) ) ;
#4069 = ORIENTED_EDGE ( 'NONE', *, *, #2201, .F. ) ;
#4070 = CARTESIAN_POINT ( 'NONE',  ( -5.474072451703129616, 0.5119910261862624656, -6.518579186294361172 ) ) ;
#4071 = ORIENTED_EDGE ( 'NONE', *, *, #7745, .F. ) ;
#4072 = PRESENTATION_STYLE_ASSIGNMENT (( #1289 ) ) ;
#4073 = DIRECTION ( 'NONE',  ( -0.5610922422241230167, 0.000000000000000000, 0.8277532819118910146 ) ) ;
#4074 = ADVANCED_FACE ( 'NONE', ( #718 ), #5658, .T. ) ;
#4075 = CARTESIAN_POINT ( 'NONE',  ( 1.372979557169495157, 2.749999999999999112, 61.22724089006335646 ) ) ;
#4076 = CIRCLE ( 'NONE', #3712, 7.649999999999999467 ) ;
#4077 = CARTESIAN_POINT ( 'NONE',  ( -4.013949869229449519, -9.671875001706990105, 4.013949869229449519 ) ) ;
#4078 = EDGE_CURVE ( 'NONE', #5765, #5258, #5473, .T. ) ;
#4079 = ORIENTED_EDGE ( 'NONE', *, *, #5333, .T. ) ;
#4080 = CARTESIAN_POINT ( 'NONE',  ( -0.6153050173982157478, 2.132086800437833940, 50.35518555639094984 ) ) ;
#4081 = FILL_AREA_STYLE ('',( #4654 ) ) ;
#4082 = DIRECTION ( 'NONE',  ( 0.05419102103501098611, 3.049698635436430871E-16, 0.9985305870323567534 ) ) ;
#4083 = VECTOR ( 'NONE', #2028, 1000.000000000000000 ) ;
#4084 = CARTESIAN_POINT ( 'NONE',  ( -2.073647257504072972, -2.150585363589736509, 50.54130311812772902 ) ) ;
#4085 = CARTESIAN_POINT ( 'NONE',  ( 5.676582343750006032, -2.875000001706992769, -2.351317394708899666 ) ) ;
#4086 = CARTESIAN_POINT ( 'NONE',  ( 5.000000000000000000, -6.000000000000000000, 0.000000000000000000 ) ) ;
#4087 = CARTESIAN_POINT ( 'NONE',  ( 2.071067811865475949, -13.26562500000000000, -5.000000000000005329 ) ) ;
#4088 = ORIENTED_EDGE ( 'NONE', *, *, #7549, .T. ) ;
#4089 = CARTESIAN_POINT ( 'NONE',  ( -0.3974331803124065421, -2.070403876490625628, 51.01653688165465894 ) ) ;
#4090 = ORIENTED_EDGE ( 'NONE', *, *, #6348, .F. ) ;
#4091 = CARTESIAN_POINT ( 'NONE',  ( 5.988165287180066798, 0.2174213678026601371, 5.628234616036765559 ) ) ;
#4092 = CARTESIAN_POINT ( 'NONE',  ( 1.094872126848235983, 2.313251877801709839E-16, 51.70227929224819974 ) ) ;
#4093 = ADVANCED_FACE ( 'NONE', ( #3263 ), #6718, .T. ) ;
#4094 = ORIENTED_EDGE ( 'NONE', *, *, #71, .F. ) ;
#4095 = FILL_AREA_STYLE_COLOUR ( '', #6075 ) ;
#4096 = UNCERTAINTY_MEASURE_WITH_UNIT (LENGTH_MEASURE( 1.000000000000000082E-05 ), #3732, 'distance_accuracy_value', 'NONE');
#4097 =( LENGTH_UNIT ( ) NAMED_UNIT ( * ) SI_UNIT ( .MILLI., .METRE. ) );
#4098 = FILL_AREA_STYLE ('',( #7199 ) ) ;
#4099 = EDGE_CURVE ( 'NONE', #5736, #6984, #108, .T. ) ;
#4100 = SURFACE_SIDE_STYLE ('',( #5378 ) ) ;
#4101 = FILL_AREA_STYLE ('',( #7201 ) ) ;
#4102 = CARTESIAN_POINT ( 'NONE',  ( -3.560594179849344787, 6.496190162766541038E-17, 69.50676232438560476 ) ) ;
#4103 = COLOUR_RGB ( '',1.000000000000000000, 1.000000000000000000, 0.000000000000000000 ) ;
#4104 = CARTESIAN_POINT ( 'NONE',  ( 1.694170161403937724, 0.1768332881170635862, 7.999965959956665706 ) ) ;
#4105 = CARTESIAN_POINT ( 'NONE',  ( 0.000000000000000000, 13.00000000000000000, 0.000000000000000000 ) ) ;
#4106 = ADVANCED_FACE ( 'NONE', ( #1322 ), #6798, .F. ) ;
#4107 = ORIENTED_EDGE ( 'NONE', *, *, #6062, .F. ) ;
#4108 = CARTESIAN_POINT ( 'NONE',  ( -6.053203230276950286, 0.1891696770789324800, -5.515544456620269820 ) ) ;
#4109 = ORIENTED_EDGE ( 'NONE', *, *, #2986, .T. ) ;
#4110 = ADVANCED_FACE ( 'NONE', ( #7644 ), #2216, .T. ) ;
#4111 = DIRECTION ( 'NONE',  ( -0.4836513592767289760, 0.000000000000000000, -0.8752607398197249644 ) ) ;
#4112 = CARTESIAN_POINT ( 'NONE',  ( 1.422351789899850116, 4.477253316603864784E-16, 60.32057265776909816 ) ) ;
#4113 = CARTESIAN_POINT ( 'NONE',  ( -1.885116071232632695, 4.181437386380585153, -8.000015534981120169 ) ) ;
#4114 = CARTESIAN_POINT ( 'NONE',  ( -1.042771259605471878E-15, -8.265625001706990105, 5.676582343749999815 ) ) ;
#4115 = VERTEX_POINT ( 'NONE', #324 ) ;
#4116 = FILL_AREA_STYLE_COLOUR ( '', #7582 ) ;
#4117 = CARTESIAN_POINT ( 'NONE',  ( -1.486146038402137437, 2.276068600827723998, 50.46296636488563792 ) ) ;
#4118 = CARTESIAN_POINT ( 'NONE',  ( 0.3992676519010935343, 0.007469376724236244554, -7.999986212842978617 ) ) ;
#4119 = CARTESIAN_POINT ( 'NONE',  ( -1.699999999999999956, -15.00000000000000000, -1.375000000000000000 ) ) ;
#4120 = CARTESIAN_POINT ( 'NONE',  ( -2.351317394708905439, -3.343750001706990993, 5.676582343750006032 ) ) ;
#4121 = CARTESIAN_POINT ( 'NONE',  ( -2.071067811865475949, -5.609375000000000888, -5.000000000000005329 ) ) ;
#4122 =( BOUNDED_CURVE ( )  B_SPLINE_CURVE ( 2, ( #1656, #1060, #4068, #3481, #5875, #1688, #6489, #5349, #7162, #1885, #4230, #3680, #658, #3044, #7750, #1215, #4144, #5427, #539, #2353, #6620, #6528, #7119, #4754, #3084, #4833, #4188, #1723, #6070, #1130, #2963, #3598, #5990, #5313, #2398, #5468, #1763, #3639, #3561, #4306, #6693, #57, #3007, #5945, #2441, #4719, #5904, #2480, #7785, #7208, #4870, #6574, #5388, #7279, #579, #7244, #1846, #4797, #4268, #1179, #6030, #1807, #616, #22, #6654, #1251, #1293, #496, #2918, #7708, #2315, #3883, #4385, #6263, #4345, #694, #6733, #1338, #2568, #3161, #1416, #5557, #145, #4958, #7477, #2003, #1460, #863, #825, #7359, #6814, #1927, #3240, #3756, #3842, #3795, #6182, #1962, #6107, #3719, #3277, #6770, #6140, #1376, #4427, #2610, #3120, #784, #4996, #5073, #7391, #3202, #2078, #6896, #5512, #5673, #264, #6225, #735, #5599, #188, #95, #2687, #5637, #225, #2521, #2647, #5034, #7432, #4491, #4914, #2041, #4458, #6854, #7321, #5833, #1646, #4023, #7553, #2729, #1054, #1536, #3395, #2806, #3472, #6932, #6379, #4061, #3989, #413, #5229, #5792, #2845, #3955, #4601, #2195, #5191, #1608, #976, #7591, #5756, #7002, #7627, #4676, #1496, #6449, #2154, #5869, #2111, #6297, #4528 ),
 .UNSPECIFIED., .F., .F. ) 
 B_SPLINE_CURVE_WITH_KNOTS ( ( 3, 2, 2, 2, 2, 2, 2, 2, 2, 2, 2, 2, 2, 2, 2, 2, 2, 2, 2, 2, 2, 2, 2, 2, 2, 2, 2, 2, 2, 2, 2, 2, 2, 2, 2, 2, 2, 2, 2, 2, 2, 2, 2, 2, 2, 2, 2, 2, 2, 2, 2, 2, 2, 2, 2, 2, 2, 2, 2, 2, 2, 2, 2, 2, 2, 2, 2, 2, 2, 2, 2, 2, 2, 2, 2, 2, 2, 2, 2, 2, 2, 2, 2, 2, 2, 3 ),
 ( 0.000000000000000000, 0.01201887056209469985, 0.02403774112418939971, 0.03605661168628410129, 0.04807548224837879941, 0.06009435281047349753, 0.07211322337256820258, 0.08413209393466289376, 0.09615096449675759882, 0.1081698350588522067, 0.1201887056209469951, 0.1322075761830416030, 0.1442264467451364052, 0.1562453173072309853, 0.1682641878693259818, 0.1802830584314205065, 0.1923019289935150034, 0.2043207995556099998, 0.2163396701177045245, 0.2283585406797994932, 0.2403774112418940179, 0.2523962818039889866, 0.2644151523660834835, 0.2764340229281779804, 0.2884528934902729769, 0.3004717640523674738, 0.3124906346144624703, 0.3245095051765569671, 0.3365283757386514640, 0.3485472463007464605, 0.3605661168628410129, 0.3725849874249359539, 0.3846038579870305063, 0.3966227285491255028, 0.4086415991112199997, 0.4206604696733144966, 0.4326793402354095486, 0.4446982107975039900, 0.4567170813595990420, 0.4687359519216929837, 0.4807548224837880357, 0.4927736930458830322, 0.5047925636079779732, 0.5168114341700719150, 0.5288303047321669670, 0.5408491752942619080, 0.5528680458563559608, 0.5648869164184510128, 0.5769057869805459537, 0.5889246575426400065, 0.6009435281047349475, 0.6129623986668299995, 0.6249812692289249405, 0.6370001397910189933, 0.6490190103531139343, 0.6610378809152089863, 0.6730567514773029281, 0.6850756220393980911, 0.6970944926014929210, 0.7091133631635870849, 0.7211322337256819148, 0.7331511042877770779, 0.7451699748498719078, 0.7571888454119660716, 0.7692077159740610126, 0.7812265865361559536, 0.7932454570982500064, 0.8052643276603449474, 0.8172831982224399994, 0.8293020687845339411, 0.8413209393466289931, 0.8533398099087239341, 0.8653586804708190972, 0.8773775510329130389, 0.8893964215950080909, 0.9014152921571030319, 0.9134341627191970847, 0.9254530332812920257, 0.9374719038433870777, 0.9494907744054810195, 0.9615096449675760715, 0.9735285155296710125, 0.9855473860917660645, 0.9975662566538600062, 0.9999999286663000531, 1.000000000000000000 ),
 .UNSPECIFIED. ) 
 CURVE ( )  GEOMETRIC_REPRESENTATION_ITEM ( )  RATIONAL_B_SPLINE_CURVE ( ( 1.000000000000000000, 0.9238795325112869605, 1.000000000000000000, 0.9238795325112869605, 1.000000000000000000, 0.9238795325112869605, 1.000000000000000000, 0.9238795325112869605, 1.000000000000000000, 0.9238795325112869605, 1.000000000000000000, 0.9238795325112869605, 1.000000000000000000, 0.9238795325112869605, 1.000000000000000000, 0.9238795325112869605, 1.000000000000000000, 0.9238795325112869605, 1.000000000000000000, 0.9238795325112869605, 1.000000000000000000, 0.9238795325112869605, 1.000000000000000000, 0.9238795325112869605, 1.000000000000000000, 0.9238795325112869605, 1.000000000000000000, 0.9238795325112869605, 1.000000000000000000, 0.9238795325112869605, 1.000000000000000000, 0.9238795325112869605, 1.000000000000000000, 0.9238795325112869605, 1.000000000000000000, 0.9238795325112869605, 1.000000000000000000, 0.9238795325112869605, 1.000000000000000000, 0.9238795325112869605, 1.000000000000000000, 0.9238795325112869605, 1.000000000000000000, 0.9238795325112869605, 1.000000000000000000, 0.9238795325112869605, 1.000000000000000000, 0.9238795325112869605, 1.000000000000000000, 0.9238795325112869605, 1.000000000000000000, 0.9238795325112869605, 1.000000000000000000, 0.9238795325112869605, 1.000000000000000000, 0.9238795325112869605, 1.000000000000000000, 0.9238795325112869605, 1.000000000000000000, 0.9238795325112869605, 1.000000000000000000, 0.9238795325112869605, 1.000000000000000000, 0.9238795325112869605, 1.000000000000000000, 0.9238795325112869605, 1.000000000000000000, 0.9238795325112869605, 1.000000000000000000, 0.9238795325112869605, 1.000000000000000000, 0.9238795325112869605, 1.000000000000000000, 0.9238795325112869605, 1.000000000000000000, 0.9238795325112869605, 1.000000000000000000, 0.9238795325112869605, 1.000000000000000000, 0.9238795325112869605, 1.000000000000000000, 0.9238795325112869605, 1.000000000000000000, 0.9238795325112869605, 1.000000000000000000, 0.9238795325112869605, 1.000000000000000000, 0.9238795325112869605, 1.000000000000000000, 0.9238795325112869605, 1.000000000000000000, 0.9238795325112869605, 1.000000000000000000, 0.9238795325112869605, 1.000000000000000000, 0.9238795325112869605, 1.000000000000000000, 0.9238795325112869605, 1.000000000000000000, 0.9238795325112869605, 1.000000000000000000, 0.9238795325112869605, 1.000000000000000000, 0.9238795325112869605, 1.000000000000000000, 0.9238795325112869605, 1.000000000000000000, 0.9238795325112869605, 1.000000000000000000, 0.9238795325112869605, 1.000000000000000000, 0.9238795325112869605, 1.000000000000000000, 0.9238795325112869605, 1.000000000000000000, 0.9238795325112869605, 1.000000000000000000, 0.9238795325112869605, 1.000000000000000000, 0.9238795325112869605, 1.000000000000000000, 0.9238795325112869605, 1.000000000000000000, 0.9238795325112869605, 1.000000000000000000, 0.9238795325112869605, 1.000000000000000000, 0.9238795325112869605, 1.000000000000000000, 0.9238795325112869605, 1.000000000000000000, 0.9238795325112869605, 1.000000000000000000, 0.9238795325112869605, 1.000000000000000000, 0.9238795325112869605, 1.000000000000000000, 0.9238795325112869605, 1.000000000000000000, 0.9238795325112869605, 1.000000000000000000, 0.9238795325112869605, 1.000000000000000000, 0.9238795325112869605, 1.000000000000000000, 0.9238795325112869605, 1.000000000000000000, 0.9238795325112869605, 1.000000000000000000, 0.9238795325112869605, 1.000000000000000000, 0.9238795325112869605, 1.000000000000000000, 0.9238795325112869605, 1.000000000000000000, 0.9238795325112869605, 1.000000000000000000, 0.9238795325112869605, 1.000000000000000000, 0.9238795325112869605, 1.000000000000000000, 0.9238795325112869605, 1.000000000000000000, 0.9238795325112869605, 1.000000000000000000, 0.9238795325112869605, 1.000000000000000000, 0.9845865507624839141, 0.9754151655909220064, 0.9754151655909220064, 0.9754151655909230056 ) ) 
 REPRESENTATION_ITEM ( '' )  );
#4123 = FILL_AREA_STYLE_COLOUR ( '', #6167 ) ;
#4124 = EDGE_LOOP ( 'NONE', ( #3368, #212, #2861, #811, #7024, #1203, #953, #3464, #6441, #6606, #7562, #3213, #2710, #6463, #6083, #7057, #7653, #2499, #5951, #2376, #4586, #6783, #1011, #5400, #2629 ) ) ;
#4125 = PRESENTATION_LAYER_ASSIGNMENT (  '', '', ( #6261 ) ) ;
#4126 = CARTESIAN_POINT ( 'NONE',  ( -0.2050152810280281845, -1.982184198925420970, 50.97990670235528654 ) ) ;
#4127 = CARTESIAN_POINT ( 'NONE',  ( -8.273011327572808327, 0.3899627251394616190, -1.670724049050897220 ) ) ;
#4128 = ORIENTED_EDGE ( 'NONE', *, *, #7641, .F. ) ;
#4129 =( LENGTH_UNIT ( ) NAMED_UNIT ( * ) SI_UNIT ( .MILLI., .METRE. ) );
#4130 = CARTESIAN_POINT ( 'NONE',  ( 16.37500000000000000, 0.1799870791119128621, 0.000000000000000000 ) ) ;
#4131 = EDGE_LOOP ( 'NONE', ( #2505, #121, #4554, #5809 ) ) ;
#4132 = EDGE_CURVE ( 'NONE', #2542, #5876, #5590, .T. ) ;
#4133 = CARTESIAN_POINT ( 'NONE',  ( 0.4907824915488937512, -0.07400914033222819044, 49.76115129954543903 ) ) ;
#4134 = DIRECTION ( 'NONE',  ( 0.000000000000000000, 1.000000000000000000, 0.000000000000000000 ) ) ;
#4135 = FILL_AREA_STYLE ('',( #2953 ) ) ;
#4136 = SURFACE_STYLE_USAGE ( .BOTH. , #487 ) ;
#4137 = CARTESIAN_POINT ( 'NONE',  ( -4.618802153516930353, 4.400000000000000355, 8.000000000000000000 ) ) ;
#4138 = PLANE ( 'NONE',  #1662 ) ;
#4139 = EDGE_CURVE ( 'NONE', #6472, #3140, #1628, .T. ) ;
#4140 = EDGE_CURVE ( 'NONE', #7762, #7029, #5217, .T. ) ;
#4141 = CARTESIAN_POINT ( 'NONE',  ( -2.684383650927904874, 1.725523678428431795, 51.43640423390026228 ) ) ;
#4142 = CARTESIAN_POINT ( 'NONE',  ( -9.184850993605149917E-16, -9.125000003413978433, 5.000000000000000000 ) ) ;
#4143 = CARTESIAN_POINT ( 'NONE',  ( 2.471312552573074139, 0.3729828890625289106, 7.999995952553772938 ) ) ;
#4144 = CARTESIAN_POINT ( 'NONE',  ( 5.676582343749999815, -11.85937500170700076, 0.000000000000000000 ) ) ;
#4145 = CARTESIAN_POINT ( 'NONE',  ( -5.676582343750006032, -3.656250001706994546, 2.351317394708899666 ) ) ;
#4146 = VERTEX_POINT ( 'NONE', #5963 ) ;
#4147 = CIRCLE ( 'NONE', #1740, 8.000000000000000000 ) ;
#4148 = CARTESIAN_POINT ( 'NONE',  ( 3.750651387404325021, 1.916336137257149999E-14, 69.10997541823309120 ) ) ;
#4149 = ORIENTED_EDGE ( 'NONE', *, *, #6392, .F. ) ;
#4150 = EDGE_CURVE ( 'NONE', #7613, #6558, #3054, .T. ) ;
#4151 = EDGE_CURVE ( 'NONE', #2651, #1082, #6046, .T. ) ;
#4152 = CARTESIAN_POINT ( 'NONE',  ( 7.130874774221626744, 1.863472483959458589E-17, 3.648962588636887272 ) ) ;
#4153 = CARTESIAN_POINT ( 'NONE',  ( -4.013949869229449519, -9.984375001706990105, -4.013949869229449519 ) ) ;
#4154 = CARTESIAN_POINT ( 'NONE',  ( -3.846964633908795062, 3.548314452770108929, -7.999999999999989342 ) ) ;
#4155 = CARTESIAN_POINT ( 'NONE',  ( 5.676582343750004256, -10.53125000170699721, 2.351317394708905439 ) ) ;
#4156 = EDGE_LOOP ( 'NONE', ( #5048, #1659 ) ) ;
#4157 = CARTESIAN_POINT ( 'NONE',  ( -2.412772564152195098, 1.430347285459375950, 50.01624162600050028 ) ) ;
#4158 = PRESENTATION_STYLE_ASSIGNMENT (( #2248 ) ) ;
#4159 = DIRECTION ( 'NONE',  ( -0.8089953515413180751, 0.000000000000000000, -0.5878150399441469665 ) ) ;
#4160 = MECHANICAL_DESIGN_GEOMETRIC_PRESENTATION_REPRESENTATION (  '', ( #2130 ), #7067 ) ;
#4161 =( GEOMETRIC_REPRESENTATION_CONTEXT ( 3 ) GLOBAL_UNCERTAINTY_ASSIGNED_CONTEXT ( ( #6937 ) ) GLOBAL_UNIT_ASSIGNED_CONTEXT ( ( #1799, #12, #4862 ) ) REPRESENTATION_CONTEXT ( 'NONE', 'WORKASPACE' ) );
#4162 = CARTESIAN_POINT ( 'NONE',  ( 2.351317394708899666, -3.187500001706989217, 5.676582343750006032 ) ) ;
#4163 = VECTOR ( 'NONE', #1573, 1000.000000000000000 ) ;
#4164 = CARTESIAN_POINT ( 'NONE',  ( 3.535533905932739973, -9.593750000000000000, -3.535533905932739973 ) ) ;
#4165 = B_SPLINE_CURVE_WITH_KNOTS ( 'NONE', 3,
 ( #4804, #5955, #7794, #4764, #7216, #4841, #1771, #6586, #6000, #2410, #2285, #7679, #7252, #1815, #4239, #6627, #1222, #4276, #6078, #3093, #4940 ),
 .UNSPECIFIED., .F., .F.,
 ( 4, 2, 2, 1, 1, 2, 2, 2, 1, 2, 2, 4 ),
 ( 0.000000000000000000, 0.2500000000000017764, 0.3750000000000030531, 0.4375000000000034417, 0.4687500000000034972, 0.4843750000000033862, 0.5000000000000032196, 0.6250000000000033307, 0.6875000000000035527, 0.7187500000000033307, 0.7500000000000031086, 1.000000000000000000 ),
 .UNSPECIFIED. ) ;
#4166 = FILL_AREA_STYLE ('',( #4123 ) ) ;
#4167 = EDGE_LOOP ( 'NONE', ( #3583, #1547, #5353, #1726 ) ) ;
#4168 = CARTESIAN_POINT ( 'NONE',  ( -2.487055366034515824, -1.379738678229421200, 50.02378891265491490 ) ) ;
#4169 = CARTESIAN_POINT ( 'NONE',  ( -0.6200510763082370813, -1.171309061533418738, 48.59089077232273723 ) ) ;
#4170 = ORIENTED_EDGE ( 'NONE', *, *, #4358, .T. ) ;
#4171 = CARTESIAN_POINT ( 'NONE',  ( 5.005655359746516986, 0.8507511008044157386, 7.329950591739462951 ) ) ;
#4172 = DIRECTION ( 'NONE',  ( 1.000000000000000000, 0.000000000000000000, 0.000000000000000000 ) ) ;
#4173 = ORIENTED_EDGE ( 'NONE', *, *, #1493, .F. ) ;
#4174 = VECTOR ( 'NONE', #1243, 1000.000000000000000 ) ;
#4175 = CARTESIAN_POINT ( 'NONE',  ( 3.535533905932779941, -12.40625000000000000, 3.535533905932779941 ) ) ;
#4176 = PRODUCT_DEFINITION_SHAPE ( 'NONE', 'NONE',  #7438 ) ;
#4177 = UNCERTAINTY_MEASURE_WITH_UNIT (LENGTH_MEASURE( 1.000000000000000082E-05 ), #6911, 'distance_accuracy_value', 'NONE');
#4178 = CARTESIAN_POINT ( 'NONE',  ( 13.14832545112461304, -2.749999999999999112, 3.530798685099243883 ) ) ;
#4179 = CARTESIAN_POINT ( 'NONE',  ( 0.1082452845104135836, 4.273669357247001699, 69.30765159190605118 ) ) ;
#4180 =( BOUNDED_CURVE ( )  B_SPLINE_CURVE ( 2, ( #6628, #6663, #3647, #3127, #5522, #6039, #107, #3572, #5437 ),
 .UNSPECIFIED., .F., .F. ) 
 B_SPLINE_CURVE_WITH_KNOTS ( ( 3, 2, 2, 2, 3 ),
 ( 0.1173465814390495937, 0.1212574289980420106, 0.1251682765570342193, 0.1290791241160264002, 0.1329899716750186089 ),
 .UNSPECIFIED. ) 
 CURVE ( )  GEOMETRIC_REPRESENTATION_ITEM ( )  RATIONAL_B_SPLINE_CURVE ( ( 1.000000000000000000, 0.9238795325112869605, 1.000000000000000000, 0.9238795325112869605, 1.000000000000000000, 0.9238795325112869605, 1.000000000000000000, 0.9238795325109939727, 1.000000000000291989 ) ) 
 REPRESENTATION_ITEM ( '' )  );
#4181 = DIRECTION ( 'NONE',  ( 0.000000000000000000, -1.000000000000000000, 0.000000000000000000 ) ) ;
#4182 = CARTESIAN_POINT ( 'NONE',  ( 7.425791769408983001, 0.06160928238920417022, -3.138410289008572107 ) ) ;
#4183 = CARTESIAN_POINT ( 'NONE',  ( 1.282763712114590060, 2.138809411257701846E-10, -5.194731155397880329 ) ) ;
#4184 = STYLED_ITEM ( 'NONE', ( #6209 ), #4074 ) ;
#4185 = UNCERTAINTY_MEASURE_WITH_UNIT (LENGTH_MEASURE( 1.000000000000000082E-05 ), #1913, 'distance_accuracy_value', 'NONE');
#4186 = DIRECTION ( 'NONE',  ( 0.000000000000000000, 0.000000000000000000, 1.000000000000000000 ) ) ;
#4187 = CARTESIAN_POINT ( 'NONE',  ( 1.548040796776462225, 0.1473924956024562083, 7.999975764962016456 ) ) ;
#4188 = CARTESIAN_POINT ( 'NONE',  ( -4.013949869229449519, -11.07812500170700076, 4.013949869229449519 ) ) ;
#4189 = DIRECTION ( 'NONE',  ( 0.000000000000000000, 1.000000000000000000, 0.000000000000000000 ) ) ;
#4190 = CARTESIAN_POINT ( 'NONE',  ( -5.676582343750006032, -7.562500001706990105, -2.351317394708899666 ) ) ;
#4191 = CARTESIAN_POINT ( 'NONE',  ( 1.750000000000000000, 0.000000000000000000, 5.895761189193470031 ) ) ;
#4192 = VERTEX_POINT ( 'NONE', #2936 ) ;
#4193 = ADVANCED_FACE ( 'NONE', ( #630 ), #472, .F. ) ;
#4194 = PRESENTATION_STYLE_ASSIGNMENT (( #3687 ) ) ;
#4195 = EDGE_CURVE ( 'NONE', #6874, #7300, #7258, .T. ) ;
#4196 = CARTESIAN_POINT ( 'NONE',  ( 4.013949869229449519, -11.54687500170700076, -4.013949869229449519 ) ) ;
#4197 = CARTESIAN_POINT ( 'NONE',  ( -0.6987099187404214318, 4.370122493103036021, -8.000040267793186999 ) ) ;
#4198 = PRESENTATION_STYLE_ASSIGNMENT (( #5956 ) ) ;
#4199 = COLOUR_RGB ( '',0.5019607843137254832, 0.5019607843137254832, 0.000000000000000000 ) ;
#4200 = CARTESIAN_POINT ( 'NONE',  ( -2.351317394708899666, -5.062500001706986552, -5.676582343750004256 ) ) ;
#4201 = ORIENTED_EDGE ( 'NONE', *, *, #2587, .F. ) ;
#4202 = CARTESIAN_POINT ( 'NONE',  ( -0.9989419044509706413, 0.06208919402020227074, 8.000117149997732824 ) ) ;
#4203 = CARTESIAN_POINT ( 'NONE',  ( -2.061046552168894763, 1.644972791372595111, 49.98072280909150322 ) ) ;
#4204 = CARTESIAN_POINT ( 'NONE',  ( 3.061616997868385113E-16, -13.18750000000000000, -5.000000000000000000 ) ) ;
#4205 = DIRECTION ( 'NONE',  ( 0.000000000000000000, -1.000000000000000000, 0.000000000000000000 ) ) ;
#4206 =( GEOMETRIC_REPRESENTATION_CONTEXT ( 3 ) GLOBAL_UNCERTAINTY_ASSIGNED_CONTEXT ( ( #6376 ) ) GLOBAL_UNIT_ASSIGNED_CONTEXT ( ( #7095, #2246, #7609 ) ) REPRESENTATION_CONTEXT ( 'NONE', 'WORKASPACE' ) );
#4207 = CARTESIAN_POINT ( 'NONE',  ( -5.676582343750006032, -2.406250001706992769, -2.351317394708899666 ) ) ;
#4208 = CARTESIAN_POINT ( 'NONE',  ( 3.535533905932739973, -5.843750000000000000, -3.535533905932739973 ) ) ;
#4209 = CARTESIAN_POINT ( 'NONE',  ( -1.527926128000718142, 2.796116442733629359, 62.88688263016371849 ) ) ;
#4210 = VERTEX_POINT ( 'NONE', #4696 ) ;
#4211 =( BOUNDED_CURVE ( )  B_SPLINE_CURVE ( 2, ( #1944, #6752, #1357, #7340, #574, #1316, #5533, #7298, #119 ),
 .UNSPECIFIED., .F., .F. ) 
 B_SPLINE_CURVE_WITH_KNOTS ( ( 3, 2, 2, 2, 3 ),
 ( 0.4772727272727270154, 0.4886363636363640350, 0.5000000000000000000, 0.5113636363636360205, 0.5227272727272730402 ),
 .UNSPECIFIED. ) 
 CURVE ( )  GEOMETRIC_REPRESENTATION_ITEM ( )  RATIONAL_B_SPLINE_CURVE ( ( 1.000000000000000000, 0.9238795325112859613, 1.000000000000000000, 0.9238795325112869605, 1.000000000000000000, 0.9238795325112869605, 1.000000000000000000, 0.9238795325112869605, 1.000000000000000000 ) ) 
 REPRESENTATION_ITEM ( '' )  );
#4212 = CARTESIAN_POINT ( 'NONE',  ( 0.3226338234957765727, -1.567338834364309097, 50.87823729239604376 ) ) ;
#4213 = CARTESIAN_POINT ( 'NONE',  ( -2.050510996905532846, -1.186574068275145333, 48.73773711035378398 ) ) ;
#4214 = ORIENTED_EDGE ( 'NONE', *, *, #7011, .T. ) ;
#4215 =( NAMED_UNIT ( * ) SI_UNIT ( $, .STERADIAN. ) SOLID_ANGLE_UNIT ( ) );
#4216 = DIRECTION ( 'NONE',  ( -0.000000000000000000, 1.000000000000000000, 0.000000000000000000 ) ) ;
#4217 = ORIENTED_EDGE ( 'NONE', *, *, #3658, .F. ) ;
#4218 = DIRECTION ( 'NONE',  ( 0.000000000000000000, 0.000000000000000000, -1.000000000000000000 ) ) ;
#4219 =( NAMED_UNIT ( * ) PLANE_ANGLE_UNIT ( ) SI_UNIT ( $, .RADIAN. ) );
#4220 = CARTESIAN_POINT ( 'NONE',  ( -0.5860592605226907503, 3.943345310657391245, 69.34533203223830355 ) ) ;
#4221 = FACE_OUTER_BOUND ( 'NONE', #1982, .T. ) ;
#4222 = LINE ( 'NONE', #6059, #5909 ) ;
#4223 = FACE_OUTER_BOUND ( 'NONE', #167, .T. ) ;
#4224 = CARTESIAN_POINT ( 'NONE',  ( 0.06450650701666260645, -4.603993403836609488, 69.31002532891719170 ) ) ;
#4225 = CARTESIAN_POINT ( 'NONE',  ( -2.550610423577404084, -1.044205033173585300E-10, -4.981783033478232703 ) ) ;
#4226 =( BOUNDED_CURVE ( )  B_SPLINE_CURVE ( 3, ( #7799, #671, #1819, #553 ),
 .UNSPECIFIED., .F., .F. ) 
 B_SPLINE_CURVE_WITH_KNOTS ( ( 4, 4 ),
 ( 0.000000000000000000, 1.000000000000000000 ),
 .UNSPECIFIED. ) 
 CURVE ( )  GEOMETRIC_REPRESENTATION_ITEM ( )  RATIONAL_B_SPLINE_CURVE ( ( 1.000000000000000000, 0.3333333333333335369, 0.3333333333333335369, 1.000000000000000000 ) ) 
 REPRESENTATION_ITEM ( '' )  );
#4227 = CARTESIAN_POINT ( 'NONE',  ( 0.1919131238840837139, 1.693724710219012941, 50.90353878284432909 ) ) ;
#4228 = PRESENTATION_STYLE_ASSIGNMENT (( #1844 ) ) ;
#4229 = CARTESIAN_POINT ( 'NONE',  ( -7.127013089016328351, 0.007411642994189975540, 3.655631602222223719 ) ) ;
#4230 = CARTESIAN_POINT ( 'NONE',  ( -4.013949869229449519, -12.32812500170700076, 4.013949869229449519 ) ) ;
#4231 = CARTESIAN_POINT ( 'NONE',  ( 3.535533905932739973, 0.09374999658601740338, -3.535533905932739973 ) ) ;
#4232 = CARTESIAN_POINT ( 'NONE',  ( 5.676582343749999815, -3.109375001706990105, 0.000000000000000000 ) ) ;
#4233 = SURFACE_STYLE_FILL_AREA ( #5392 ) ;
#4234 = STYLED_ITEM ( 'NONE', ( #34 ), #4193 ) ;
#4235 = CARTESIAN_POINT ( 'NONE',  ( -6.828613794854852870, 4.400000000000001243, 4.172493962045673577 ) ) ;
#4236 = ORIENTED_EDGE ( 'NONE', *, *, #4960, .T. ) ;
#4237 = EDGE_CURVE ( 'NONE', #5485, #994, #307, .T. ) ;
#4238 = CARTESIAN_POINT ( 'NONE',  ( 5.676582343750006032, -11.78125000170697767, 2.351317394708905439 ) ) ;
#4239 = CARTESIAN_POINT ( 'NONE',  ( 6.150871057649516693, 4.251354262871445577, 5.346330452059436134 ) ) ;
#4240 = DIRECTION ( 'NONE',  ( -0.05419102103501258205, -2.531900870405029808E-15, -0.9985305870323567534 ) ) ;
#4241 = COLOUR_RGB ( '',0.5019607843137254832, 0.5019607843137254832, 0.000000000000000000 ) ;
#4242 = CARTESIAN_POINT ( 'NONE',  ( -5.676582343750004256, -3.500000001706992769, 2.351317394708899666 ) ) ;
#4243 = ORIENTED_EDGE ( 'NONE', *, *, #684, .F. ) ;
#4244 = CARTESIAN_POINT ( 'NONE',  ( 2.464231160264267029, -3.462294470951473357, 69.17979043090686275 ) ) ;
#4245 = CARTESIAN_POINT ( 'NONE',  ( -0.3230622873835754527, 2.041644721822735153, 51.00241500044089804 ) ) ;
#4246 = CARTESIAN_POINT ( 'NONE',  ( -2.837890393955901480, 0.4879286716589374961, -7.999923091849490575 ) ) ;
#4247 = CARTESIAN_POINT ( 'NONE',  ( -3.535533905932735088, -12.09375000341399975, -3.535533905932739973 ) ) ;
#4248 = CARTESIAN_POINT ( 'NONE',  ( -4.329861874180077841, 0.03046930439492443257, -3.698037864278827858 ) ) ;
#4249 = CARTESIAN_POINT ( 'NONE',  ( -9.184850993605149917E-16, -8.812500000000000000, 5.000000000000000000 ) ) ;
#4250 = CARTESIAN_POINT ( 'NONE',  ( -2.351317394708899666, -11.46875000170699543, -5.676582343750006032 ) ) ;
#4251 = VERTEX_POINT ( 'NONE', #4119 ) ;
#4252 = SURFACE_STYLE_FILL_AREA ( #2422 ) ;
#4253 = DIRECTION ( 'NONE',  ( 0.000000000000000000, -1.000000000000000000, 0.000000000000000000 ) ) ;
#4254 = CARTESIAN_POINT ( 'NONE',  ( 14.82001292088808242, 1.375000000000000666, 0.000000000000000000 ) ) ;
#4255 = VERTEX_POINT ( 'NONE', #6504 ) ;
#4256 = CARTESIAN_POINT ( 'NONE',  ( 5.000000000000060396, -12.17187499999998046, -2.071067811865503483 ) ) ;
#4257 = FILL_AREA_STYLE ('',( #1713 ) ) ;
#4258 = FACE_OUTER_BOUND ( 'NONE', #2492, .T. ) ;
#4259 =( NAMED_UNIT ( * ) SI_UNIT ( $, .STERADIAN. ) SOLID_ANGLE_UNIT ( ) );
#4260 =( LENGTH_UNIT ( ) NAMED_UNIT ( * ) SI_UNIT ( .MILLI., .METRE. ) );
#4261 = CARTESIAN_POINT ( 'NONE',  ( 0.1863791675811521664, 1.036646851752177190, 49.79942638199943161 ) ) ;
#4262 = CARTESIAN_POINT ( 'NONE',  ( 1.648142251293245097, 3.015263087302603482E-16, 55.62065117073948528 ) ) ;
#4263 = CARTESIAN_POINT ( 'NONE',  ( -4.618802153516930353, 3.162395692965989991, 8.000000000000000000 ) ) ;
#4264 = CARTESIAN_POINT ( 'NONE',  ( -4.618802153517040487, 3.162395692965989991, -8.000000000000000000 ) ) ;
#4265 = CARTESIAN_POINT ( 'NONE',  ( 0.4051048787590738054, 1.477912037527368661, 50.86247615201509120 ) ) ;
#4266 =( NAMED_UNIT ( * ) PLANE_ANGLE_UNIT ( ) SI_UNIT ( $, .RADIAN. ) );
#4267 = CARTESIAN_POINT ( 'NONE',  ( 9.237604307034001039, 4.400000000000000355, 0.000000000000000000 ) ) ;
#4268 = CARTESIAN_POINT ( 'NONE',  ( -4.013949869229449519, -8.578125001706991881, 4.013949869229449519 ) ) ;
#4269 = CARTESIAN_POINT ( 'NONE',  ( -2.071067811865475949, -2.171875003413983318, -5.000000000000005329 ) ) ;
#4270 = CARTESIAN_POINT ( 'NONE',  ( 2.351317394708899666, -5.843750001706994546, 5.676582343750006032 ) ) ;
#4271 = CARTESIAN_POINT ( 'NONE',  ( 2.351317394708899666, -7.875000001706991881, -5.676582343750006032 ) ) ;
#4272 = B_SPLINE_CURVE_WITH_KNOTS ( 'NONE', 3,
 ( #3512, #7749, #615, #2314, #1762, #3559, #6029, #3480, #4143, #2352, #2881, #5874, #3042, #4104, #4187, #4718, #4796, #5903, #7118, #5426, #20 ),
 .UNSPECIFIED., .F., .F.,
 ( 4, 2, 2, 1, 1, 2, 2, 2, 1, 2, 2, 4 ),
 ( 0.000000000000000000, 0.2500000000000013878, 0.3750000000000022204, 0.4375000000000026090, 0.4687500000000028311, 0.4843750000000027756, 0.5000000000000027756, 0.6250000000000017764, 0.6875000000000013323, 0.7187500000000012212, 0.7500000000000009992, 1.000000000000000000 ),
 .UNSPECIFIED. ) ;
#4273 = PRESENTATION_STYLE_ASSIGNMENT (( #583 ) ) ;
#4274 = DIRECTION ( 'NONE',  ( 0.000000000000000000, 0.000000000000000000, 1.000000000000000000 ) ) ;
#4275 = CARTESIAN_POINT ( 'NONE',  ( 4.013949869229449519, -11.85937500170700076, 4.013949869229449519 ) ) ;
#4276 = CARTESIAN_POINT ( 'NONE',  ( 6.295876729220352352, 4.300813317931598156, 5.095222241778270877 ) ) ;
#4277 = STYLED_ITEM ( 'NONE', ( #4985 ), #2741 ) ;
#4278 = CARTESIAN_POINT ( 'NONE',  ( 4.013949869229449519, -1.859375001706989883, 4.013949869229449519 ) ) ;
#4279 = VERTEX_POINT ( 'NONE', #514 ) ;
#4280 = CARTESIAN_POINT ( 'NONE',  ( -2.327765748950048064, 0.3317424661768514360, 8.000000085515940995 ) ) ;
#4281 = FACE_BOUND ( 'NONE', #1423, .T. ) ;
#4282 = CARTESIAN_POINT ( 'NONE',  ( -1.304636953236521846, 0.1055372985416809517, -7.999997593145675268 ) ) ;
#4283 = CARTESIAN_POINT ( 'NONE',  ( -5.000000000000005329, -11.85937500341397133, 2.071067811865475949 ) ) ;
#4284 = CARTESIAN_POINT ( 'NONE',  ( -2.071067811865475949, -12.17187500341397310, -5.000000000000005329 ) ) ;
#4285 = CARTESIAN_POINT ( 'NONE',  ( -2.071067811865475949, -4.359374999999999112, -5.000000000000005329 ) ) ;
#4286 = CARTESIAN_POINT ( 'NONE',  ( -5.676582343749999815, -11.23437500170700076, -6.951808397369819752E-16 ) ) ;
#4287 = ORIENTED_EDGE ( 'NONE', *, *, #4132, .T. ) ;
#4288 = DIRECTION ( 'NONE',  ( 0.000000000000000000, 0.000000000000000000, 1.000000000000000000 ) ) ;
#4289 = DIRECTION ( 'NONE',  ( 0.000000000000000000, 0.000000000000000000, -1.000000000000000000 ) ) ;
#4290 = PRESENTATION_LAYER_ASSIGNMENT (  '', '', ( #1386 ) ) ;
#4291 = EDGE_LOOP ( 'NONE', ( #1616, #2852, #4170, #2856 ) ) ;
#4292 = DIRECTION ( 'NONE',  ( 5.627682551812640154E-15, -1.000000000000000000, 0.000000000000000000 ) ) ;
#4293 = CARTESIAN_POINT ( 'NONE',  ( -1.783321218345359060, -2.749999999999999112, 41.42082527964297611 ) ) ;
#4294 = ADVANCED_FACE ( 'NONE', ( #4733, #5328 ), #7723, .F. ) ;
#4295 = CARTESIAN_POINT ( 'NONE',  ( 5.676582343750006032, -11.78125000170697767, 2.351317394708905439 ) ) ;
#4296 = CARTESIAN_POINT ( 'NONE',  ( 2.071067811865481278, -7.328125003413980210, -4.999999999999994671 ) ) ;
#4297 = FACE_OUTER_BOUND ( 'NONE', #4692, .T. ) ;
#4298 = COLOUR_RGB ( '',1.000000000000000000, 1.000000000000000000, 0.000000000000000000 ) ;
#4299 = CARTESIAN_POINT ( 'NONE',  ( 5.000000000000000000, -0.06250000341398269377, 0.000000000000000000 ) ) ;
#4300 = CARTESIAN_POINT ( 'NONE',  ( 13.62500000000000000, 3.533254742261115176E-16, 0.000000000000000000 ) ) ;
#4301 = COLOUR_RGB ( '',1.000000000000000000, 1.000000000000000000, 0.000000000000000000 ) ;
#4302 = CARTESIAN_POINT ( 'NONE',  ( 0.2394607526235569550, 1.650313320499578351, 50.89435897365578398 ) ) ;
#4303 = CARTESIAN_POINT ( 'NONE',  ( -3.535533905932739973, -0.5312500034139829852, 3.535533905932735088 ) ) ;
#4304 = DIRECTION ( 'NONE',  ( 0.000000000000000000, -1.000000000000000000, 0.000000000000000000 ) ) ;
#4305 = MECHANICAL_DESIGN_GEOMETRIC_PRESENTATION_REPRESENTATION (  '', ( #3803 ), #1649 ) ;
#4306 = CARTESIAN_POINT ( 'NONE',  ( -5.676582343750004256, -10.06250000170699366, -2.351317394708899666 ) ) ;
#4307 =( NAMED_UNIT ( * ) PLANE_ANGLE_UNIT ( ) SI_UNIT ( $, .RADIAN. ) );
#4308 = CARTESIAN_POINT ( 'NONE',  ( -5.676582343749999815, -6.234375001706990105, -6.951808397369819752E-16 ) ) ;
#4309 = CARTESIAN_POINT ( 'NONE',  ( -5.676582343749999815, -4.984375001706990105, -6.951808397369819752E-16 ) ) ;
#4310 = CARTESIAN_POINT ( 'NONE',  ( -5.000000000000026645, -6.703124999999977796, -2.071067811865487052 ) ) ;
#4311 = STYLED_ITEM ( 'NONE', ( #1280 ), #4047 ) ;
#4312 = CARTESIAN_POINT ( 'NONE',  ( -5.791599090819472551, 4.083334932417323593, 5.968656430524732492 ) ) ;
#4313 = ITEM_DEFINED_TRANSFORMATION ( 'NONE', 'NONE', #2707,  #668 ) ;
#4314 = CARTESIAN_POINT ( 'NONE',  ( -2.351317394708905439, -8.343750001706986552, 5.676582343750006032 ) ) ;
#4315 =( NAMED_UNIT ( * ) SI_UNIT ( $, .STERADIAN. ) SOLID_ANGLE_UNIT ( ) );
#4316 = CARTESIAN_POINT ( 'NONE',  ( -4.013949869229449519, -0.9218750017069909930, 4.013949869229449519 ) ) ;
#4317 = PRESENTATION_LAYER_ASSIGNMENT (  '', '', ( #2924 ) ) ;
#4318 = ORIENTED_EDGE ( 'NONE', *, *, #2091, .T. ) ;
#4319 = ADVANCED_FACE ( 'NONE', ( #1354 ), #5011, .F. ) ;
#4320 = LINE ( 'NONE', #4847, #3685 ) ;
#4321 =( LENGTH_UNIT ( ) NAMED_UNIT ( * ) SI_UNIT ( .MILLI., .METRE. ) );
#4322 = CARTESIAN_POINT ( 'NONE',  ( 3.535533905932739973, -8.656250003413980210, -3.535533905932739973 ) ) ;
#4323 = EDGE_CURVE ( 'NONE', #484, #5292, #3134, .T. ) ;
#4324 = CARTESIAN_POINT ( 'NONE',  ( 3.535533905932739973, -4.593750000000000000, -3.535533905932739973 ) ) ;
#4325 = CARTESIAN_POINT ( 'NONE',  ( 2.351317394708899666, -9.593750001706986552, 5.676582343750006032 ) ) ;
#4326 = EDGE_LOOP ( 'NONE', ( #6499, #2904 ) ) ;
#4327 = CYLINDRICAL_SURFACE ( 'NONE', #1672, 5.000000000000000000 ) ;
#4328 = CARTESIAN_POINT ( 'NONE',  ( -0.2543090641624580761, 0.8307140075291683523, 48.55186131112191106 ) ) ;
#4329 = DIRECTION ( 'NONE',  ( 0.000000000000000000, 1.000000000000000000, 0.000000000000000000 ) ) ;
#4330 = ORIENTED_EDGE ( 'NONE', *, *, #684, .T. ) ;
#4331 = COLOUR_RGB ( '',0.5019607843137254832, 0.5019607843137254832, 0.000000000000000000 ) ;
#4332 = CARTESIAN_POINT ( 'NONE',  ( -6.928203230275469693, 4.400000000000000355, 4.000000000000050626 ) ) ;
#4333 = FILL_AREA_STYLE_COLOUR ( '', #6813 ) ;
#4334 = CARTESIAN_POINT ( 'NONE',  ( -4.013949869229449519, -10.92187500170700076, 4.013949869229449519 ) ) ;
#4335 = CARTESIAN_POINT ( 'NONE',  ( -3.609291881497393994, -0.4472798115921322037, 69.50940518601507279 ) ) ;
#4336 = CARTESIAN_POINT ( 'NONE',  ( 0.009688506401138011204, 0.03388798989988770632, 48.52217148159910209 ) ) ;
#4337 = PRESENTATION_LAYER_ASSIGNMENT (  '', '', ( #7590 ) ) ;
#4338 = DIRECTION ( 'NONE',  ( 0.000000000000000000, 1.000000000000000000, 0.000000000000000000 ) ) ;
#4339 = CARTESIAN_POINT ( 'NONE',  ( 3.953425247571594081, -7.137271594284754861E-05, -3.271663912386190809 ) ) ;
#4340 = CARTESIAN_POINT ( 'NONE',  ( -5.000000000000000000, -9.437500003413978433, -6.123233995736771213E-16 ) ) ;
#4341 = EDGE_CURVE ( 'NONE', #5857, #7674, #2495, .T. ) ;
#4342 = UNCERTAINTY_MEASURE_WITH_UNIT (LENGTH_MEASURE( 1.000000000000000082E-05 ), #3030, 'distance_accuracy_value', 'NONE');
#4343 =( GEOMETRIC_REPRESENTATION_CONTEXT ( 3 ) GLOBAL_UNCERTAINTY_ASSIGNED_CONTEXT ( ( #4177 ) ) GLOBAL_UNIT_ASSIGNED_CONTEXT ( ( #6911, #3178, #2128 ) ) REPRESENTATION_CONTEXT ( 'NONE', 'WORKASPACE' ) );
#4344 = FILL_AREA_STYLE_COLOUR ( '', #5827 ) ;
#4345 = CARTESIAN_POINT ( 'NONE',  ( -4.013949869229449519, -7.328125001706989217, 4.013949869229449519 ) ) ;
#4346 = CARTESIAN_POINT ( 'NONE',  ( 15.84500173996550920, 1.099541908297496429, -65.48512825965229922 ) ) ;
#4347 = CARTESIAN_POINT ( 'NONE',  ( 2.351317394708899666, -4.593750001706991881, 5.676582343750006032 ) ) ;
#4348 = CARTESIAN_POINT ( 'NONE',  ( 6.123233995736771213E-16, -13.50000000000000000, -5.000000000000000000 ) ) ;
#4349 = CARTESIAN_POINT ( 'NONE',  ( -9.184850993605149917E-16, -4.125000003413985539, 5.000000000000000000 ) ) ;
#4350 = FACE_OUTER_BOUND ( 'NONE', #6580, .T. ) ;
#4351 = DIRECTION ( 'NONE',  ( -8.881784197001250351E-16, 0.000000000000000000, 1.000000000000000000 ) ) ;
#4352 = CARTESIAN_POINT ( 'NONE',  ( 4.013949869229449519, -6.546875001706989217, -4.013949869229449519 ) ) ;
#4353 = CARTESIAN_POINT ( 'NONE',  ( 13.14832545112461837, 6.161142665431478987E-16, 3.530798685099244771 ) ) ;
#4354 = ADVANCED_FACE ( 'NONE', ( #7372 ), #2663, .T. ) ;
#4355 = CARTESIAN_POINT ( 'NONE',  ( -3.052442973377699875, -0.4834034335754089917, 50.08389451236559609 ) ) ;
#4356 = PRESENTATION_LAYER_ASSIGNMENT (  '', '', ( #3101 ) ) ;
#4357 = CARTESIAN_POINT ( 'NONE',  ( 2.351317394708899666, -5.218750001706989217, -5.676582343750004256 ) ) ;
#4358 = EDGE_CURVE ( 'NONE', #290, #4279, #7450, .T. ) ;
#4359 = ORIENTED_EDGE ( 'NONE', *, *, #1267, .F. ) ;
#4360 = CARTESIAN_POINT ( 'NONE',  ( 3.023580509089053514, -3.198667369592722132, 71.65311305090978067 ) ) ;
#4361 = CARTESIAN_POINT ( 'NONE',  ( 4.999999999999984901, -3.421875000000010658, -2.071067811865465291 ) ) ;
#4362 = CARTESIAN_POINT ( 'NONE',  ( -2.471312552574153276, 0.3729828890631545213, -7.999995952554095346 ) ) ;
#4363 = PRESENTATION_STYLE_ASSIGNMENT (( #2538 ) ) ;
#4364 = COLOUR_RGB ( '',1.000000000000000000, 1.000000000000000000, 0.000000000000000000 ) ;
#4365 = CARTESIAN_POINT ( 'NONE',  ( -9.184850993605149917E-16, -11.62500000341399975, 5.000000000000000000 ) ) ;
#4366 = CARTESIAN_POINT ( 'NONE',  ( 2.071067811865475949, -3.734374999999998668, 4.999999999999994671 ) ) ;
#4367 = SURFACE_STYLE_FILL_AREA ( #1904 ) ;
#4368 = CARTESIAN_POINT ( 'NONE',  ( -2.351317394708905439, -11.00000000170697945, 5.676582343750006032 ) ) ;
#4369 = ORIENTED_EDGE ( 'NONE', *, *, #1288, .F. ) ;
#4370 = CARTESIAN_POINT ( 'NONE',  ( 9.237604307034001039, 3.162395692965989991, -2.348089655196865167E-17 ) ) ;
#4371 = CARTESIAN_POINT ( 'NONE',  ( -0.3854663840568517408, 0.9659718067090455884, 48.56615463223647566 ) ) ;
#4372 = CYLINDRICAL_SURFACE ( 'NONE', #3076, 5.000000000000000000 ) ;
#4373 = ORIENTED_EDGE ( 'NONE', *, *, #7126, .T. ) ;
#4374 = CARTESIAN_POINT ( 'NONE',  ( -8.022847935046995005, 4.108000118592111782, 2.104017485188365288 ) ) ;
#4375 = CARTESIAN_POINT ( 'NONE',  ( 0.7660046638992290546, 4.477253316603870700E-16, 42.31832445289810352 ) ) ;
#4376 = CARTESIAN_POINT ( 'NONE',  ( 4.013949869229449519, -10.29687500170700076, -4.013949869229449519 ) ) ;
#4377 = CARTESIAN_POINT ( 'NONE',  ( 0.000000000000000000, -13.50000000000000000, 0.000000000000000000 ) ) ;
#4378 = CARTESIAN_POINT ( 'NONE',  ( -1.434197683380040722, 1.875204912183882966, 50.00284211939010959 ) ) ;
#4379 = DIRECTION ( 'NONE',  ( 0.000000000000000000, -1.000000000000000000, 0.000000000000000000 ) ) ;
#4380 = CARTESIAN_POINT ( 'NONE',  ( -5.000000000000000000, -1.937500003413985095, -6.123233995736771213E-16 ) ) ;
#4381 = CARTESIAN_POINT ( 'NONE',  ( -2.419750646812880213, -0.8655786396231710533, 48.77369167432549801 ) ) ;
#4382 = CARTESIAN_POINT ( 'NONE',  ( 2.521302828248970229, 4.477253316603864784E-16, 39.96228081579404545 ) ) ;
#4383 = SURFACE_STYLE_FILL_AREA ( #822 ) ;
#4384 = CARTESIAN_POINT ( 'NONE',  ( 0.000000000000000000, 4.400000000000000355, 0.000000000000000000 ) ) ;
#4385 = CARTESIAN_POINT ( 'NONE',  ( -5.676582343749999815, -7.484375001706989217, -6.951808397369819752E-16 ) ) ;
#4386 = PRESENTATION_STYLE_ASSIGNMENT (( #785 ) ) ;
#4387 = CARTESIAN_POINT ( 'NONE',  ( -2.351317394708905439, -2.250000001706990549, 5.676582343750006032 ) ) ;
#4388 = ADVANCED_FACE ( 'NONE', ( #5612 ), #2055, .F. ) ;
#4389 = CARTESIAN_POINT ( 'NONE',  ( -4.592467124795817313, -0.1101570564130708169, -3.336589997743788061 ) ) ;
#4390 = CARTESIAN_POINT ( 'NONE',  ( 4.618802153517090225, 3.162395692965989991, 8.000000000000000000 ) ) ;
#4391 = CARTESIAN_POINT ( 'NONE',  ( 6.928203230275570057, 0.000000000000000000, 4.000000000000000000 ) ) ;
#4392 = CARTESIAN_POINT ( 'NONE',  ( -3.547788271286824724, 0.3200524223806355262, 69.50606733790310443 ) ) ;
#4393 = CARTESIAN_POINT ( 'NONE',  ( 2.351317394708899666, -7.718750001706990105, -5.676582343750006032 ) ) ;
#4394 = DIRECTION ( 'NONE',  ( 0.000000000000000000, 0.000000000000000000, -1.000000000000000000 ) ) ;
#4395 = CARTESIAN_POINT ( 'NONE',  ( -2.579745053240995123, -1.282987287147835831, 50.03352424284589972 ) ) ;
#4396 = EDGE_LOOP ( 'NONE', ( #6041, #5701, #354, #4897, #2178, #4359, #2985 ) ) ;
#4397 = EDGE_CURVE ( 'NONE', #7535, #1630, #5482, .T. ) ;
#4398 = PLANE ( 'NONE',  #2145 ) ;
#4399 = ADVANCED_FACE ( 'NONE', ( #3622 ), #5411, .T. ) ;
#4400 =( NAMED_UNIT ( * ) SI_UNIT ( $, .STERADIAN. ) SOLID_ANGLE_UNIT ( ) );
#4401 = AXIS2_PLACEMENT_3D ( 'NONE', #7596, #5797, #7634 ) ;
#4402 = CARTESIAN_POINT ( 'NONE',  ( 5.000000000000000000, -8.812500003413978433, 0.000000000000000000 ) ) ;
#4403 = CARTESIAN_POINT ( 'NONE',  ( 5.000000000000005329, -0.9218749999999992228, -2.071067811865475949 ) ) ;
#4404 = CARTESIAN_POINT ( 'NONE',  ( -5.676582343749999815, -11.07812500170700076, -6.951808397369819752E-16 ) ) ;
#4405 = CARTESIAN_POINT ( 'NONE',  ( 5.676582343750006032, -6.937500001706994546, 2.351317394708905439 ) ) ;
#4406 = ORIENTED_EDGE ( 'NONE', *, *, #1967, .F. ) ;
#4407 = EDGE_LOOP ( 'NONE', ( #2970, #5659, #1667 ) ) ;
#4408 = SURFACE_STYLE_FILL_AREA ( #322 ) ;
#4409 = CARTESIAN_POINT ( 'NONE',  ( -1.759326023161763120, 1.317533044306262724, 48.70883637831194335 ) ) ;
#4410 = CARTESIAN_POINT ( 'NONE',  ( -1.986881643661322805, 4.159193745342498971, 7.999965634880821241 ) ) ;
#4411 = ORIENTED_EDGE ( 'NONE', *, *, #4078, .T. ) ;
#4412 = CARTESIAN_POINT ( 'NONE',  ( -8.349746842355999732, 3.910284587957118863, 1.537662710520330434 ) ) ;
#4413 = CARTESIAN_POINT ( 'NONE',  ( 0.000000000000000000, -13.50000000000000000, -3.250000000000000000 ) ) ;
#4414 = CARTESIAN_POINT ( 'NONE',  ( 2.351317394708899666, -11.93750000170698833, 5.676582343750006032 ) ) ;
#4415 = CARTESIAN_POINT ( 'NONE',  ( 4.999999999999973355, -0.9218750000000166533, -2.071067811865465291 ) ) ;
#4416 = CARTESIAN_POINT ( 'NONE',  ( -0.6251042919603300163, 1.164517798829344031, 48.59198406926299896 ) ) ;
#4417 = CARTESIAN_POINT ( 'NONE',  ( -3.470275811457655735, 2.155850635997964344E-14, 71.17097996943950022 ) ) ;
#4418 = CARTESIAN_POINT ( 'NONE',  ( 3.570297511529424650, 2.214239473947977134E-08, -3.740830502276505154 ) ) ;
#4419 = CARTESIAN_POINT ( 'NONE',  ( 7.721453705654065303, 4.246397672907139764, 2.626199047046410051 ) ) ;
#4420 =( GEOMETRIC_REPRESENTATION_CONTEXT ( 3 ) GLOBAL_UNCERTAINTY_ASSIGNED_CONTEXT ( ( #2762 ) ) GLOBAL_UNIT_ASSIGNED_CONTEXT ( ( #6729, #731, #91 ) ) REPRESENTATION_CONTEXT ( 'NONE', 'WORKASPACE' ) );
#4421 = DIRECTION ( 'NONE',  ( 0.000000000000000000, -1.000000000000000000, 0.000000000000000000 ) ) ;
#4422 = CIRCLE ( 'NONE', #4642, 8.000000000000000000 ) ;
#4423 = UNCERTAINTY_MEASURE_WITH_UNIT (LENGTH_MEASURE( 1.000000000000000082E-05 ), #1245, 'distance_accuracy_value', 'NONE');
#4424 = CARTESIAN_POINT ( 'NONE',  ( -3.432335091302038510, 0.5329345249954553498, 51.56806689460680815 ) ) ;
#4425 = CARTESIAN_POINT ( 'NONE',  ( -5.000000000000005329, -0.7656250034139827632, -2.071067811865475949 ) ) ;
#4426 = DIRECTION ( 'NONE',  ( 0.000000000000000000, 0.000000000000000000, -1.000000000000000000 ) ) ;
#4427 = CARTESIAN_POINT ( 'NONE',  ( -5.676582343749999815, -4.984375001706990105, -6.951808397369819752E-16 ) ) ;
#4428 = FILL_AREA_STYLE ('',( #5600 ) ) ;
#4429 = CARTESIAN_POINT ( 'NONE',  ( -5.676582343750006032, -6.312500001706988328, -2.351317394708899666 ) ) ;
#4430 = CARTESIAN_POINT ( 'NONE',  ( -7.635408641495040172, 0.000000000000000000, -2.387579292376210027 ) ) ;
#4431 = CIRCLE ( 'NONE', #2895, 3.250000000000000000 ) ;
#4432 = CARTESIAN_POINT ( 'NONE',  ( -3.425116627261814539, 6.721286557412869754E-15, 72.00308879196640532 ) ) ;
#4433 = DIRECTION ( 'NONE',  ( 1.400602471088730078E-16, 0.000000000000000000, 1.000000000000000000 ) ) ;
#4434 = CARTESIAN_POINT ( 'NONE',  ( -5.676582343750006032, -8.656250001706988328, -2.351317394708899666 ) ) ;
#4435 =( BOUNDED_CURVE ( )  B_SPLINE_CURVE ( 2, ( #5894, #1051, #450, #2874, #1206, #3508, #7699, #5978, #606 ),
 .UNSPECIFIED., .F., .F. ) 
 B_SPLINE_CURVE_WITH_KNOTS ( ( 3, 2, 2, 2, 3 ),
 ( 0.2581593078361325011, 0.2620711220015720100, 0.2659829361670110193, 0.2698947503324505282, 0.2738065644978894819 ),
 .UNSPECIFIED. ) 
 CURVE ( )  GEOMETRIC_REPRESENTATION_ITEM ( )  RATIONAL_B_SPLINE_CURVE ( ( 0.9999999999995000666, 0.9238795325117858948, 1.000000000000000000, 0.9238795325112869605, 1.000000000000000000, 0.9238795325112869605, 1.000000000000000000, 0.9238795325112869605, 1.000000000000000000 ) ) 
 REPRESENTATION_ITEM ( '' )  );
#4436 = PRESENTATION_LAYER_ASSIGNMENT (  '', '', ( #7301 ) ) ;
#4437 = CARTESIAN_POINT ( 'NONE',  ( 0.9374342619751689920, 0.2041561441980679903, 50.75849686516189507 ) ) ;
#4438 = SURFACE_SIDE_STYLE ('',( #5648 ) ) ;
#4439 = EDGE_CURVE ( 'NONE', #836, #627, #562, .T. ) ;
#4440 = CARTESIAN_POINT ( 'NONE',  ( 0.005939587951499731081, -0.05714910627792550019, 48.52259809227380316 ) ) ;
#4441 = SHAPE_REPRESENTATION_RELATIONSHIP ( 'NONE' , 'NONE' ,  #122, #6756 ) ;
#4442 = CARTESIAN_POINT ( 'NONE',  ( -2.071067811865475949, -3.421875003413984206, -5.000000000000005329 ) ) ;
#4443 = CARTESIAN_POINT ( 'NONE',  ( 4.999999999999994671, -3.578125000000001776, 2.071067811865475949 ) ) ;
#4444 = CARTESIAN_POINT ( 'NONE',  ( -2.351317394708905439, -12.09375000170697945, 5.676582343750004256 ) ) ;
#4445 = VERTEX_POINT ( 'NONE', #7228 ) ;
#4446 = FILL_AREA_STYLE_COLOUR ( '', #2567 ) ;
#4447 = CARTESIAN_POINT ( 'NONE',  ( -2.371429476765777089, 0.9184191316956147322, 48.76896671135544636 ) ) ;
#4448 = LINE ( 'NONE', #3822, #5841 ) ;
#4449 = ORIENTED_EDGE ( 'NONE', *, *, #1884, .F. ) ;
#4450 = CARTESIAN_POINT ( 'NONE',  ( 1.270191908116037993, 4.477253316603870700E-16, 58.17724522720969560 ) ) ;
#4451 = FACE_OUTER_BOUND ( 'NONE', #1472, .T. ) ;
#4452 = AXIS2_PLACEMENT_3D ( 'NONE', #5425, #5347, #1176 ) ;
#4453 = CARTESIAN_POINT ( 'NONE',  ( 4.013949869229449519, -8.109375001706990105, 4.013949869229449519 ) ) ;
#4454 = CARTESIAN_POINT ( 'NONE',  ( 0.000000000000000000, -13.50000000000000000, 5.000000000000000000 ) ) ;
#4455 = CARTESIAN_POINT ( 'NONE',  ( -3.219437936205550965, 0.08270517646285595326, 50.22926236177062265 ) ) ;
#4456 = CARTESIAN_POINT ( 'NONE',  ( 16.37500000000000000, 5.217144091088729873E-16, 0.000000000000000000 ) ) ;
#4457 = MECHANICAL_DESIGN_GEOMETRIC_PRESENTATION_REPRESENTATION (  '', ( #26 ), #5958 ) ;
#4458 = CARTESIAN_POINT ( 'NONE',  ( 3.475904198684909876E-16, -2.796875001706990105, -5.676582343749999815 ) ) ;
#4459 = CARTESIAN_POINT ( 'NONE',  ( 0.8499999999999999778, 0.000000000000000000, 1.472243186433545903 ) ) ;
#4460 = FACE_OUTER_BOUND ( 'NONE', #5852, .T. ) ;
#4461 = CARTESIAN_POINT ( 'NONE',  ( 3.475904198684909876E-16, -1.546875001706990105, -5.676582343749999815 ) ) ;
#4462 =( BOUNDED_CURVE ( )  B_SPLINE_CURVE ( 2, ( #3207, #3327, #5721 ),
 .UNSPECIFIED., .F., .F. ) 
 B_SPLINE_CURVE_WITH_KNOTS ( ( 3, 3 ),
 ( 0.000000000000000000, 1.000000000000000000 ),
 .UNSPECIFIED. ) 
 CURVE ( )  GEOMETRIC_REPRESENTATION_ITEM ( )  RATIONAL_B_SPLINE_CURVE ( ( 0.9394870482278337986, 0.9129523086363053874, 1.000000000000000000 ) ) 
 REPRESENTATION_ITEM ( '' )  );
#4463 = SURFACE_STYLE_FILL_AREA ( #7439 ) ;
#4464 = VERTEX_POINT ( 'NONE', #1157 ) ;
#4465 = CARTESIAN_POINT ( 'NONE',  ( -2.624961485413048301, 2.458186879899669997, 71.95966375853600994 ) ) ;
#4466 = CARTESIAN_POINT ( 'NONE',  ( 4.013949869229449519, -9.359375001706990105, 4.013949869229449519 ) ) ;
#4467 = LINE ( 'NONE', #4967, #2485 ) ;
#4468 = CARTESIAN_POINT ( 'NONE',  ( -2.710721261421106032, -1.611580737186867340, 62.95107382949972674 ) ) ;
#4469 = EDGE_CURVE ( 'NONE', #4820, #5022, #2580, .T. ) ;
#4470 = FILL_AREA_STYLE_COLOUR ( '', #4364 ) ;
#4471 = SHAPE_REPRESENTATION ( 'PR1KCS28', ( #2065, #5457 ), #2445 ) ;
#4472 = CARTESIAN_POINT ( 'NONE',  ( 4.999999999999994671, -3.890625003413983318, 2.071067811865475949 ) ) ;
#4473 = CARTESIAN_POINT ( 'NONE',  ( 2.351317394708899666, -9.125000001706995434, -5.676582343750006032 ) ) ;
#4474 = CARTESIAN_POINT ( 'NONE',  ( 3.980102097228895273E-16, -13.50000000000000000, 3.250000000000000000 ) ) ;
#4475 = ORIENTED_EDGE ( 'NONE', *, *, #4935, .T. ) ;
#4476 = CARTESIAN_POINT ( 'NONE',  ( 3.536029232182182902, -2.952373170888555443, 69.12162312725598667 ) ) ;
#4477 = CARTESIAN_POINT ( 'NONE',  ( 2.700952634011109854, 3.292968841687144987, 69.16694337491290412 ) ) ;
#4478 =( GEOMETRIC_REPRESENTATION_CONTEXT ( 3 ) GLOBAL_UNCERTAINTY_ASSIGNED_CONTEXT ( ( #1880 ) ) GLOBAL_UNIT_ASSIGNED_CONTEXT ( ( #7304, #6166, #249 ) ) REPRESENTATION_CONTEXT ( 'NONE', 'WORKASPACE' ) );
#4479 = VERTEX_POINT ( 'NONE', #1746 ) ;
#4480 = CARTESIAN_POINT ( 'NONE',  ( 0.7660046638992296097, 2.749999999999999112, 42.31832445289803957 ) ) ;
#4481 = CARTESIAN_POINT ( 'NONE',  ( 0.9182893893941660446, -0.3881343432045799569, 50.76223561074319690 ) ) ;
#4482 = CARTESIAN_POINT ( 'NONE',  ( -5.676582343749999815, -6.078125001706990105, -6.951808397369819752E-16 ) ) ;
#4483 = CARTESIAN_POINT ( 'NONE',  ( 3.061616997868385113E-16, -10.68750000000000000, -5.000000000000000000 ) ) ;
#4484 = CARTESIAN_POINT ( 'NONE',  ( -2.661842046375786364, 0.2416621079187988574, 49.61595199270281853 ) ) ;
#4485 = CARTESIAN_POINT ( 'NONE',  ( -1.833896297450940072, -3.292968841687144987, 69.41305310557808639 ) ) ;
#4486 = CARTESIAN_POINT ( 'NONE',  ( 15.35990334099400734, -1.339212430418935007, -65.48512825965229922 ) ) ;
#4487 = CARTESIAN_POINT ( 'NONE',  ( -5.000000000000005329, -2.015625003413981542, -2.071067811865475949 ) ) ;
#4488 = CARTESIAN_POINT ( 'NONE',  ( -0.2334951486137160359, -1.490137219267629431, 49.85200742280017039 ) ) ;
#4489 = UNCERTAINTY_MEASURE_WITH_UNIT (LENGTH_MEASURE( 1.000000000000000082E-05 ), #1223, 'distance_accuracy_value', 'NONE');
#4490 = CARTESIAN_POINT ( 'NONE',  ( 0.000000000000000000, -13.50000000000000000, 0.000000000000000000 ) ) ;
#4491 = CARTESIAN_POINT ( 'NONE',  ( 5.676582343750004256, -3.031250001706988328, -2.351317394708899666 ) ) ;
#4492 = CARTESIAN_POINT ( 'NONE',  ( 8.320457853599249891E-14, -11.31250000000000000, 5.000000000000000000 ) ) ;
#4493 = CARTESIAN_POINT ( 'NONE',  ( 3.195297878503560174, 0.4188790204786341231, 61.12834227667462983 ) ) ;
#4494 = CARTESIAN_POINT ( 'NONE',  ( -5.676582343749999815, -1.234375001706991881, -6.951808397369819752E-16 ) ) ;
#4495 = DIRECTION ( 'NONE',  ( 0.000000000000000000, 1.000000000000000000, 0.000000000000000000 ) ) ;
#4496 = CARTESIAN_POINT ( 'NONE',  ( 5.791599090817395101, 4.083334932416826213, -5.968656430527434331 ) ) ;
#4497 = ORIENTED_EDGE ( 'NONE', *, *, #689, .F. ) ;
#4498 = UNCERTAINTY_MEASURE_WITH_UNIT (LENGTH_MEASURE( 1.000000000000000082E-05 ), #415, 'distance_accuracy_value', 'NONE');
#4499 = CARTESIAN_POINT ( 'NONE',  ( -2.351317394708905439, -0.8437500017069917702, 5.676582343750006032 ) ) ;
#4500 = CARTESIAN_POINT ( 'NONE',  ( 5.000000000000005329, -12.48437500341397310, -2.071067811865475949 ) ) ;
#4501 = CARTESIAN_POINT ( 'NONE',  ( 2.071067811871900588, -5.765625000000215827, -4.999999999993890221 ) ) ;
#4502 = EDGE_LOOP ( 'NONE', ( #2840, #1675, #3300, #6860, #3666, #1522 ) ) ;
#4503 = CARTESIAN_POINT ( 'NONE',  ( 3.762972927148276359, -2.458186879899662447, 71.61298565711680908 ) ) ;
#4504 = FACE_OUTER_BOUND ( 'NONE', #6490, .T. ) ;
#4505 = CARTESIAN_POINT ( 'NONE',  ( 0.8025498295435169460, 4.603993403836609488, 69.26997115157379881 ) ) ;
#4506 = CARTESIAN_POINT ( 'NONE',  ( -5.000000000000005329, -4.359375003413981986, 2.071067811865475949 ) ) ;
#4507 = CARTESIAN_POINT ( 'NONE',  ( 3.475904198684909876E-16, -11.54687500170700076, -5.676582343749999815 ) ) ;
#4508 = CARTESIAN_POINT ( 'NONE',  ( 2.351317394708899666, -12.71875000170700787, -5.676582343750004256 ) ) ;
#4509 = ORIENTED_EDGE ( 'NONE', *, *, #3908, .F. ) ;
#4510 = CARTESIAN_POINT ( 'NONE',  ( -2.862676667485250181, 3.420335082104600557E-17, 55.77147151714460449 ) ) ;
#4511 = CARTESIAN_POINT ( 'NONE',  ( -2.071067811860048735, -9.359375000000310862, -5.000000000005412559 ) ) ;
#4512 = ORIENTED_EDGE ( 'NONE', *, *, #2619, .F. ) ;
#4513 = MECHANICAL_DESIGN_GEOMETRIC_PRESENTATION_REPRESENTATION (  '', ( #1104 ), #4633 ) ;
#4514 = ADVANCED_FACE ( 'NONE', ( #3539 ), #5633, .T. ) ;
#4515 = CARTESIAN_POINT ( 'NONE',  ( 0.8655611359985038167, 0.05987664318249064088, 50.18988042217198142 ) ) ;
#4516 = COLOUR_RGB ( '',0.5019607843137254832, 0.5019607843137254832, 0.000000000000000000 ) ;
#4517 = CARTESIAN_POINT ( 'NONE',  ( 5.676582343750006032, -7.875000001706991881, -2.351317394708899666 ) ) ;
#4518 = SURFACE_STYLE_FILL_AREA ( #2754 ) ;
#4519 = CARTESIAN_POINT ( 'NONE',  ( -2.146888175916122243, 1.702537883612967207, 50.09281956345710540 ) ) ;
#4520 = CYLINDRICAL_SURFACE ( 'NONE', #7797, 6.000000000000000000 ) ;
#4521 = PLANE ( 'NONE',  #7336 ) ;
#4522 = CARTESIAN_POINT ( 'NONE',  ( 6.928203230275550517, 4.400000000000000355, 4.000000000000000000 ) ) ;
#4523 = EDGE_CURVE ( 'NONE', #7227, #5843, #6241, .T. ) ;
#4524 = CARTESIAN_POINT ( 'NONE',  ( -1.796145346420574329, -1.292010100762440938, 49.48808302229949874 ) ) ;
#4525 = CARTESIAN_POINT ( 'NONE',  ( -5.885408641495049942, 2.054704685227189952E-16, -5.418668205621759881 ) ) ;
#4526 = FACE_OUTER_BOUND ( 'NONE', #7461, .T. ) ;
#4527 = CARTESIAN_POINT ( 'NONE',  ( -2.426586040229555152, 6.487628760268599542E-15, 71.94889777093149519 ) ) ;
#4528 = CARTESIAN_POINT ( 'NONE',  ( -4.592459355429410195, -0.1101575186487835922, -3.336600691411609976 ) ) ;
#4529 = CARTESIAN_POINT ( 'NONE',  ( -1.963659830577136889, 2.558933895674178949, 61.40832286951996366 ) ) ;
#4530 = CARTESIAN_POINT ( 'NONE',  ( 13.66078756958106233, -0.3599033409940046724, -0.000000000000000000 ) ) ;
#4531 = CARTESIAN_POINT ( 'NONE',  ( 4.999999999999994671, -11.39062500341399975, 2.071067811865475949 ) ) ;
#4532 =( GEOMETRIC_REPRESENTATION_CONTEXT ( 3 ) GLOBAL_UNCERTAINTY_ASSIGNED_CONTEXT ( ( #5117 ) ) GLOBAL_UNIT_ASSIGNED_CONTEXT ( ( #4025, #5192, #5113 ) ) REPRESENTATION_CONTEXT ( 'NONE', 'WORKASPACE' ) );
#4533 = B_SPLINE_CURVE_WITH_KNOTS ( 'NONE', 3,
 ( #5877, #4606, #462, #7599 ),
 .UNSPECIFIED., .F., .F.,
 ( 4, 4 ),
 ( 0.000000000000000000, 1.000000000000000000 ),
 .UNSPECIFIED. ) ;
#4534 =( NAMED_UNIT ( * ) SI_UNIT ( $, .STERADIAN. ) SOLID_ANGLE_UNIT ( ) );
#4535 = CARTESIAN_POINT ( 'NONE',  ( 4.013949869229449519, -2.796875001706990105, -4.013949869229449519 ) ) ;
#4536 =( NAMED_UNIT ( * ) SI_UNIT ( $, .STERADIAN. ) SOLID_ANGLE_UNIT ( ) );
#4537 = AXIS2_PLACEMENT_3D ( 'NONE', #4105, #422, #2737 ) ;
#4538 = SURFACE_SIDE_STYLE ('',( #5839 ) ) ;
#4539 = VERTEX_POINT ( 'NONE', #4865 ) ;
#4540 = VERTEX_POINT ( 'NONE', #4300 ) ;
#4541 = DIRECTION ( 'NONE',  ( 0.000000000000000000, 1.000000000000000000, 0.000000000000000000 ) ) ;
#4542 = DIRECTION ( 'NONE',  ( 1.400602471088730078E-16, 0.000000000000000000, 1.000000000000000000 ) ) ;
#4543 = PRESENTATION_LAYER_ASSIGNMENT (  '', '', ( #252 ) ) ;
#4544 = DIRECTION ( 'NONE',  ( 0.000000000000000000, 0.000000000000000000, 1.000000000000000000 ) ) ;
#4545 = CIRCLE ( 'NONE', #7427, 1.375000000000000000 ) ;
#4546 = CARTESIAN_POINT ( 'NONE',  ( 5.000000000000000000, -5.062500003413980210, 0.000000000000000000 ) ) ;
#4547 = CARTESIAN_POINT ( 'NONE',  ( 4.013949869229449519, -12.95312500170700076, -4.013949869229449519 ) ) ;
#4548 = CARTESIAN_POINT ( 'NONE',  ( 4.013949869229449519, -11.54687500170700076, -4.013949869229449519 ) ) ;
#4549 = ORIENTED_EDGE ( 'NONE', *, *, #6079, .T. ) ;
#4550 = VECTOR ( 'NONE', #3588, 1000.000000000000000 ) ;
#4551 = CARTESIAN_POINT ( 'NONE',  ( -3.104158948863465106, -0.1238543311326297941, 50.08954742521499526 ) ) ;
#4552 = CARTESIAN_POINT ( 'NONE',  ( -2.471312552573627475, 4.027017110937024746, 7.999995952554069589 ) ) ;
#4553 = CARTESIAN_POINT ( 'NONE',  ( -3.715519077382675395, 2.622049124298944989, 63.00560497785689762 ) ) ;
#4554 = ORIENTED_EDGE ( 'NONE', *, *, #1665, .T. ) ;
#4555 = EDGE_CURVE ( 'NONE', #4657, #7674, #1327, .T. ) ;
#4556 = CARTESIAN_POINT ( 'NONE',  ( 0.03137658049250074965, -1.213146589969755995, 49.79278444036229700 ) ) ;
#4557 = CARTESIAN_POINT ( 'NONE',  ( 2.351317394708899666, -9.437500001706986552, 5.676582343750006032 ) ) ;
#4558 = CARTESIAN_POINT ( 'NONE',  ( 5.000000000000005329, -13.42187499999998934, -2.071067811865475949 ) ) ;
#4559 = PLANE ( 'NONE',  #6936 ) ;
#4560 = AXIS2_PLACEMENT_3D ( 'NONE', #6266, #3286, #5682 ) ;
#4561 = PRESENTATION_STYLE_ASSIGNMENT (( #5140 ) ) ;
#4562 = CARTESIAN_POINT ( 'NONE',  ( -0.7536305713509653392, -1.772463043166435881, 49.91723954474298353 ) ) ;
#4563 = PRESENTATION_LAYER_ASSIGNMENT (  '', '', ( #5574 ) ) ;
#4564 = DIRECTION ( 'NONE',  ( 0.000000000000000000, -1.000000000000000000, 0.000000000000000000 ) ) ;
#4565 = SURFACE_SIDE_STYLE ('',( #2153 ) ) ;
#4566 = AXIS2_PLACEMENT_3D ( 'NONE', #1843, #2960, #4186 ) ;
#4567 = CARTESIAN_POINT ( 'NONE',  ( -2.562063592817080071, 4.028059440855414658E-16, 69.45257130335059514 ) ) ;
#4568 = CARTESIAN_POINT ( 'NONE',  ( 4.427650516409515014, 8.813931010592400659E-16, 69.07323415610549944 ) ) ;
#4569 = CARTESIAN_POINT ( 'NONE',  ( -3.535533905932735088, -13.03125000000000000, -3.535533905932739973 ) ) ;
#4570 = STYLED_ITEM ( 'NONE', ( #2368 ), #6882 ) ;
#4571 = CARTESIAN_POINT ( 'NONE',  ( 2.351317394708899666, -3.968750001706992325, -5.676582343750006032 ) ) ;
#4572 =( NAMED_UNIT ( * ) PLANE_ANGLE_UNIT ( ) SI_UNIT ( $, .RADIAN. ) );
#4573 = DIRECTION ( 'NONE',  ( 0.000000000000000000, -1.000000000000000000, 0.000000000000000000 ) ) ;
#4574 = ORIENTED_EDGE ( 'NONE', *, *, #2841, .T. ) ;
#4575 =( LENGTH_UNIT ( ) NAMED_UNIT ( * ) SI_UNIT ( .MILLI., .METRE. ) );
#4576 = CARTESIAN_POINT ( 'NONE',  ( 0.000000000000000000, -0.5999999999999999778, 0.000000000000000000 ) ) ;
#4577 = B_SPLINE_CURVE_WITH_KNOTS ( 'NONE', 3,
 ( #2980, #3576, #708, #5364 ),
 .UNSPECIFIED., .F., .F.,
 ( 4, 4 ),
 ( 0.000000000000000000, 1.000000000000000000 ),
 .UNSPECIFIED. ) ;
#4578 = ADVANCED_FACE ( 'NONE', ( #3753 ), #7078, .F. ) ;
#4579 = AXIS2_PLACEMENT_3D ( 'NONE', #6005, #1270, #3695 ) ;
#4580 = CARTESIAN_POINT ( 'NONE',  ( 5.000000000000005329, -1.234375003413983984, -2.071067811865475949 ) ) ;
#4581 = CARTESIAN_POINT ( 'NONE',  ( -2.351317394708905439, -8.500000001706988328, 5.676582343750006032 ) ) ;
#4582 = CARTESIAN_POINT ( 'NONE',  ( -2.351317394708899666, -6.312500001706988328, -5.676582343750004256 ) ) ;
#4583 = ORIENTED_EDGE ( 'NONE', *, *, #2163, .F. ) ;
#4584 = SURFACE_STYLE_USAGE ( .BOTH. , #6362 ) ;
#4585 = SURFACE_SIDE_STYLE ('',( #7500 ) ) ;
#4586 = ORIENTED_EDGE ( 'NONE', *, *, #2134, .T. ) ;
#4587 = CARTESIAN_POINT ( 'NONE',  ( 0.4934025387743319890, 0.05704870505307210737, 49.75512222815510199 ) ) ;
#4588 = CARTESIAN_POINT ( 'NONE',  ( -4.013949869229449519, -9.984375001706990105, -4.013949869229449519 ) ) ;
#4589 = CARTESIAN_POINT ( 'NONE',  ( 3.535533905932739973, -12.09375000000000000, -3.535533905932739973 ) ) ;
#4590 = CARTESIAN_POINT ( 'NONE',  ( -1.739570529420314982, 1.322440696053893916, 48.70620495162859953 ) ) ;
#4591 = ORIENTED_EDGE ( 'NONE', *, *, #1305, .T. ) ;
#4592 = AXIS2_PLACEMENT_3D ( 'NONE', #709, #242, #5650 ) ;
#4593 = CARTESIAN_POINT ( 'NONE',  ( -2.929342257380803449, -1.482426709497933537, 51.47977565425568258 ) ) ;
#4594 = CARTESIAN_POINT ( 'NONE',  ( 2.837890393950352141, 3.912071328344008059, -7.999923091848331502 ) ) ;
#4595 = CARTESIAN_POINT ( 'NONE',  ( -2.071067811877855824, -7.640625000000672351, 4.999999999987585042 ) ) ;
#4596 = ORIENTED_EDGE ( 'NONE', *, *, #3744, .T. ) ;
#4597 = CARTESIAN_POINT ( 'NONE',  ( 0.002190663546410954923, -0.1481863472445781871, 48.52302470382990407 ) ) ;
#4598 = CARTESIAN_POINT ( 'NONE',  ( -0.8750000000000000000, 0.000000000000000000, 1.515544456622770264 ) ) ;
#4599 = CARTESIAN_POINT ( 'NONE',  ( 2.071067811865489716, -1.078125003413983318, -4.999999999999988454 ) ) ;
#4600 = DIRECTION ( 'NONE',  ( 0.000000000000000000, 1.000000000000000000, 0.000000000000000000 ) ) ;
#4601 = CARTESIAN_POINT ( 'NONE',  ( -4.013949869229449519, -1.078125001706990105, 4.013949869229449519 ) ) ;
#4602 = CARTESIAN_POINT ( 'NONE',  ( -3.535533905932890075, -5.531249999999880096, -3.535533905932890075 ) ) ;
#4603 = CARTESIAN_POINT ( 'NONE',  ( 5.676582343749999815, -2.953125001706990105, 0.000000000000000000 ) ) ;
#4604 = CARTESIAN_POINT ( 'NONE',  ( -5.000000000000005329, -7.015625003413987315, -2.071067811865475949 ) ) ;
#4605 = ORIENTED_EDGE ( 'NONE', *, *, #597, .F. ) ;
#4606 = CARTESIAN_POINT ( 'NONE',  ( -3.560594179849339014, 0.1068554401274787180, 69.50676232438556212 ) ) ;
#4607 = CARTESIAN_POINT ( 'NONE',  ( -1.820716793854919580, -9.733406226340070712E-05, -5.241732878893158087 ) ) ;
#4608 = CARTESIAN_POINT ( 'NONE',  ( 5.368938501059117741, 0.5843990721568044222, -6.700451586498616940 ) ) ;
#4609 =( NAMED_UNIT ( * ) PLANE_ANGLE_UNIT ( ) SI_UNIT ( $, .RADIAN. ) );
#4610 = CARTESIAN_POINT ( 'NONE',  ( 8.888838916746850671, 2.750000000000001776, 27.04902535903201155 ) ) ;
#4611 = CARTESIAN_POINT ( 'NONE',  ( 4.999999999999994671, -2.640625003413981098, 2.071067811865475949 ) ) ;
#4612 = PRESENTATION_LAYER_ASSIGNMENT (  '', '', ( #211 ) ) ;
#4613 = CARTESIAN_POINT ( 'NONE',  ( 4.013949869229449519, -7.796875001706989217, -4.013949869229449519 ) ) ;
#4614 = ORIENTED_EDGE ( 'NONE', *, *, #6597, .T. ) ;
#4615 = CARTESIAN_POINT ( 'NONE',  ( 2.071067811865481278, -6.078125003413989091, -4.999999999999994671 ) ) ;
#4616 = CARTESIAN_POINT ( 'NONE',  ( 0.000000000000000000, -13.50000000000000000, 0.000000000000000000 ) ) ;
#4617 = CARTESIAN_POINT ( 'NONE',  ( 0.8485686106558795183, 0.04388258825488790954, -8.000081090807540818 ) ) ;
#4618 = CARTESIAN_POINT ( 'NONE',  ( 1.963659830577166865, -2.558933895674180725, 61.19518421845335610 ) ) ;
#4619 = EDGE_LOOP ( 'NONE', ( #1563, #173, #7756 ) ) ;
#4620 = CARTESIAN_POINT ( 'NONE',  ( 0.9374342619751679928, 0.2041561441980674907, 50.75849686516189507 ) ) ;
#4621 = CARTESIAN_POINT ( 'NONE',  ( -4.013949869229449519, -0.9218750017069909930, 4.013949869229449519 ) ) ;
#4622 = CARTESIAN_POINT ( 'NONE',  ( 5.000000000000000000, -13.50000000000000000, 0.000000000000000000 ) ) ;
#4623 = ORIENTED_EDGE ( 'NONE', *, *, #2880, .F. ) ;
#4624 = CARTESIAN_POINT ( 'NONE',  ( -0.4697350330160597887, -1.603805495349561960, 49.83476192530230264 ) ) ;
#4625 = ORIENTED_EDGE ( 'NONE', *, *, #5686, .F. ) ;
#4626 = CARTESIAN_POINT ( 'NONE',  ( 1.304636953234592056, 4.294462701458425791, -7.999997593145879549 ) ) ;
#4627 = EDGE_LOOP ( 'NONE', ( #3452, #38, #1558, #1744 ) ) ;
#4628 = CARTESIAN_POINT ( 'NONE',  ( -2.175462097497810277, -1.688816414108714747, 50.09637412602678097 ) ) ;
#4629 = PLANE ( 'NONE',  #2013 ) ;
#4630 = CARTESIAN_POINT ( 'NONE',  ( 0.08128653155253219575, 1.511809299431400039E-15, 62.79954942453519351 ) ) ;
#4631 = CARTESIAN_POINT ( 'NONE',  ( -9.184850993605149917E-16, -10.37500000341398021, 5.000000000000000000 ) ) ;
#4632 = CARTESIAN_POINT ( 'NONE',  ( 2.832415179625847212, -1.840326582792731314, 69.15980880170381795 ) ) ;
#4633 =( GEOMETRIC_REPRESENTATION_CONTEXT ( 3 ) GLOBAL_UNCERTAINTY_ASSIGNED_CONTEXT ( ( #6617 ) ) GLOBAL_UNIT_ASSIGNED_CONTEXT ( ( #1117, #5979, #1682 ) ) REPRESENTATION_CONTEXT ( 'NONE', 'WORKASPACE' ) );
#4634 = LINE ( 'NONE', #4137, #2366 ) ;
#4635 = CARTESIAN_POINT ( 'NONE',  ( 2.071067811865481278, -11.07812500341397133, -4.999999999999994671 ) ) ;
#4636 = DIRECTION ( 'NONE',  ( 0.000000000000000000, 1.000000000000000000, 0.000000000000000000 ) ) ;
#4637 = CARTESIAN_POINT ( 'NONE',  ( 4.013949869229449519, -4.046875001706990105, -4.013949869229449519 ) ) ;
#4638 = CARTESIAN_POINT ( 'NONE',  ( -5.000000000000005329, -6.859375003413985539, 2.071067811865475949 ) ) ;
#4639 = EDGE_CURVE ( 'NONE', #231, #3781, #7542, .T. ) ;
#4640 = CARTESIAN_POINT ( 'NONE',  ( -2.246693820822800003, 6.007701435643800150E-16, 61.42368334131539598 ) ) ;
#4641 = ORIENTED_EDGE ( 'NONE', *, *, #5587, .F. ) ;
#4642 = AXIS2_PLACEMENT_3D ( 'NONE', #788, #7395, #6737 ) ;
#4643 =( NAMED_UNIT ( * ) SI_UNIT ( $, .STERADIAN. ) SOLID_ANGLE_UNIT ( ) );
#4644 = VERTEX_POINT ( 'NONE', #2306 ) ;
#4645 = FILL_AREA_STYLE ('',( #6025 ) ) ;
#4646 = AXIS2_PLACEMENT_3D ( 'NONE', #310, #4573, #1615 ) ;
#4647 = CARTESIAN_POINT ( 'NONE',  ( 0.6334997924197571795, 2.749999999999999112, 54.26006629790607150 ) ) ;
#4648 = CARTESIAN_POINT ( 'NONE',  ( 4.013949869229449519, -9.359375001706990105, 4.013949869229449519 ) ) ;
#4649 = ADVANCED_FACE ( 'NONE', ( #3506, #1204 ), #1752, .T. ) ;
#4650 =( GEOMETRIC_REPRESENTATION_CONTEXT ( 3 ) GLOBAL_UNCERTAINTY_ASSIGNED_CONTEXT ( ( #5669 ) ) GLOBAL_UNIT_ASSIGNED_CONTEXT ( ( #1634, #5781, #1527 ) ) REPRESENTATION_CONTEXT ( 'NONE', 'WORKASPACE' ) );
#4651 = EDGE_LOOP ( 'NONE', ( #7696, #2047, #844, #1100 ) ) ;
#4652 = PRODUCT_DEFINITION_SHAPE ( 'NONE', 'NONE',  #7803 ) ;
#4653 = CARTESIAN_POINT ( 'NONE',  ( -2.630144065590459768, 1.230400955944459973, 50.03880194568959894 ) ) ;
#4654 = FILL_AREA_STYLE_COLOUR ( '', #5329 ) ;
#4655 = PRESENTATION_STYLE_ASSIGNMENT (( #2714 ) ) ;
#4656 = EDGE_CURVE ( 'NONE', #7125, #7168, #2905, .T. ) ;
#4657 = VERTEX_POINT ( 'NONE', #7231 ) ;
#4658 = CARTESIAN_POINT ( 'NONE',  ( -1.939749436101156022, -2.191000293422884937, 50.52319024031474726 ) ) ;
#4659 = COLOUR_RGB ( '',0.5019607843137254832, 0.5019607843137254832, 0.000000000000000000 ) ;
#4660 = CARTESIAN_POINT ( 'NONE',  ( 2.351317394708899666, -5.218750001706989217, -5.676582343750006032 ) ) ;
#4661 = CARTESIAN_POINT ( 'NONE',  ( -2.071067811865475949, -9.359374999999994671, -5.000000000000005329 ) ) ;
#4662 =( BOUNDED_CURVE ( )  B_SPLINE_CURVE ( 2, ( #7316, #1211, #1878, #3485, #4299, #1922, #6727 ),
 .UNSPECIFIED., .F., .F. ) 
 B_SPLINE_CURVE_WITH_KNOTS ( ( 3, 2, 2, 3 ),
 ( 0.8863636363636360205, 0.8977272727272730402, 0.9090909090909089496, 0.9136780086084559382 ),
 .UNSPECIFIED. ) 
 CURVE ( )  GEOMETRIC_REPRESENTATION_ITEM ( )  RATIONAL_B_SPLINE_CURVE ( ( 1.000000000000000000, 0.9238795325112859613, 1.000000000000000000, 0.9238795325112869605, 1.000000000000000000, 0.9692728499470220083, 0.9633526350463590404 ) ) 
 REPRESENTATION_ITEM ( '' )  );
#4663 = AXIS2_PLACEMENT_3D ( 'NONE', #315, #918, #2090 ) ;
#4664 = VERTEX_POINT ( 'NONE', #6607 ) ;
#4665 = CARTESIAN_POINT ( 'NONE',  ( -2.931867150751264806, -0.8000803009224889406, 50.07085233283379466 ) ) ;
#4666 = EDGE_LOOP ( 'NONE', ( #5840, #2901, #3906, #2330 ) ) ;
#4667 = CARTESIAN_POINT ( 'NONE',  ( 6.232826420739224993, 0.1178661143224672969, 5.204721526055128500 ) ) ;
#4668 = CARTESIAN_POINT ( 'NONE',  ( -3.381195632617618241, 4.499999999999997335, 52.16499221532041730 ) ) ;
#4669 = ORIENTED_EDGE ( 'NONE', *, *, #7448, .T. ) ;
#4670 = SURFACE_SIDE_STYLE ('',( #2993 ) ) ;
#4671 = B_SPLINE_CURVE_WITH_KNOTS ( 'NONE', 3,
 ( #7386, #4417, #3311, #6888 ),
 .UNSPECIFIED., .F., .F.,
 ( 4, 4 ),
 ( 0.000000000000000000, 1.000000000000000000 ),
 .UNSPECIFIED. ) ;
#4672 =( NAMED_UNIT ( * ) PLANE_ANGLE_UNIT ( ) SI_UNIT ( $, .RADIAN. ) );
#4673 = EDGE_CURVE ( 'NONE', #7212, #5372, #6080, .T. ) ;
#4674 = CARTESIAN_POINT ( 'NONE',  ( 3.061616997868385113E-16, -10.68750000000000000, -5.000000000000000000 ) ) ;
#4675 = CARTESIAN_POINT ( 'NONE',  ( -2.071067811865472841, -10.92187500341399264, -5.000000000000011546 ) ) ;
#4676 = CARTESIAN_POINT ( 'NONE',  ( 2.351317394708899666, -0.3750000017069908820, -5.676582343750004256 ) ) ;
#4677 = CARTESIAN_POINT ( 'NONE',  ( -3.521870622050901734, -0.6433665577228825372, 69.50466076719496300 ) ) ;
#4678 = CARTESIAN_POINT ( 'NONE',  ( 5.000000000000005329, -11.23437500341398554, -2.071067811865475949 ) ) ;
#4679 = SURFACE_STYLE_FILL_AREA ( #7706 ) ;
#4680 = FACE_OUTER_BOUND ( 'NONE', #3775, .T. ) ;
#4681 = CARTESIAN_POINT ( 'NONE',  ( -2.246693820822796450, -4.499999999999997335, 61.42368334131536756 ) ) ;
#4682 = ORIENTED_EDGE ( 'NONE', *, *, #6901, .T. ) ;
#4683 = FILL_AREA_STYLE_COLOUR ( '', #5630 ) ;
#4684 = ORIENTED_EDGE ( 'NONE', *, *, #5686, .T. ) ;
#4685 = COLOUR_RGB ( '',1.000000000000000000, 1.000000000000000000, 0.000000000000000000 ) ;
#4686 = DIRECTION ( 'NONE',  ( 0.000000000000000000, -1.000000000000000000, 0.000000000000000000 ) ) ;
#4687 = CARTESIAN_POINT ( 'NONE',  ( 16.37500000000000000, 4.477253316603870700E-16, 0.000000000000000000 ) ) ;
#4688 = CARTESIAN_POINT ( 'NONE',  ( -7.803203230275509661, 4.210830322920400270, -2.484455543377180220 ) ) ;
#4689 =( GEOMETRIC_REPRESENTATION_CONTEXT ( 3 ) GLOBAL_UNCERTAINTY_ASSIGNED_CONTEXT ( ( #3628 ) ) GLOBAL_UNIT_ASSIGNED_CONTEXT ( ( #4129, #2946, #41 ) ) REPRESENTATION_CONTEXT ( 'NONE', 'WORKASPACE' ) );
#4690 = CARTESIAN_POINT ( 'NONE',  ( -2.351317394708905439, -5.843750001706994546, 5.676582343750004256 ) ) ;
#4691 = ADVANCED_FACE ( 'NONE', ( #7110 ), #3544, .T. ) ;
#4692 = EDGE_LOOP ( 'NONE', ( #7381, #2367, #3935, #4497, #3337 ) ) ;
#4693 = CARTESIAN_POINT ( 'NONE',  ( 4.618802153516980091, 3.162395692965989991, -8.000000000000000000 ) ) ;
#4694 = CARTESIAN_POINT ( 'NONE',  ( 0.4569816023550600237, 0.3672379073990614806, 49.75806372855569748 ) ) ;
#4695 = FACE_OUTER_BOUND ( 'NONE', #7729, .T. ) ;
#4696 = CARTESIAN_POINT ( 'NONE',  ( -9.237604307034001039, 3.162395692965989991, 6.467955846520349305E-14 ) ) ;
#4697 = AXIS2_PLACEMENT_3D ( 'NONE', #752, #6197, #1434 ) ;
#4698 = CARTESIAN_POINT ( 'NONE',  ( -5.676582343750006032, -4.750000001706988328, 2.351317394708899666 ) ) ;
#4699 = CARTESIAN_POINT ( 'NONE',  ( -2.071067811865475949, -8.109375000000001776, -5.000000000000005329 ) ) ;
#4700 = SURFACE_STYLE_USAGE ( .BOTH. , #2940 ) ;
#4701 = ORIENTED_EDGE ( 'NONE', *, *, #1541, .F. ) ;
#4702 = EDGE_CURVE ( 'NONE', #3809, #5370, #320, .T. ) ;
#4703 = CARTESIAN_POINT ( 'NONE',  ( -0.3542223937197316874, -2.051091656507325389, 51.00830192106636929 ) ) ;
#4704 = CARTESIAN_POINT ( 'NONE',  ( -0.3644481151473136782, -0.9444759650440919252, 48.56383689811026727 ) ) ;
#4705 = EDGE_LOOP ( 'NONE', ( #5908, #1812, #2673, #1318 ) ) ;
#4706 = CARTESIAN_POINT ( 'NONE',  ( 2.404469298714866810, 4.046502722928754459, -8.000000144618814701 ) ) ;
#4707 = CARTESIAN_POINT ( 'NONE',  ( 15.17998707911191580, 1.374999999999999778, -0.000000000000000000 ) ) ;
#4708 = VERTEX_POINT ( 'NONE', #6169 ) ;
#4709 = CARTESIAN_POINT ( 'NONE',  ( 5.000000000000060396, -12.25000000000000000, 0.000000000000000000 ) ) ;
#4710 = UNCERTAINTY_MEASURE_WITH_UNIT (LENGTH_MEASURE( 1.000000000000000082E-05 ), #3528, 'distance_accuracy_value', 'NONE');
#4711 = DIRECTION ( 'NONE',  ( 0.000000000000000000, -1.000000000000000000, 0.000000000000000000 ) ) ;
#4712 =( BOUNDED_CURVE ( )  B_SPLINE_CURVE ( 2, ( #6565, #3033, #5868, #8, #6481, #1796, #2429, #7234, #4674 ),
 .UNSPECIFIED., .F., .F. ) 
 B_SPLINE_CURVE_WITH_KNOTS ( ( 3, 2, 2, 2, 3 ),
 ( 0.05476152465325880014, 0.05867322764491170184, 0.06258493063656470068, 0.06649663362821769952, 0.07040833661987069836 ),
 .UNSPECIFIED. ) 
 CURVE ( )  GEOMETRIC_REPRESENTATION_ITEM ( )  RATIONAL_B_SPLINE_CURVE ( ( 0.9999999999999800160, 0.9238795325113059453, 1.000000000000000000, 0.9238795325112869605, 1.000000000000000000, 0.9238795325112869605, 1.000000000000000000, 0.9238795325112859613, 1.000000000000000000 ) ) 
 REPRESENTATION_ITEM ( '' )  );
#4713 =( NAMED_UNIT ( * ) PLANE_ANGLE_UNIT ( ) SI_UNIT ( $, .RADIAN. ) );
#4714 = CARTESIAN_POINT ( 'NONE',  ( 0.4751966844131880197, 0.2121259352025059997, 49.75659107413839877 ) ) ;
#4715 = CARTESIAN_POINT ( 'NONE',  ( 3.061616997868385113E-16, -9.437500000000000000, -5.000000000000000000 ) ) ;
#4716 = AXIS2_PLACEMENT_3D ( 'NONE', #4885, #5051, #116 ) ;
#4717 = CARTESIAN_POINT ( 'NONE',  ( -1.338413659460192084, 2.248724056028168938, 51.19260712885910181 ) ) ;
#4718 = CARTESIAN_POINT ( 'NONE',  ( 1.402003253617249978, 0.1217702392138877432, 7.999990179210417551 ) ) ;
#4719 = CARTESIAN_POINT ( 'NONE',  ( 2.351317394708899666, -9.593750001706986552, 5.676582343750004256 ) ) ;
#4720 = CARTESIAN_POINT ( 'NONE',  ( -2.351317394708899666, -8.968750001706991881, -5.676582343750006032 ) ) ;
#4721 =( NAMED_UNIT ( * ) SI_UNIT ( $, .STERADIAN. ) SOLID_ANGLE_UNIT ( ) );
#4722 = ORIENTED_EDGE ( 'NONE', *, *, #4791, .T. ) ;
#4723 = DIRECTION ( 'NONE',  ( 0.000000000000000000, -1.000000000000000000, 0.000000000000000000 ) ) ;
#4724 = VERTEX_POINT ( 'NONE', #766 ) ;
#4725 = CARTESIAN_POINT ( 'NONE',  ( -1.372979557169490050, 6.161142665431478987E-16, 61.37626619790970040 ) ) ;
#4726 = CARTESIAN_POINT ( 'NONE',  ( -5.676582343750006032, -1.156250001706991215, 2.351317394708899666 ) ) ;
#4727 = CARTESIAN_POINT ( 'NONE',  ( -2.278416970848772038, 4.081910069090819881, -7.999999902074143243 ) ) ;
#4728 = CARTESIAN_POINT ( 'NONE',  ( 4.013949869229449519, -6.859375001706989217, 4.013949869229449519 ) ) ;
#4729 = ORIENTED_EDGE ( 'NONE', *, *, #5331, .T. ) ;
#4730 = CARTESIAN_POINT ( 'NONE',  ( 2.147420142115969988, -3.613021264067779903, 69.19698400792050563 ) ) ;
#4731 = CARTESIAN_POINT ( 'NONE',  ( 0.3782844865836990644, 1.410477451202814869, 50.24272090975267702 ) ) ;
#4732 = CYLINDRICAL_SURFACE ( 'NONE', #7594, 5.000000000000000000 ) ;
#4733 = FACE_BOUND ( 'NONE', #6017, .T. ) ;
#4734 = CARTESIAN_POINT ( 'NONE',  ( 5.676582343750006032, -0.3750000017069909375, -2.351317394708899666 ) ) ;
#4735 = CARTESIAN_POINT ( 'NONE',  ( 3.535533905932735088, -9.906250000000000000, 3.535533905932739973 ) ) ;
#4736 = DIRECTION ( 'NONE',  ( 0.000000000000000000, 0.000000000000000000, 1.000000000000000000 ) ) ;
#4737 = VERTEX_POINT ( 'NONE', #2550 ) ;
#4738 = PRODUCT_DEFINITION ( 'UNKNOWN', '', #2563, #7074 ) ;
#4739 = CARTESIAN_POINT ( 'NONE',  ( -2.622212239708881842, -1.248786177576157286, 50.03792528650193816 ) ) ;
#4740 = ORIENTED_EDGE ( 'NONE', *, *, #2406, .F. ) ;
#4741 = CARTESIAN_POINT ( 'NONE',  ( 14.30752390199001489, 1.201456283987105689, 0.000000000000000000 ) ) ;
#4742 = ORIENTED_EDGE ( 'NONE', *, *, #3965, .F. ) ;
#4743 = SURFACE_STYLE_USAGE ( .BOTH. , #6056 ) ;
#4744 = DIRECTION ( 'NONE',  ( 0.000000000000000000, 0.000000000000000000, -1.000000000000000000 ) ) ;
#4745 = PRESENTATION_STYLE_ASSIGNMENT (( #5381 ) ) ;
#4746 = CARTESIAN_POINT ( 'NONE',  ( 7.127013089016354996, 0.007411642994189978143, -3.655631602222170873 ) ) ;
#4747 = EDGE_CURVE ( 'NONE', #6509, #6125, #1663, .T. ) ;
#4748 = EDGE_CURVE ( 'NONE', #5843, #5282, #2286, .T. ) ;
#4749 = CARTESIAN_POINT ( 'NONE',  ( 1.266408880708674856, 9.587660770806622977E-08, -5.199897240036061241 ) ) ;
#4750 = PRESENTATION_STYLE_ASSIGNMENT (( #3596 ) ) ;
#4751 =( LENGTH_UNIT ( ) NAMED_UNIT ( * ) SI_UNIT ( .MILLI., .METRE. ) );
#4752 = STYLED_ITEM ( 'NONE', ( #4060 ), #2704 ) ;
#4753 = CARTESIAN_POINT ( 'NONE',  ( -7.868276799521908949, 0.2174213677975352921, 2.371785952771408912 ) ) ;
#4754 = CARTESIAN_POINT ( 'NONE',  ( -5.676582343750004256, -11.31250000170700432, -2.351317394708899666 ) ) ;
#4755 = CONICAL_SURFACE ( 'NONE', #1120, 8.000000000000000000, 0.7853981633974503884 ) ;
#4756 = CARTESIAN_POINT ( 'NONE',  ( -3.535533905932739973, -3.031250003413985095, 3.535533905932735088 ) ) ;
#4757 = CARTESIAN_POINT ( 'NONE',  ( 3.475904198684909876E-16, -4.046875001706994546, -5.676582343749999815 ) ) ;
#4758 = EDGE_LOOP ( 'NONE', ( #7608, #408, #3729 ) ) ;
#4759 = AXIS2_PLACEMENT_3D ( 'NONE', #1131, #5469, #1622 ) ;
#4760 = SURFACE_STYLE_USAGE ( .BOTH. , #5995 ) ;
#4761 = ORIENTED_EDGE ( 'NONE', *, *, #1353, .F. ) ;
#4762 = CARTESIAN_POINT ( 'NONE',  ( 7.705493517356665656, 0.1486457371375728698, 2.653645365261278588 ) ) ;
#4763 = CARTESIAN_POINT ( 'NONE',  ( -1.042771259605471878E-15, -10.76562500170700076, 5.676582343749999815 ) ) ;
#4764 = CARTESIAN_POINT ( 'NONE',  ( 5.276841785526727335, 3.746988646495732933, 6.859914744400499309 ) ) ;
#4765 = CARTESIAN_POINT ( 'NONE',  ( -2.351317394708899666, -1.312500001706992991, -5.676582343750004256 ) ) ;
#4766 = ORIENTED_EDGE ( 'NONE', *, *, #662, .F. ) ;
#4767 = CARTESIAN_POINT ( 'NONE',  ( -0.7596143810525055606, 2.178944059271604505, 50.37241728720753287 ) ) ;
#4768 = AXIS2_PLACEMENT_3D ( 'NONE', #1456, #6259, #4909 ) ;
#4769 = CARTESIAN_POINT ( 'NONE',  ( -1.986881643665238562, 0.2408062546581418162, -7.999965634880506826 ) ) ;
#4770 = CARTESIAN_POINT ( 'NONE',  ( -0.2877351297109074779, -4.603993403836609488, 62.81957651320689706 ) ) ;
#4771 = CARTESIAN_POINT ( 'NONE',  ( -2.351317394708899666, -3.812500001706990549, -5.676582343750006032 ) ) ;
#4772 = MECHANICAL_DESIGN_GEOMETRIC_PRESENTATION_REPRESENTATION (  '', ( #1758 ), #6170 ) ;
#4773 = CARTESIAN_POINT ( 'NONE',  ( 4.999999999999994671, -6.078125000000004441, 2.071067811865475949 ) ) ;
#4774 = CARTESIAN_POINT ( 'NONE',  ( 3.535533905932739973, -13.34375000000000000, -3.535533905932739973 ) ) ;
#4775 = EDGE_LOOP ( 'NONE', ( #5007, #3431, #5275 ) ) ;
#4776 =( NAMED_UNIT ( * ) PLANE_ANGLE_UNIT ( ) SI_UNIT ( $, .RADIAN. ) );
#4777 = CARTESIAN_POINT ( 'NONE',  ( -1.326251298595605643, -1.375896068641574432, 48.66466268760174074 ) ) ;
#4778 = ADVANCED_BREP_SHAPE_REPRESENTATION ( '', ( #2847, #668 ), #6092 ) ;
#4779 = VERTEX_POINT ( 'NONE', #3825 ) ;
#4780 = CARTESIAN_POINT ( 'NONE',  ( 13.66078756958106766, 0.3599033409940109451, -0.000000000000000000 ) ) ;
#4781 = EDGE_CURVE ( 'NONE', #2015, #4891, #179, .T. ) ;
#4782 = ORIENTED_EDGE ( 'NONE', *, *, #704, .F. ) ;
#4783 = MECHANICAL_DESIGN_GEOMETRIC_PRESENTATION_REPRESENTATION (  '', ( #252 ), #7306 ) ;
#4784 = PRODUCT ( 'PR1KCS28_antenna_v1.STEP', 'PR1KCS28_antenna_v1.STEP', '', ( #2207 ) ) ;
#4785 = DIRECTION ( 'NONE',  ( 0.000000000000000000, 1.000000000000000000, 0.000000000000000000 ) ) ;
#4786 = COLOUR_RGB ( '',0.5019607843137254832, 0.5019607843137254832, 0.000000000000000000 ) ;
#4787 = LINE ( 'NONE', #3510, #1255 ) ;
#4788 = CARTESIAN_POINT ( 'NONE',  ( -1.268513763663661198, -2.402314104326319644, 71.88604830000443258 ) ) ;
#4789 = AXIS2_PLACEMENT_3D ( 'NONE', #1372, #7428, #1335 ) ;
#4790 = CARTESIAN_POINT ( 'NONE',  ( 0.4335281682800889991, 3.541190434132545185E-17, 69.28999824024549525 ) ) ;
#4791 = EDGE_CURVE ( 'NONE', #4210, #1638, #3166, .T. ) ;
#4792 = CARTESIAN_POINT ( 'NONE',  ( 2.009151109264158741, -0.0001122811825868004335, -4.904855900724414575 ) ) ;
#4793 = DIRECTION ( 'NONE',  ( 0.000000000000000000, -1.000000000000000000, 0.000000000000000000 ) ) ;
#4794 = UNCERTAINTY_MEASURE_WITH_UNIT (LENGTH_MEASURE( 1.000000000000000082E-05 ), #1495, 'distance_accuracy_value', 'NONE');
#4795 = CARTESIAN_POINT ( 'NONE',  ( 4.999999999999994671, -8.890625003413983762, 2.071067811865475949 ) ) ;
#4796 = CARTESIAN_POINT ( 'NONE',  ( 1.304636953224371121, 0.1055372985384062934, 7.999997593144308361 ) ) ;
#4797 = CARTESIAN_POINT ( 'NONE',  ( -5.676582343750004256, -8.656250001706990105, 2.351317394708899666 ) ) ;
#4798 = CARTESIAN_POINT ( 'NONE',  ( -3.535533905932735088, -2.093750003413985095, -3.535533905932739973 ) ) ;
#4799 = CARTESIAN_POINT ( 'NONE',  ( 5.676582343750006032, -6.937500001706994546, 2.351317394708905439 ) ) ;
#4800 = EDGE_LOOP ( 'NONE', ( #6759, #4742 ) ) ;
#4801 = APPLICATION_PROTOCOL_DEFINITION ( 'draft international standard', 'automotive_design', 1998, #1696 ) ;
#4802 = CARTESIAN_POINT ( 'NONE',  ( -1.382076251119709998, 6.161142665431478987E-16, 58.96176907103399856 ) ) ;
#4803 = CARTESIAN_POINT ( 'NONE',  ( -4.013949869229449519, -12.48437500170700076, -4.013949869229449519 ) ) ;
#4804 = CARTESIAN_POINT ( 'NONE',  ( 4.618802153517090225, 3.162395692965989991, 8.000000000000000000 ) ) ;
#4805 = PLANE ( 'NONE',  #6680 ) ;
#4806 = MECHANICAL_DESIGN_GEOMETRIC_PRESENTATION_REPRESENTATION (  '', ( #1920 ), #5190 ) ;
#4807 = CARTESIAN_POINT ( 'NONE',  ( -5.676582343750004256, -2.406250001706993213, -2.351317394708899666 ) ) ;
#4808 = AXIS2_PLACEMENT_3D ( 'NONE', #1896, #7220, #4846 ) ;
#4809 = ORIENTED_EDGE ( 'NONE', *, *, #2134, .F. ) ;
#4810 = DIRECTION ( 'NONE',  ( 0.000000000000000000, 1.000000000000000000, 0.000000000000000000 ) ) ;
#4811 = CARTESIAN_POINT ( 'NONE',  ( -2.004645000098845387, 2.124934262218169945, 51.31444164446440226 ) ) ;
#4812 = CARTESIAN_POINT ( 'NONE',  ( 3.535533905932735088, -10.21875000341399975, 3.535533905932739973 ) ) ;
#4813 = CARTESIAN_POINT ( 'NONE',  ( 3.535533905932735088, -7.406250000000000000, 3.535533905932739973 ) ) ;
#4814 = CARTESIAN_POINT ( 'NONE',  ( -5.676582343749999815, -7.484375001706989217, -6.951808397369819752E-16 ) ) ;
#4815 = EDGE_LOOP ( 'NONE', ( #4005, #7682, #1642, #5859 ) ) ;
#4816 = DIRECTION ( 'NONE',  ( 0.000000000000000000, 0.000000000000000000, 1.000000000000000000 ) ) ;
#4817 = AXIS2_PLACEMENT_3D ( 'NONE', #1210, #7352, #1841 ) ;
#4818 = CARTESIAN_POINT ( 'NONE',  ( -3.535533905930624776, -0.5312500000017260637, -3.535533905930624776 ) ) ;
#4819 = CARTESIAN_POINT ( 'NONE',  ( 0.8499999999999999778, -15.00000000000000000, 2.847243186433544793 ) ) ;
#4820 = VERTEX_POINT ( 'NONE', #5623 ) ;
#4821 = CARTESIAN_POINT ( 'NONE',  ( 0.000000000000000000, 0.000000000000000000, 0.000000000000000000 ) ) ;
#4822 = DIRECTION ( 'NONE',  ( 0.000000000000000000, 1.000000000000000000, 0.000000000000000000 ) ) ;
#4823 = CARTESIAN_POINT ( 'NONE',  ( 5.676582343750006032, -12.87500000170697945, -2.351317394708899666 ) ) ;
#4824 =( GEOMETRIC_REPRESENTATION_CONTEXT ( 3 ) GLOBAL_UNCERTAINTY_ASSIGNED_CONTEXT ( ( #7232 ) ) GLOBAL_UNIT_ASSIGNED_CONTEXT ( ( #5412, #1444, #248 ) ) REPRESENTATION_CONTEXT ( 'NONE', 'WORKASPACE' ) );
#4825 = CARTESIAN_POINT ( 'NONE',  ( -3.476273174958560030, -5.545690757951410637E-08, 51.57630845093579808 ) ) ;
#4826 = CARTESIAN_POINT ( 'NONE',  ( -0.02299761488856514810, 0.3013297830953039491, 48.52588658526439502 ) ) ;
#4827 =( LENGTH_UNIT ( ) NAMED_UNIT ( * ) SI_UNIT ( .MILLI., .METRE. ) );
#4828 = CARTESIAN_POINT ( 'NONE',  ( 4.292035686885269818, -7.310652746140157948E-09, -2.733511802533471702 ) ) ;
#4829 = FACE_OUTER_BOUND ( 'NONE', #7483, .T. ) ;
#4830 = CARTESIAN_POINT ( 'NONE',  ( 0.3277352663964252510, 1.562440389600563861, 50.87735653107895928 ) ) ;
#4831 = DIRECTION ( 'NONE',  ( 0.000000000000000000, 0.000000000000000000, 1.000000000000000000 ) ) ;
#4832 = CARTESIAN_POINT ( 'NONE',  ( -7.350865083233056652, 0.04354340259086608711, 3.268112480037801415 ) ) ;
#4833 = CARTESIAN_POINT ( 'NONE',  ( -5.676582343750004256, -11.15625000170699366, 2.351317394708899666 ) ) ;
#4834 = CARTESIAN_POINT ( 'NONE',  ( -2.071067811865475949, -1.703125003413983318, 4.999999999999994671 ) ) ;
#4835 = CARTESIAN_POINT ( 'NONE',  ( -4.013949869229449519, -4.828125001706989217, 4.013949869229449519 ) ) ;
#4836 = DIRECTION ( 'NONE',  ( -0.05419102103501000078, -5.875402273536609207E-18, -0.9985305870323569755 ) ) ;
#4837 = PRESENTATION_LAYER_ASSIGNMENT (  '', '', ( #2198 ) ) ;
#4838 = CARTESIAN_POINT ( 'NONE',  ( -6.505700971754256656, 4.356456597409110287, 4.731979661852944830 ) ) ;
#4839 = FILL_AREA_STYLE_COLOUR ( '', #2040 ) ;
#4840 = CARTESIAN_POINT ( 'NONE',  ( 3.475904198684909876E-16, -10.14062500170700076, -5.676582343749999815 ) ) ;
#4841 = CARTESIAN_POINT ( 'NONE',  ( 5.506528390943254081, 3.910284587961713854, 6.462261525380749383 ) ) ;
#4842 = SURFACE_STYLE_USAGE ( .BOTH. , #550 ) ;
#4843 = CARTESIAN_POINT ( 'NONE',  ( -2.351317394708905439, -2.093750001706989661, 5.676582343750004256 ) ) ;
#4844 = ORIENTED_EDGE ( 'NONE', *, *, #436, .T. ) ;
#4845 = PRODUCT_DEFINITION_SHAPE ( 'NONE', 'NONE',  #5900 ) ;
#4846 = DIRECTION ( 'NONE',  ( 5.627682551812640154E-15, -1.000000000000000000, 0.000000000000000000 ) ) ;
#4847 = CARTESIAN_POINT ( 'NONE',  ( 6.123233995736771213E-16, -13.50000000000000000, -5.000000000000000000 ) ) ;
#4848 = ADVANCED_FACE ( 'NONE', ( #7416 ), #3675, .T. ) ;
#4849 = SURFACE_SIDE_STYLE ('',( #7222 ) ) ;
#4850 = CARTESIAN_POINT ( 'NONE',  ( -2.071067811865475949, -8.421875003413980210, -5.000000000000005329 ) ) ;
#4851 = CARTESIAN_POINT ( 'NONE',  ( 5.000000000000005329, -2.171874999999998668, -2.071067811865475949 ) ) ;
#4852 = CARTESIAN_POINT ( 'NONE',  ( -4.013949869229449519, -7.328125001706989217, 4.013949869229449519 ) ) ;
#4853 = VERTEX_POINT ( 'NONE', #6112 ) ;
#4854 = CARTESIAN_POINT ( 'NONE',  ( -2.235162479945060010, -1.051744019374197592, 48.75557033802760287 ) ) ;
#4855 = CARTESIAN_POINT ( 'NONE',  ( -2.071067811862567609, -0.6093750000018152146, -4.999999999998690825 ) ) ;
#4856 = ORIENTED_EDGE ( 'NONE', *, *, #6066, .F. ) ;
#4857 = CARTESIAN_POINT ( 'NONE',  ( -0.9638892263923083403, 3.763587992141042449, 69.36583715435874353 ) ) ;
#4858 = CARTESIAN_POINT ( 'NONE',  ( 1.372979557169495157, -2.749999999999999112, 61.22724089006335646 ) ) ;
#4859 = CARTESIAN_POINT ( 'NONE',  ( 4.013949869229449519, -11.54687500170700076, -4.013949869229449519 ) ) ;
#4860 = PRESENTATION_STYLE_ASSIGNMENT (( #6684 ) ) ;
#4861 =( GEOMETRIC_REPRESENTATION_CONTEXT ( 3 ) GLOBAL_UNCERTAINTY_ASSIGNED_CONTEXT ( ( #6067 ) ) GLOBAL_UNIT_ASSIGNED_CONTEXT ( ( #530, #7740, #644 ) ) REPRESENTATION_CONTEXT ( 'NONE', 'WORKASPACE' ) );
#4862 =( NAMED_UNIT ( * ) SI_UNIT ( $, .STERADIAN. ) SOLID_ANGLE_UNIT ( ) );
#4863 = CARTESIAN_POINT ( 'NONE',  ( 4.255803668116759475, -4.210200412224949987E-07, -2.798568688757958167 ) ) ;
#4864 = DIRECTION ( 'NONE',  ( 0.000000000000000000, 1.000000000000000000, 0.000000000000000000 ) ) ;
#4865 = CARTESIAN_POINT ( 'NONE',  ( -3.673607934074770043, -6.067411595324149875E-16, -4.327608098254405178 ) ) ;
#4866 = UNCERTAINTY_MEASURE_WITH_UNIT (LENGTH_MEASURE( 1.000000000000000082E-05 ), #7322, 'distance_accuracy_value', 'NONE');
#4867 = CARTESIAN_POINT ( 'NONE',  ( 0.8503623672778402032, 0.7181515198129645450, 50.77619596527796375 ) ) ;
#4868 =( LENGTH_UNIT ( ) NAMED_UNIT ( * ) SI_UNIT ( .MILLI., .METRE. ) );
#4869 = FILL_AREA_STYLE ('',( #782 ) ) ;
#4870 = CARTESIAN_POINT ( 'NONE',  ( 4.013949869229449519, -9.203125001706990105, -4.013949869229449519 ) ) ;
#4871 = SURFACE_STYLE_FILL_AREA ( #1461 ) ;
#4872 = EDGE_CURVE ( 'NONE', #6168, #2542, #4013, .T. ) ;
#4873 = CARTESIAN_POINT ( 'NONE',  ( -4.013949869229449519, -3.890625001706990105, -4.013949869229449519 ) ) ;
#4874 = CARTESIAN_POINT ( 'NONE',  ( 4.013949869229449519, -5.765625001706989217, 4.013949869229449519 ) ) ;
#4875 = DIRECTION ( 'NONE',  ( -0.9985305870323568644, 0.000000000000000000, 0.05419102103500995915 ) ) ;
#4876 = EDGE_CURVE ( 'NONE', #6997, #6002, #5937, .T. ) ;
#4877 = CARTESIAN_POINT ( 'NONE',  ( 8.133784423294818211, 0.3554262049255113021, 1.911872404780193380 ) ) ;
#4878 = CARTESIAN_POINT ( 'NONE',  ( -5.676582343750006032, -12.25000000170699543, 2.351317394708899666 ) ) ;
#4879 = FACE_OUTER_BOUND ( 'NONE', #1094, .T. ) ;
#4880 = PRESENTATION_STYLE_ASSIGNMENT (( #4842 ) ) ;
#4881 = CARTESIAN_POINT ( 'NONE',  ( 5.676582343749999815, -2.953125001706990105, 0.000000000000000000 ) ) ;
#4882 = VERTEX_POINT ( 'NONE', #6036 ) ;
#4883 = FILL_AREA_STYLE_COLOUR ( '', #4331 ) ;
#4884 = CARTESIAN_POINT ( 'NONE',  ( 4.618802153517090225, 1.237604307033950191, 8.000000000000000000 ) ) ;
#4885 = CARTESIAN_POINT ( 'NONE',  ( 0.8499999999999999778, -15.00000000000000000, 1.472243186433545903 ) ) ;
#4886 = CARTESIAN_POINT ( 'NONE',  ( -9.184850993605149917E-16, -9.125000003413978433, 5.000000000000000000 ) ) ;
#4887 = EDGE_CURVE ( 'NONE', #4737, #440, #417, .T. ) ;
#4888 = CARTESIAN_POINT ( 'NONE',  ( 4.999999999999994671, -4.828124999999998224, 2.071067811865475949 ) ) ;
#4889 = CARTESIAN_POINT ( 'NONE',  ( -1.418032821118762283E-11, -10.06250000000054001, 5.000000000000000000 ) ) ;
#4890 = CARTESIAN_POINT ( 'NONE',  ( 2.351317394708899666, -11.62500000170699010, -5.676582343750006032 ) ) ;
#4891 = VERTEX_POINT ( 'NONE', #6538 ) ;
#4892 = ADVANCED_FACE ( 'NONE', ( #7283 ), #1813, .T. ) ;
#4893 = CARTESIAN_POINT ( 'NONE',  ( -2.978107107179515101, 0.7649258142231096791, 50.07558933206325946 ) ) ;
#4894 = VECTOR ( 'NONE', #5759, 1000.000000000000000 ) ;
#4895 = DIRECTION ( 'NONE',  ( 0.000000000000000000, 1.000000000000000000, 0.000000000000000000 ) ) ;
#4896 = SURFACE_STYLE_FILL_AREA ( #4942 ) ;
#4897 = ORIENTED_EDGE ( 'NONE', *, *, #6940, .T. ) ;
#4898 = SURFACE_STYLE_FILL_AREA ( #6055 ) ;
#4899 = CARTESIAN_POINT ( 'NONE',  ( 1.270191908116037993, 4.477253316603870700E-16, 58.17724522720969560 ) ) ;
#4900 = FILL_AREA_STYLE_COLOUR ( '', #6292 ) ;
#4901 = CARTESIAN_POINT ( 'NONE',  ( -0.9021345289567638259, 1.310132176718274533, 49.36013150103310920 ) ) ;
#4902 = CARTESIAN_POINT ( 'NONE',  ( -0.5754910469848258936, -3.886080498488846846, 69.34475848718163604 ) ) ;
#4903 = COLOUR_RGB ( '',1.000000000000000000, 1.000000000000000000, 0.000000000000000000 ) ;
#4904 = CARTESIAN_POINT ( 'NONE',  ( 3.887366040066659423, 5.083300499376212380E-05, -3.360078662723759102 ) ) ;
#4905 = CYLINDRICAL_SURFACE ( 'NONE', #891, 6.150000000000000355 ) ;
#4906 = EDGE_CURVE ( 'NONE', #4031, #7300, #5307, .T. ) ;
#4907 = CARTESIAN_POINT ( 'NONE',  ( -3.230825353143466305, -0.1782968624586987461, 50.23065740381286304 ) ) ;
#4908 = VECTOR ( 'NONE', #1977, 1000.000000000000000 ) ;
#4909 = DIRECTION ( 'NONE',  ( 0.000000000000000000, 0.000000000000000000, 1.000000000000000000 ) ) ;
#4910 =( LENGTH_UNIT ( ) NAMED_UNIT ( * ) SI_UNIT ( .MILLI., .METRE. ) );
#4911 =( LENGTH_UNIT ( ) NAMED_UNIT ( * ) SI_UNIT ( .MILLI., .METRE. ) );
#4912 = EDGE_CURVE ( 'NONE', #1983, #127, #1912, .T. ) ;
#4913 =( GEOMETRIC_REPRESENTATION_CONTEXT ( 3 ) GLOBAL_UNCERTAINTY_ASSIGNED_CONTEXT ( ( #1959 ) ) GLOBAL_UNIT_ASSIGNED_CONTEXT ( ( #7697, #4672, #7198 ) ) REPRESENTATION_CONTEXT ( 'NONE', 'WORKASPACE' ) );
#4914 = CARTESIAN_POINT ( 'NONE',  ( 4.013949869229449519, -2.953125001706990105, -4.013949869229449519 ) ) ;
#4915 = DIRECTION ( 'NONE',  ( 0.000000000000000000, -1.000000000000000000, 0.000000000000000000 ) ) ;
#4916 = CARTESIAN_POINT ( 'NONE',  ( -5.676582343749999815, -2.484375001706990105, -6.951808397369819752E-16 ) ) ;
#4917 = CARTESIAN_POINT ( 'NONE',  ( 2.351317394708899666, -4.125000001706988328, -5.676582343750006032 ) ) ;
#4918 = CARTESIAN_POINT ( 'NONE',  ( 0.000000000000000000, 0.5999999999999999778, -6.150000000000000355 ) ) ;
#4919 = FACE_OUTER_BOUND ( 'NONE', #6014, .T. ) ;
#4920 = DIRECTION ( 'NONE',  ( 0.000000000000000000, 0.000000000000000000, 1.000000000000000000 ) ) ;
#4921 = CARTESIAN_POINT ( 'NONE',  ( -5.676582343750006032, -4.906250001706996322, -2.351317394708899666 ) ) ;
#4922 = PRESENTATION_STYLE_ASSIGNMENT (( #2529 ) ) ;
#4923 = CARTESIAN_POINT ( 'NONE',  ( -2.912624327617324926, -0.8248579482939549790, 50.06879228900639589 ) ) ;
#4924 = AXIS2_PLACEMENT_3D ( 'NONE', #2922, #4723, #1063 ) ;
#4925 = CARTESIAN_POINT ( 'NONE',  ( -4.013949869229449519, -4.671875001706989217, 4.013949869229449519 ) ) ;
#4926 =( GEOMETRIC_REPRESENTATION_CONTEXT ( 3 ) GLOBAL_UNCERTAINTY_ASSIGNED_CONTEXT ( ( #1334 ) ) GLOBAL_UNIT_ASSIGNED_CONTEXT ( ( #233, #272, #6307 ) ) REPRESENTATION_CONTEXT ( 'NONE', 'WORKASPACE' ) );
#4927 = ORIENTED_EDGE ( 'NONE', *, *, #4140, .T. ) ;
#4928 = SURFACE_STYLE_FILL_AREA ( #1431 ) ;
#4929 = DIRECTION ( 'NONE',  ( 0.000000000000000000, -1.000000000000000000, 0.000000000000000000 ) ) ;
#4930 = PRESENTATION_STYLE_ASSIGNMENT (( #555 ) ) ;
#4931 = DIRECTION ( 'NONE',  ( 9.337349807258198053E-17, 0.000000000000000000, 1.000000000000000000 ) ) ;
#4932 =( GEOMETRIC_REPRESENTATION_CONTEXT ( 3 ) GLOBAL_UNCERTAINTY_ASSIGNED_CONTEXT ( ( #6137 ) ) GLOBAL_UNIT_ASSIGNED_CONTEXT ( ( #7632, #5761, #2772 ) ) REPRESENTATION_CONTEXT ( 'NONE', 'WORKASPACE' ) );
#4933 = CARTESIAN_POINT ( 'NONE',  ( -3.535533905932739973, -10.53125000341398021, 3.535533905932735088 ) ) ;
#4934 = CARTESIAN_POINT ( 'NONE',  ( -5.000000000000005329, -2.953125000000001332, -2.071067811865475949 ) ) ;
#4935 = EDGE_CURVE ( 'NONE', #4445, #2548, #2107, .T. ) ;
#4936 = SURFACE_STYLE_USAGE ( .BOTH. , #712 ) ;
#4937 = CARTESIAN_POINT ( 'NONE',  ( -2.351317394708899666, -7.718750001706990105, -5.676582343750006032 ) ) ;
#4938 = VERTEX_POINT ( 'NONE', #2084 ) ;
#4939 = DIRECTION ( 'NONE',  ( 0.000000000000000000, 0.000000000000000000, 1.000000000000000000 ) ) ;
#4940 = CARTESIAN_POINT ( 'NONE',  ( 6.928203230275550517, 4.400000000000000355, 4.000000000000000000 ) ) ;
#4941 = FILL_AREA_STYLE ('',( #640 ) ) ;
#4942 = FILL_AREA_STYLE ('',( #1363 ) ) ;
#4943 = EDGE_LOOP ( 'NONE', ( #5924, #5535, #6011, #206 ) ) ;
#4944 = COLOUR_RGB ( '',0.5019607843137254832, 0.5019607843137254832, 0.5019607843137254832 ) ;
#4945 = CARTESIAN_POINT ( 'NONE',  ( -8.579281329217968377, 3.746988646488823349, 1.139921665806878925 ) ) ;
#4946 = ADVANCED_FACE ( 'NONE', ( #7399, #6147 ), #102, .F. ) ;
#4947 =( LENGTH_UNIT ( ) NAMED_UNIT ( * ) SI_UNIT ( .MILLI., .METRE. ) );
#4948 = CARTESIAN_POINT ( 'NONE',  ( 5.676582343749999815, -10.45312500170700076, 0.000000000000000000 ) ) ;
#4949 = EDGE_CURVE ( 'NONE', #1630, #4882, #33, .T. ) ;
#4950 = CARTESIAN_POINT ( 'NONE',  ( -0.04569043221055160003, 0.3898792344461740611, 48.52846153231959647 ) ) ;
#4951 = PRESENTATION_LAYER_ASSIGNMENT (  '', '', ( #6339 ) ) ;
#4952 =( NAMED_UNIT ( * ) PLANE_ANGLE_UNIT ( ) SI_UNIT ( $, .RADIAN. ) );
#4953 = FILL_AREA_STYLE_COLOUR ( '', #4786 ) ;
#4954 = UNCERTAINTY_MEASURE_WITH_UNIT (LENGTH_MEASURE( 1.000000000000000082E-05 ), #4575, 'distance_accuracy_value', 'NONE');
#4955 = CARTESIAN_POINT ( 'NONE',  ( 0.05541447072851814204, 4.477253316603870700E-16, 44.71953249614446690 ) ) ;
#4956 = CARTESIAN_POINT ( 'NONE',  ( -6.053203230275529201, 4.210830322920400270, -5.515544456622719416 ) ) ;
#4957 = CYLINDRICAL_SURFACE ( 'NONE', #6028, 40.00000000000000000 ) ;
#4958 = CARTESIAN_POINT ( 'NONE',  ( 2.351317394708899666, -6.625000001706990993, -5.676582343750004256 ) ) ;
#4959 = CARTESIAN_POINT ( 'NONE',  ( 13.62500000000000000, 3.533254742261115176E-16, -65.48512825965229922 ) ) ;
#4960 = EDGE_CURVE ( 'NONE', #5256, #4255, #2526, .T. ) ;
#4961 = CARTESIAN_POINT ( 'NONE',  ( -2.351317394708905439, -4.750000001706988328, 5.676582343750006032 ) ) ;
#4962 = CARTESIAN_POINT ( 'NONE',  ( 5.676582343749999815, -1.859375001706989883, 0.000000000000000000 ) ) ;
#4963 = EDGE_CURVE ( 'NONE', #670, #3781, #2603, .T. ) ;
#4964 = CARTESIAN_POINT ( 'NONE',  ( -4.592451585923456925, -0.03671917288292889797, -3.336611384978043215 ) ) ;
#4965 = CARTESIAN_POINT ( 'NONE',  ( 6.828613794854883068, 4.400000000000003020, -4.172493962045618510 ) ) ;
#4966 = CARTESIAN_POINT ( 'NONE',  ( 5.676582343750006032, -5.531250001706990993, 2.351317394708905439 ) ) ;
#4967 = CARTESIAN_POINT ( 'NONE',  ( 9.237604307034001039, 4.400000000000000355, 0.000000000000000000 ) ) ;
#4968 = CARTESIAN_POINT ( 'NONE',  ( 5.000000000000222045, -5.921874999999872990, -2.071067811865567876 ) ) ;
#4969 = CARTESIAN_POINT ( 'NONE',  ( -2.473887233472008784, -1.966549503919715169, 62.93822066510287527 ) ) ;
#4970 = CARTESIAN_POINT ( 'NONE',  ( -0.4764473536273958199, -3.895890706673255544, 71.84306224825515130 ) ) ;
#4971 = SHAPE_REPRESENTATION_RELATIONSHIP ( 'NONE' , 'NONE' ,  #2860, #1969 ) ;
#4972 = DIRECTION ( 'NONE',  ( 1.000000000000000000, 0.000000000000000000, 0.000000000000000000 ) ) ;
#4973 = CARTESIAN_POINT ( 'NONE',  ( -3.535533905932735088, -9.593750003413978433, -3.535533905932739973 ) ) ;
#4974 = CARTESIAN_POINT ( 'NONE',  ( 5.000000000000005329, -4.671874999999997335, -2.071067811865475949 ) ) ;
#4975 = CARTESIAN_POINT ( 'NONE',  ( -2.351317394708899666, -11.31250000170700432, -5.676582343750004256 ) ) ;
#4976 = CARTESIAN_POINT ( 'NONE',  ( -4.013949869229449519, -8.890625001706990105, -4.013949869229449519 ) ) ;
#4977 = ORIENTED_EDGE ( 'NONE', *, *, #5248, .T. ) ;
#4978 = EDGE_LOOP ( 'NONE', ( #5452, #520, #510, #4684, #6367 ) ) ;
#4979 = CARTESIAN_POINT ( 'NONE',  ( 8.579281329227047337, 3.746988646481300922, -1.139921665795684547 ) ) ;
#4980 = CARTESIAN_POINT ( 'NONE',  ( -2.347964541879438372, 0.9443053310222992991, 48.76661103645189854 ) ) ;
#4981 = LINE ( 'NONE', #2713, #2183 ) ;
#4982 = EDGE_LOOP ( 'NONE', ( #5655, #3105, #7713, #2301, #2251, #6908 ) ) ;
#4983 = CARTESIAN_POINT ( 'NONE',  ( -7.632479766243278618, 4.277093576163169431, 2.780137655922371831 ) ) ;
#4984 = CARTESIAN_POINT ( 'NONE',  ( 0.6334997924197571795, -2.749999999999999112, 54.26006629790607150 ) ) ;
#4985 = PRESENTATION_STYLE_ASSIGNMENT (( #5501 ) ) ;
#4986 = DIRECTION ( 'NONE',  ( 0.000000000000000000, 0.000000000000000000, 1.000000000000000000 ) ) ;
#4987 = CARTESIAN_POINT ( 'NONE',  ( -0.01975634557674797384, 0.3847235518073720550, 49.23461096806042292 ) ) ;
#4988 = B_SPLINE_CURVE_WITH_KNOTS ( 'NONE', 3,
 ( #7325, #99, #149, #2273 ),
 .UNSPECIFIED., .F., .F.,
 ( 4, 4 ),
 ( 0.000000000000000000, 1.000000000000000000 ),
 .UNSPECIFIED. ) ;
#4989 = FILL_AREA_STYLE ('',( #2640 ) ) ;
#4990 = CARTESIAN_POINT ( 'NONE',  ( 3.184901028377897791, 6.355823222111714953E-05, -4.122509092249122098 ) ) ;
#4991 = CARTESIAN_POINT ( 'NONE',  ( -3.535533905932739973, -1.781250003413985095, 3.535533905932735088 ) ) ;
#4992 = CARTESIAN_POINT ( 'NONE',  ( -3.476273174958560030, -5.545690757951410637E-08, 51.57630845093579808 ) ) ;
#4993 = CYLINDRICAL_SURFACE ( 'NONE', #2928, 3.200000000000001066 ) ;
#4994 = COLOUR_RGB ( '',0.5019607843137254832, 0.5019607843137254832, 0.000000000000000000 ) ;
#4995 = DIRECTION ( 'NONE',  ( 0.000000000000000000, 0.000000000000000000, 1.000000000000000000 ) ) ;
#4996 = CARTESIAN_POINT ( 'NONE',  ( -1.042771259605471878E-15, -4.671875001706989217, 5.676582343749999815 ) ) ;
#4997 = CARTESIAN_POINT ( 'NONE',  ( 16.33921243041893590, 0.3599033409940083916, -65.48512825965229922 ) ) ;
#4998 = ADVANCED_FACE ( 'NONE', ( #7441 ), #6862, .F. ) ;
#4999 = CARTESIAN_POINT ( 'NONE',  ( 3.475904198684909876E-16, -5.296875001706990105, -5.676582343749999815 ) ) ;
#5000 = CARTESIAN_POINT ( 'NONE',  ( -4.013949869229449519, -0.1406250017069906044, -4.013949869229449519 ) ) ;
#5001 = CARTESIAN_POINT ( 'NONE',  ( 4.599355438478710312, 1.981944279537670273, 69.06391559825200943 ) ) ;
#5002 = CARTESIAN_POINT ( 'NONE',  ( 6.430838922484436893, 4.338390717610758784, -4.861719171017263363 ) ) ;
#5003 = CARTESIAN_POINT ( 'NONE',  ( -0.4764473536273791110, 3.895890706673272419, 71.84306224825513709 ) ) ;
#5004 = CARTESIAN_POINT ( 'NONE',  ( 3.475904198684909876E-16, -7.640625001706989217, -5.676582343749999815 ) ) ;
#5005 = CARTESIAN_POINT ( 'NONE',  ( 0.000000000000000000, 4.400000000000000355, 0.000000000000000000 ) ) ;
#5006 = B_SPLINE_CURVE_WITH_KNOTS ( 'NONE', 3,
 ( #3119, #1961, #6224, #6069 ),
 .UNSPECIFIED., .F., .F.,
 ( 4, 4 ),
 ( 0.000000000000000000, 1.000000000000000000 ),
 .UNSPECIFIED. ) ;
#5007 = ORIENTED_EDGE ( 'NONE', *, *, #6673, .T. ) ;
#5008 = CYLINDRICAL_SURFACE ( 'NONE', #537, 5.000000000000000000 ) ;
#5009 = CARTESIAN_POINT ( 'NONE',  ( -8.653176161787410337, 4.400000000000000355, -2.975187644189464908 ) ) ;
#5010 = DIRECTION ( 'NONE',  ( 1.000000000000000000, 0.000000000000000000, 0.000000000000000000 ) ) ;
#5011 = PLANE ( 'NONE',  #4592 ) ;
#5012 =( BOUNDED_SURFACE ( )  B_SPLINE_SURFACE ( 1, 2, ( 
 ( #7384, #4823, #2599, #1241, #7235, #3669, #7309, #6058, #1990, #1284, #1916, #3709, #2472, #4414, #722, #4295, #3149, #1408, #4859, #3830, #1873, #6683, #6098, #3111, #84, #5547, #4334, #6722, #1325, #3746, #131, #2555, #4948, #1952, #4376, #3268, #2753, #5626, #4588, #3873, #2637, #1596, #6369, #6960, #5024, #4557, #1449, #6884, #254, #3308, #5704, #7419, #2102, #5175, #1487, #3942, #292, #5780, #215, #889, #6922, #2031, #4453, #966, #854, #4517, #3909, #1564, #5662, #6287, #7579, #3384, #6990, #6846, #7504, #6251, #2180, #5137, #6329, #7540, #360, #1526, #7465, #2717, #5101, #2070, #4010, #2675, #4482, #933, #6401, #1001, #2793, #3982, #5064, #3347, #5744, #327, #2143, #4660, #1703, #1074, #3578, #5815, #6469, #4698, #2833, #400, #6551, #6435, #2293, #7062, #7138, #1039, #1673, #5367, #1152, #4771, #5215, #5289, #7615, #2982, #2938, #4120, #5330, #4162, #7689, #5253, #3494, #4085, #7648, #1781, #437, #2253, #7099, #4207, #7766, #5965, #1741, #557, #7188, #3460, #5884, #2863, #1105, #2373, #3423, #6595, #2219, #475, #2894, #6506, #3532, #5921, #4621, #7026, #1632, #4045, #516, #7725, #2335, #4734, #5854, #163, #6671, #1824, #634, #4248, #35 ),
 ( #6750, #5488, #1355, #7296, #3616, #4284, #6121, #5531, #710, #75, #5405, #3136, #4365, #3023, #117, #3772, #6159, #2418, #2539, #3656, #5576, #3180, #674, #1273, #2496, #5444, #4933, #755, #3735, #7259, #4812, #2586, #5194, #7224, #6047, #2458, #1901, #7337, #4973, #7373, #3062, #1862, #3102, #6637, #4886, #1314, #1978, #1942, #4402, #1194, #4322, #3697, #6711, #4850, #6008, #595, #1230, #6087, #203, #6356, #801, #3217, #1436, #3256, #7495, #920, #5770, #5163, #3860, #7453, #6274, #5614, #282, #6913, #3372, #2742, #1513, #243, #6947, #6242, #1553, #5692, #2708, #3973, #352, #2782, #6318, #3898, #2626, #3341, #5014, #6786, #956, #878, #5089, #7567, #4546, #2093, #841, #1476, #5733, #5128, #3296, #317, #6832, #4506, #3932, #7532, #2132, #2169, #1394, #4472, #3814, #5652, #6200, #7407, #2021, #4442, #2664, #5052, #2058, #6871, #4756, #4037, #5350, #6389, #23, #4611, #5207, #3045, #1847, #5991, #1216, #4269, #4798, #6529, #7786, #2821, #1808, #4834, #7017, #3410, #7751, #3562, #6981, #4580, #6655, #5805, #3008, #3599, #2210, #7245, #5428, #2354, #580, #7606, #2442, #1180, #1252, #5390, #1585, #7163, #4231, #3640, #6621, #2399, #990, #6031, #3681 ) ),
 .UNSPECIFIED., .F., .F., .T. ) 
 B_SPLINE_SURFACE_WITH_KNOTS ( ( 2, 2 ),
 ( 3, 2, 2, 2, 2, 2, 2, 2, 2, 2, 2, 2, 2, 2, 2, 2, 2, 2, 2, 2, 2, 2, 2, 2, 2, 2, 2, 2, 2, 2, 2, 2, 2, 2, 2, 2, 2, 2, 2, 2, 2, 2, 2, 2, 2, 2, 2, 2, 2, 2, 2, 2, 2, 2, 2, 2, 2, 2, 2, 2, 2, 2, 2, 2, 2, 2, 2, 2, 2, 2, 2, 2, 2, 2, 2, 2, 2, 2, 2, 2, 2, 2, 2, 2, 3 ),
 ( 0.000000000000000000, 1.000000000000000000 ),
 ( 0.000000000000000000, 0.01136363636363636048, 0.02272727272727274872, 0.03409090909090910226, 0.04545454545454549744, 0.05681818181818180241, 0.06818181818181820453, 0.07954545454545450256, 0.09090909090909089774, 0.1022727272727271958, 0.1136363636363636048, 0.1250000000000000000, 0.1363636363636364091, 0.1477272727272725961, 0.1590909090909090051, 0.1704545454545454974, 0.1818181818181820175, 0.1931818181818180102, 0.2045454545454545026, 0.2159090909090909949, 0.2272727272727275150, 0.2386363636363634799, 0.2500000000000000000, 0.2613636363636365201, 0.2727272727272725406, 0.2840909090909090051, 0.2954545454545455252, 0.3068181818181820453, 0.3181818181818180102, 0.3295454545454545303, 0.3409090909090910504, 0.3522727272727275150, 0.3636363636363635354, 0.3750000000000000000, 0.3863636363636365201, 0.3977272727272725406, 0.4090909090909090051, 0.4204545454545455252, 0.4318181818181820453, 0.4431818181818180102, 0.4545454545454550299, 0.4659090909090910504, 0.4772727272727270154, 0.4886363636363640350, 0.5000000000000000000, 0.5113636363636360205, 0.5227272727272730402, 0.5340909090909089496, 0.5454545454545449701, 0.5568181818181819898, 0.5681818181818180102, 0.5795454545454550299, 0.5909090909090910504, 0.6022727272727269598, 0.6136363636363639795, 0.6250000000000000000, 0.6363636363636360205, 0.6477272727272730402, 0.6590909090909089496, 0.6704545454545449701, 0.6818181818181819898, 0.6931818181818180102, 0.7045454545454550299, 0.7159090909090910504, 0.7272727272727269598, 0.7386363636363639795, 0.7500000000000000000, 0.7613636363636360205, 0.7727272727272730402, 0.7840909090909089496, 0.7954545454545449701, 0.8068181818181819898, 0.8181818181818180102, 0.8295454545454550299, 0.8409090909090910504, 0.8522727272727269598, 0.8636363636363639795, 0.8750000000000000000, 0.8863636363636360205, 0.8977272727272730402, 0.9090909090909089496, 0.9204545454545449701, 0.9318181818181819898, 0.9431818181818180102, 0.9454828657533299596 ),
 .UNSPECIFIED. ) 
 GEOMETRIC_REPRESENTATION_ITEM ( )  RATIONAL_B_SPLINE_SURFACE ( (
 ( 1.000000000000000000, 0.9238795325112869605, 1.000000000000000000, 0.9238795325112869605, 1.000000000000000000, 0.9238795325112869605, 1.000000000000000000, 0.9238795325112869605, 1.000000000000000000, 0.9238795325112869605, 1.000000000000000000, 0.9238795325112869605, 1.000000000000000000, 0.9238795325112869605, 1.000000000000000000, 0.9238795325112869605, 1.000000000000000000, 0.9238795325112869605, 1.000000000000000000, 0.9238795325112869605, 1.000000000000000000, 0.9238795325112869605, 1.000000000000000000, 0.9238795325112869605, 1.000000000000000000, 0.9238795325112869605, 1.000000000000000000, 0.9238795325112869605, 1.000000000000000000, 0.9238795325112869605, 1.000000000000000000, 0.9238795325112869605, 1.000000000000000000, 0.9238795325112869605, 1.000000000000000000, 0.9238795325112869605, 1.000000000000000000, 0.9238795325112869605, 1.000000000000000000, 0.9238795325112869605, 1.000000000000000000, 0.9238795325112869605, 1.000000000000000000, 0.9238795325112869605, 1.000000000000000000, 0.9238795325112869605, 1.000000000000000000, 0.9238795325112869605, 1.000000000000000000, 0.9238795325112869605, 1.000000000000000000, 0.9238795325112869605, 1.000000000000000000, 0.9238795325112869605, 1.000000000000000000, 0.9238795325112869605, 1.000000000000000000, 0.9238795325112869605, 1.000000000000000000, 0.9238795325112869605, 1.000000000000000000, 0.9238795325112869605, 1.000000000000000000, 0.9238795325112869605, 1.000000000000000000, 0.9238795325112869605, 1.000000000000000000, 0.9238795325112869605, 1.000000000000000000, 0.9238795325112869605, 1.000000000000000000, 0.9238795325112869605, 1.000000000000000000, 0.9238795325112869605, 1.000000000000000000, 0.9238795325112869605, 1.000000000000000000, 0.9238795325112869605, 1.000000000000000000, 0.9238795325112869605, 1.000000000000000000, 0.9238795325112869605, 1.000000000000000000, 0.9238795325112869605, 1.000000000000000000, 0.9238795325112869605, 1.000000000000000000, 0.9238795325112869605, 1.000000000000000000, 0.9238795325112869605, 1.000000000000000000, 0.9238795325112869605, 1.000000000000000000, 0.9238795325112869605, 1.000000000000000000, 0.9238795325112869605, 1.000000000000000000, 0.9238795325112869605, 1.000000000000000000, 0.9238795325112869605, 1.000000000000000000, 0.9238795325112869605, 1.000000000000000000, 0.9238795325112869605, 1.000000000000000000, 0.9238795325112869605, 1.000000000000000000, 0.9238795325112869605, 1.000000000000000000, 0.9238795325112869605, 1.000000000000000000, 0.9238795325112869605, 1.000000000000000000, 0.9238795325112869605, 1.000000000000000000, 0.9238795325112869605, 1.000000000000000000, 0.9238795325112869605, 1.000000000000000000, 0.9238795325112869605, 1.000000000000000000, 0.9238795325112869605, 1.000000000000000000, 0.9238795325112869605, 1.000000000000000000, 0.9238795325112869605, 1.000000000000000000, 0.9238795325112869605, 1.000000000000000000, 0.9238795325112869605, 1.000000000000000000, 0.9238795325112869605, 1.000000000000000000, 0.9238795325112869605, 1.000000000000000000, 0.9238795325112869605, 1.000000000000000000, 0.9238795325112869605, 1.000000000000000000, 0.9238795325112869605, 1.000000000000000000, 0.9238795325112869605, 1.000000000000000000, 0.9238795325112869605, 1.000000000000000000, 0.9238795325112869605, 1.000000000000000000, 0.9238795325112869605, 1.000000000000000000, 0.9238795325112869605, 1.000000000000000000, 0.9238795325112869605, 1.000000000000000000, 0.9238795325112869605, 1.000000000000000000, 0.9238795325112869605, 1.000000000000000000, 0.9238795325112869605, 1.000000000000000000, 0.9238795325112869605, 1.000000000000000000, 0.9238795325112869605, 1.000000000000000000, 0.9238795325112869605, 1.000000000000000000, 0.9238795325112869605, 1.000000000000000000, 0.9845862001165599509, 0.9754147483080840564),
 ( 1.000000000000000000, 0.9238795325112869605, 1.000000000000000000, 0.9238795325112869605, 1.000000000000000000, 0.9238795325112869605, 1.000000000000000000, 0.9238795325112869605, 1.000000000000000000, 0.9238795325112869605, 1.000000000000000000, 0.9238795325112869605, 1.000000000000000000, 0.9238795325112869605, 1.000000000000000000, 0.9238795325112869605, 1.000000000000000000, 0.9238795325112869605, 1.000000000000000000, 0.9238795325112869605, 1.000000000000000000, 0.9238795325112869605, 1.000000000000000000, 0.9238795325112869605, 1.000000000000000000, 0.9238795325112869605, 1.000000000000000000, 0.9238795325112869605, 1.000000000000000000, 0.9238795325112869605, 1.000000000000000000, 0.9238795325112869605, 1.000000000000000000, 0.9238795325112869605, 1.000000000000000000, 0.9238795325112869605, 1.000000000000000000, 0.9238795325112869605, 1.000000000000000000, 0.9238795325112869605, 1.000000000000000000, 0.9238795325112869605, 1.000000000000000000, 0.9238795325112869605, 1.000000000000000000, 0.9238795325112869605, 1.000000000000000000, 0.9238795325112869605, 1.000000000000000000, 0.9238795325112869605, 1.000000000000000000, 0.9238795325112869605, 1.000000000000000000, 0.9238795325112869605, 1.000000000000000000, 0.9238795325112869605, 1.000000000000000000, 0.9238795325112869605, 1.000000000000000000, 0.9238795325112869605, 1.000000000000000000, 0.9238795325112869605, 1.000000000000000000, 0.9238795325112869605, 1.000000000000000000, 0.9238795325112869605, 1.000000000000000000, 0.9238795325112869605, 1.000000000000000000, 0.9238795325112869605, 1.000000000000000000, 0.9238795325112869605, 1.000000000000000000, 0.9238795325112869605, 1.000000000000000000, 0.9238795325112869605, 1.000000000000000000, 0.9238795325112869605, 1.000000000000000000, 0.9238795325112869605, 1.000000000000000000, 0.9238795325112869605, 1.000000000000000000, 0.9238795325112869605, 1.000000000000000000, 0.9238795325112869605, 1.000000000000000000, 0.9238795325112869605, 1.000000000000000000, 0.9238795325112869605, 1.000000000000000000, 0.9238795325112869605, 1.000000000000000000, 0.9238795325112869605, 1.000000000000000000, 0.9238795325112869605, 1.000000000000000000, 0.9238795325112869605, 1.000000000000000000, 0.9238795325112869605, 1.000000000000000000, 0.9238795325112869605, 1.000000000000000000, 0.9238795325112869605, 1.000000000000000000, 0.9238795325112869605, 1.000000000000000000, 0.9238795325112869605, 1.000000000000000000, 0.9238795325112869605, 1.000000000000000000, 0.9238795325112869605, 1.000000000000000000, 0.9238795325112869605, 1.000000000000000000, 0.9238795325112869605, 1.000000000000000000, 0.9238795325112869605, 1.000000000000000000, 0.9238795325112869605, 1.000000000000000000, 0.9238795325112869605, 1.000000000000000000, 0.9238795325112869605, 1.000000000000000000, 0.9238795325112869605, 1.000000000000000000, 0.9238795325112869605, 1.000000000000000000, 0.9238795325112869605, 1.000000000000000000, 0.9238795325112869605, 1.000000000000000000, 0.9238795325112869605, 1.000000000000000000, 0.9238795325112869605, 1.000000000000000000, 0.9238795325112869605, 1.000000000000000000, 0.9238795325112869605, 1.000000000000000000, 0.9238795325112869605, 1.000000000000000000, 0.9238795325112869605, 1.000000000000000000, 0.9238795325112869605, 1.000000000000000000, 0.9238795325112869605, 1.000000000000000000, 0.9238795325112869605, 1.000000000000000000, 0.9238795325112869605, 1.000000000000000000, 0.9238795325112869605, 1.000000000000000000, 0.9238795325112869605, 1.000000000000000000, 0.9238795325112869605, 1.000000000000000000, 0.9238795325112869605, 1.000000000000000000, 0.9238795325112869605, 1.000000000000000000, 0.9238795325112869605, 1.000000000000000000, 0.9238795325112869605, 1.000000000000000000, 0.9845862001165599509, 0.9754147483080840564) ) ) 
 REPRESENTATION_ITEM ( '' )  SURFACE ( )  );
#5013 =( GEOMETRIC_REPRESENTATION_CONTEXT ( 3 ) GLOBAL_UNCERTAINTY_ASSIGNED_CONTEXT ( ( #6294 ) ) GLOBAL_UNIT_ASSIGNED_CONTEXT ( ( #4911, #3718, #5556 ) ) REPRESENTATION_CONTEXT ( 'NONE', 'WORKASPACE' ) );
#5014 = CARTESIAN_POINT ( 'NONE',  ( -3.535533905932739973, -5.531250003413979321, 3.535533905932735088 ) ) ;
#5015 = CARTESIAN_POINT ( 'NONE',  ( -3.813794742447905950, -0.5164055949701958914, -3.257273069417573552 ) ) ;
#5016 = FACE_OUTER_BOUND ( 'NONE', #4407, .T. ) ;
#5017 = VERTEX_POINT ( 'NONE', #2878 ) ;
#5018 = CARTESIAN_POINT ( 'NONE',  ( 1.094872126848237759, -4.499999999999997335, 51.70227929224812158 ) ) ;
#5019 = CARTESIAN_POINT ( 'NONE',  ( -2.293059725418043371, 0.9991417796617234615, 48.76114431088292633 ) ) ;
#5020 = CARTESIAN_POINT ( 'NONE',  ( -0.8025807202004072716, 4.369807598920557368, 7.999997543931042898 ) ) ;
#5021 = FILL_AREA_STYLE_COLOUR ( '', #7236 ) ;
#5022 = VERTEX_POINT ( 'NONE', #1612 ) ;
#5023 = CARTESIAN_POINT ( 'NONE',  ( 16.37499999999997868, 2.749999999999999556, 0.000000000000000000 ) ) ;
#5024 = CARTESIAN_POINT ( 'NONE',  ( -1.042771259605471878E-15, -9.515625001706990105, 5.676582343749999815 ) ) ;
#5025 = CARTESIAN_POINT ( 'NONE',  ( -1.427276330770533841, 1.374011597384938721, 49.43499173297549731 ) ) ;
#5026 =( REPRESENTATION_RELATIONSHIP ('NONE','NONE', #1998, #2860 ) REPRESENTATION_RELATIONSHIP_WITH_TRANSFORMATION ( #6582 )SHAPE_REPRESENTATION_RELATIONSHIP( ) );
#5027 = PRESENTATION_STYLE_ASSIGNMENT (( #5138 ) ) ;
#5028 = CARTESIAN_POINT ( 'NONE',  ( 14.82001292088808064, -1.374999999999999112, -65.48512825965231343 ) ) ;
#5029 = B_SPLINE_CURVE_WITH_KNOTS ( 'NONE', 3,
 ( #7312, #4335, #6213, #5627 ),
 .UNSPECIFIED., .F., .F.,
 ( 4, 4 ),
 ( 0.000000000000000000, 1.000000000000000000 ),
 .UNSPECIFIED. ) ;
#5030 = SURFACE_STYLE_USAGE ( .BOTH. , #2643 ) ;
#5031 = UNCERTAINTY_MEASURE_WITH_UNIT (LENGTH_MEASURE( 1.000000000000000082E-05 ), #914, 'distance_accuracy_value', 'NONE');
#5032 = SURFACE_STYLE_USAGE ( .BOTH. , #781 ) ;
#5033 = CARTESIAN_POINT ( 'NONE',  ( 3.061616997868385113E-16, -6.937500000000000000, -5.000000000000000000 ) ) ;
#5034 = CARTESIAN_POINT ( 'NONE',  ( 5.676582343750004256, -3.187500001706989661, 2.351317394708905439 ) ) ;
#5035 = PLANE ( 'NONE',  #2645 ) ;
#5036 = CARTESIAN_POINT ( 'NONE',  ( -2.351317394708899666, -2.718750001706990105, -5.676582343750006032 ) ) ;
#5037 = CARTESIAN_POINT ( 'NONE',  ( 5.676582343750006032, -1.937500001706993658, 2.351317394708905439 ) ) ;
#5038 = PRESENTATION_LAYER_ASSIGNMENT (  '', '', ( #4039 ) ) ;
#5039 = CARTESIAN_POINT ( 'NONE',  ( 5.000000000000000000, -2.562500003413985095, 0.000000000000000000 ) ) ;
#5040 = EDGE_CURVE ( 'NONE', #7769, #7212, #631, .T. ) ;
#5041 = FACE_OUTER_BOUND ( 'NONE', #398, .T. ) ;
#5042 = EDGE_LOOP ( 'NONE', ( #4766, #2425, #6393, #3096, #1747 ) ) ;
#5043 = CARTESIAN_POINT ( 'NONE',  ( -1.442510103573946934, 3.495145553417042361, 71.89549121486204797 ) ) ;
#5044 = CARTESIAN_POINT ( 'NONE',  ( 3.475904198684909876E-16, -5.140625001706990105, -5.676582343749999815 ) ) ;
#5045 = CARTESIAN_POINT ( 'NONE',  ( 8.888838916746850671, 6.161142665431478987E-16, 27.04902535903205063 ) ) ;
#5046 = CARTESIAN_POINT ( 'NONE',  ( -3.091665411415110309, -0.3064583267671689981, 50.08818368540440247 ) ) ;
#5047 = COLOUR_RGB ( '',0.5019607843137254832, 0.5019607843137254832, 0.000000000000000000 ) ;
#5048 = ORIENTED_EDGE ( 'NONE', *, *, #2553, .T. ) ;
#5049 = CARTESIAN_POINT ( 'NONE',  ( -4.618802153516930353, 1.237604307033950191, 8.000000000000000000 ) ) ;
#5050 = PRESENTATION_STYLE_ASSIGNMENT (( #6910 ) ) ;
#5051 = DIRECTION ( 'NONE',  ( 0.000000000000000000, 1.000000000000000000, 0.000000000000000000 ) ) ;
#5052 = CARTESIAN_POINT ( 'NONE',  ( -5.000000000000005329, -3.265625003413981986, -2.071067811865475949 ) ) ;
#5053 = CARTESIAN_POINT ( 'NONE',  ( -2.351317394708905439, -9.750000001706990105, 5.676582343750006032 ) ) ;
#5054 = PRESENTATION_STYLE_ASSIGNMENT (( #5091 ) ) ;
#5055 = ORIENTED_EDGE ( 'NONE', *, *, #7308, .F. ) ;
#5056 = CARTESIAN_POINT ( 'NONE',  ( -3.629572841245125137, 1.947994872056015277E-17, 50.58085992533119679 ) ) ;
#5057 = CARTESIAN_POINT ( 'NONE',  ( -0.6597736504592266460, 1.185808244638813180, 48.59506121478962370 ) ) ;
#5058 = CARTESIAN_POINT ( 'NONE',  ( -3.168202367986020285, 1.505933897157863419E-15, 61.97443010481487136 ) ) ;
#5059 = COLOUR_RGB ( '',0.5019607843137254832, 0.5019607843137254832, 0.5019607843137254832 ) ;
#5060 = ORIENTED_EDGE ( 'NONE', *, *, #4639, .F. ) ;
#5061 = CARTESIAN_POINT ( 'NONE',  ( 13.14832545112461837, 6.161142665431478987E-16, 3.530798685099244771 ) ) ;
#5062 = CARTESIAN_POINT ( 'NONE',  ( 0.2350874285788729923, -1.660665204041879894, 50.89522055144069412 ) ) ;
#5063 = STYLED_ITEM ( 'NONE', ( #6223 ), #1554 ) ;
#5064 = CARTESIAN_POINT ( 'NONE',  ( 4.013949869229449519, -5.609375001706989217, 4.013949869229449519 ) ) ;
#5065 = CARTESIAN_POINT ( 'NONE',  ( -3.535533905932739973, -11.46875000000000000, 3.535533905932735088 ) ) ;
#5066 = CARTESIAN_POINT ( 'NONE',  ( -2.509470725735154950, 0.7396955344810599575, 48.78258300797849500 ) ) ;
#5067 = CARTESIAN_POINT ( 'NONE',  ( -1.545149363730244030, -3.492375585852455888, 69.39738258795725301 ) ) ;
#5068 = AXIS2_PLACEMENT_3D ( 'NONE', #874, #2659, #6868 ) ;
#5069 = CARTESIAN_POINT ( 'NONE',  ( 14.15499826003448725, -1.099541908297493986, -65.48512825965231343 ) ) ;
#5070 = CARTESIAN_POINT ( 'NONE',  ( -2.071067811865495045, -1.703125003413981542, 4.999999999999978684 ) ) ;
#5071 = CARTESIAN_POINT ( 'NONE',  ( -1.588240485222491616, -1.862831988652875914, 50.02218618979826203 ) ) ;
#5072 = SURFACE_STYLE_USAGE ( .BOTH. , #4565 ) ;
#5073 = CARTESIAN_POINT ( 'NONE',  ( 2.351317394708899666, -4.593750001706991881, 5.676582343750004256 ) ) ;
#5074 = CARTESIAN_POINT ( 'NONE',  ( -2.071067811858002372, -11.85937500000034994, -5.000000000007549517 ) ) ;
#5075 = CLOSED_SHELL ( 'NONE', ( #6360, #5182, #3579, #4399, #7436, #4012, #1433, #3964 ) ) ;
#5076 = FACE_OUTER_BOUND ( 'NONE', #4502, .T. ) ;
#5077 = CARTESIAN_POINT ( 'NONE',  ( 4.247113801751139839, 1.981944279537670273, 62.57346678254169348 ) ) ;
#5078 = CARTESIAN_POINT ( 'NONE',  ( 2.071067811865461739, -2.796875003413986427, 5.000000000000011546 ) ) ;
#5079 = CARTESIAN_POINT ( 'NONE',  ( -4.618802153516930353, 3.162395692965989991, 8.000000000000000000 ) ) ;
#5080 = ORIENTED_EDGE ( 'NONE', *, *, #3326, .F. ) ;
#5081 = CARTESIAN_POINT ( 'NONE',  ( 3.398409750676754992, 1.912517125779349736E-14, 62.61952660252280367 ) ) ;
#5082 = CARTESIAN_POINT ( 'NONE',  ( -2.351317394708905439, -7.093750001706996322, 5.676582343750006032 ) ) ;
#5083 = SURFACE_STYLE_FILL_AREA ( #5233 ) ;
#5084 = B_SPLINE_CURVE_WITH_KNOTS ( 'NONE', 3,
 ( #1169, #1684, #2389, #7628, #6569, #7076, #4062, #4677, #5870, #4102 ),
 .UNSPECIFIED., .F., .F.,
 ( 4, 2, 2, 2, 4 ),
 ( 0.000000000000000000, 0.2500000000000000000, 0.5000000000000000000, 0.7500000000000000000, 1.000000000000000000 ),
 .UNSPECIFIED. ) ;
#5085 = ORIENTED_EDGE ( 'NONE', *, *, #2957, .T. ) ;
#5086 =( NAMED_UNIT ( * ) SI_UNIT ( $, .STERADIAN. ) SOLID_ANGLE_UNIT ( ) );
#5087 = DIRECTION ( 'NONE',  ( 0.05419102103501079182, 5.875402273536612289E-18, 0.9985305870323568644 ) ) ;
#5088 = CARTESIAN_POINT ( 'NONE',  ( -0.0005259242541490169237, -0.2141547773559800416, 48.52333383970623260 ) ) ;
#5089 = CARTESIAN_POINT ( 'NONE',  ( 3.535533905932735088, -5.218750003413980210, 3.535533905932739973 ) ) ;
#5090 = CARTESIAN_POINT ( 'NONE',  ( -5.676582343749999815, -11.23437500170700076, -6.951808397369819752E-16 ) ) ;
#5091 = SURFACE_STYLE_USAGE ( .BOTH. , #6358 ) ;
#5092 = EDGE_CURVE ( 'NONE', #4279, #6231, #5575, .T. ) ;
#5093 = ORIENTED_EDGE ( 'NONE', *, *, #3406, .F. ) ;
#5094 = CARTESIAN_POINT ( 'NONE',  ( 2.043590406129433656, -4.499999999999997335, 59.10006990813896266 ) ) ;
#5095 =( LENGTH_UNIT ( ) NAMED_UNIT ( * ) SI_UNIT ( .MILLI., .METRE. ) );
#5096 = CARTESIAN_POINT ( 'NONE',  ( 3.061616997868385113E-16, -9.437500000000000000, -5.000000000000000000 ) ) ;
#5097 = PRESENTATION_LAYER_ASSIGNMENT (  '', '', ( #4234 ) ) ;
#5098 = SURFACE_STYLE_FILL_AREA ( #2249 ) ;
#5099 = ORIENTED_EDGE ( 'NONE', *, *, #3515, .F. ) ;
#5100 = CARTESIAN_POINT ( 'NONE',  ( 0.2140389392843164984, -0.9708165371796519949, 49.77778726830089795 ) ) ;
#5101 = CARTESIAN_POINT ( 'NONE',  ( 3.475904198684909876E-16, -6.390625001706989217, -5.676582343749999815 ) ) ;
#5102 = CARTESIAN_POINT ( 'NONE',  ( -9.184850993605149917E-16, -12.56250000000000000, 5.000000000000000000 ) ) ;
#5103 = CARTESIAN_POINT ( 'NONE',  ( -2.344835886283129778, 0.9514631378333080480, 48.76627178838099752 ) ) ;
#5104 = CARTESIAN_POINT ( 'NONE',  ( 2.359215200786985223E-11, -1.937500000000889955, -5.000000000000000000 ) ) ;
#5105 = CARTESIAN_POINT ( 'NONE',  ( 16.37500000000000711, -0.1799870791119177194, -65.48512825965231343 ) ) ;
#5106 = CARTESIAN_POINT ( 'NONE',  ( 8.064807640713603121, 4.083334932414243390, 2.031343725902543085 ) ) ;
#5107 = CARTESIAN_POINT ( 'NONE',  ( -0.9243735685240830335, -1.317214124596258973, 49.36324510685049205 ) ) ;
#5108 = UNCERTAINTY_MEASURE_WITH_UNIT (LENGTH_MEASURE( 1.000000000000000082E-05 ), #5172, 'distance_accuracy_value', 'NONE');
#5109 = DIRECTION ( 'NONE',  ( 0.000000000000000000, -1.000000000000000000, 0.000000000000000000 ) ) ;
#5110 = CARTESIAN_POINT ( 'NONE',  ( 0.8499999999999999778, 0.000000000000000000, -2.847243186433544793 ) ) ;
#5111 = CARTESIAN_POINT ( 'NONE',  ( 2.967892732212890738, 1.840326582793428756, 71.65613526928473220 ) ) ;
#5112 = CARTESIAN_POINT ( 'NONE',  ( -2.562063592817057867, -0.3976340632399809061, 69.45257130335053830 ) ) ;
#5113 =( NAMED_UNIT ( * ) SI_UNIT ( $, .STERADIAN. ) SOLID_ANGLE_UNIT ( ) );
#5114 = CARTESIAN_POINT ( 'NONE',  ( 13.90045809170250202, -0.8450017399655029848, -0.000000000000000000 ) ) ;
#5115 = SURFACE_STYLE_USAGE ( .BOTH. , #2732 ) ;
#5116 = ORIENTED_EDGE ( 'NONE', *, *, #5788, .F. ) ;
#5117 = UNCERTAINTY_MEASURE_WITH_UNIT (LENGTH_MEASURE( 1.000000000000000082E-05 ), #4025, 'distance_accuracy_value', 'NONE');
#5118 = PRESENTATION_STYLE_ASSIGNMENT (( #380 ) ) ;
#5119 = CARTESIAN_POINT ( 'NONE',  ( 4.013949869229449519, -0.2968750017069904934, -4.013949869229449519 ) ) ;
#5120 = ADVANCED_FACE ( 'NONE', ( #2199 ), #2159, .T. ) ;
#5121 = CARTESIAN_POINT ( 'NONE',  ( 5.000000000000005329, -4.984375003413988203, -2.071067811865475949 ) ) ;
#5122 = CARTESIAN_POINT ( 'NONE',  ( 4.427650516409515014, 8.813931010592400659E-16, 69.07323415610549944 ) ) ;
#5123 = ORIENTED_EDGE ( 'NONE', *, *, #1578, .T. ) ;
#5124 = MECHANICAL_DESIGN_GEOMETRIC_PRESENTATION_REPRESENTATION (  '', ( #5635 ), #2867 ) ;
#5125 = ORIENTED_EDGE ( 'NONE', *, *, #3744, .F. ) ;
#5126 = CARTESIAN_POINT ( 'NONE',  ( -5.845223838017769680, 0.000000000000000000, -1.354015614189448158 ) ) ;
#5127 = ADVANCED_FACE ( 'NONE', ( #3994 ), #2232, .T. ) ;
#5128 = CARTESIAN_POINT ( 'NONE',  ( -2.071067811865475949, -4.671875003413986427, -5.000000000000005329 ) ) ;
#5129 = CARTESIAN_POINT ( 'NONE',  ( 2.351317394708899666, -12.87500000170697945, -5.676582343750006032 ) ) ;
#5130 = ORIENTED_EDGE ( 'NONE', *, *, #6921, .F. ) ;
#5131 = CARTESIAN_POINT ( 'NONE',  ( 0.000000000000000000, 0.000000000000000000, 0.000000000000000000 ) ) ;
#5132 = CARTESIAN_POINT ( 'NONE',  ( -2.071067811865470620, -8.890625000000010658, 4.999999999999984901 ) ) ;
#5133 = CARTESIAN_POINT ( 'NONE',  ( 3.750651387404325021, 1.916336137257149999E-14, 69.10997541823309120 ) ) ;
#5134 = VERTEX_POINT ( 'NONE', #2276 ) ;
#5135 = STYLED_ITEM ( 'NONE', ( #902 ), #2655 ) ;
#5136 = CARTESIAN_POINT ( 'NONE',  ( -0.1068243090849928106, -1.923116458377760019, 50.96109337366410585 ) ) ;
#5137 = CARTESIAN_POINT ( 'NONE',  ( 2.351317394708899666, -6.937500001706994546, 5.676582343750006032 ) ) ;
#5138 = SURFACE_STYLE_USAGE ( .BOTH. , #937 ) ;
#5139 = CARTESIAN_POINT ( 'NONE',  ( 6.505700971754280637, 0.04354340259087800813, 4.731979661852887986 ) ) ;
#5140 = SURFACE_STYLE_USAGE ( .BOTH. , #5786 ) ;
#5141 = CARTESIAN_POINT ( 'NONE',  ( -2.009038419863165004, -1.210358832784412142, 48.73300499936970454 ) ) ;
#5142 = B_SPLINE_CURVE_WITH_KNOTS ( 'NONE', 3,
 ( #5820, #7731, #7142, #441, #5888, #969, #4593, #479, #4051, #6510, #521, #404, #5784, #2797, #5178, #2837, #7581, #3463, #5294, #366, #7620, #3538, #7692, #7031, #6994, #5925, #1601, #1043, #5858, #2868, #4016, #7652, #1676, #4089, #1077, #3499, #2298, #4703, #7104, #1706, #4126, #3106, #5371, #6556, #3740, #638, #39, #6126, #4212, #3662, #1319, #1235, #5493, #2500, #3068 ),
 .UNSPECIFIED., .F., .F.,
 ( 4, 2, 2, 2, 1, 1, 1, 2, 2, 2, 2, 2, 2, 1, 2, 2, 2, 2, 2, 1, 1, 1, 2, 2, 2, 2, 1, 1, 2, 2, 2, 4 ),
 ( 0.000000000000000000, 0.1249999999999977518, 0.1874999999999966138, 0.2187499999999961697, 0.2343749999999959477, 0.2421874999999957256, 0.2460937499999955869, 0.2480468749999955036, 0.2499999999999954481, 0.3750000000000084377, 0.4375000000000150990, 0.4687500000000182632, 0.4843750000000198175, 0.4921875000000208167, 0.4960937500000215383, 0.5000000000000223155, 0.5625000000000357492, 0.5937500000000426326, 0.6093750000000460743, 0.6171875000000474065, 0.6210937500000476286, 0.6230468750000477396, 0.6240234375000474065, 0.6250000000000470735, 0.6875000000000395239, 0.7187500000000359712, 0.7343750000000344169, 0.7421875000000336398, 0.7460937500000331957, 0.7500000000000327516, 0.8750000000000163203, 1.000000000000000000 ),
 .UNSPECIFIED. ) ;
#5143 = SURFACE_STYLE_FILL_AREA ( #2763 ) ;
#5144 =( NAMED_UNIT ( * ) PLANE_ANGLE_UNIT ( ) SI_UNIT ( $, .RADIAN. ) );
#5145 = CARTESIAN_POINT ( 'NONE',  ( -1.829778391961406347, 1.840223532853721311, 71.91650856198666020 ) ) ;
#5146 = CARTESIAN_POINT ( 'NONE',  ( -1.079471113098370516, -2.619470664311742247, 69.37210987202516321 ) ) ;
#5147 = FILL_AREA_STYLE ('',( #2768 ) ) ;
#5148 = CYLINDRICAL_SURFACE ( 'NONE', #5906, 1.375000000000000000 ) ;
#5149 = ADVANCED_FACE ( 'NONE', ( #1652 ), #5872, .T. ) ;
#5150 =( GEOMETRIC_REPRESENTATION_CONTEXT ( 3 ) GLOBAL_UNCERTAINTY_ASSIGNED_CONTEXT ( ( #3959 ) ) GLOBAL_UNIT_ASSIGNED_CONTEXT ( ( #3386, #7543, #2182 ) ) REPRESENTATION_CONTEXT ( 'NONE', 'WORKASPACE' ) );
#5151 = EDGE_CURVE ( 'NONE', #850, #5914, #3557, .T. ) ;
#5152 = CARTESIAN_POINT ( 'NONE',  ( -5.000000000000005329, -12.95312499999999822, -2.071067811865475949 ) ) ;
#5153 = CARTESIAN_POINT ( 'NONE',  ( -5.676582343750006032, -2.406250001706992769, -2.351317394708899666 ) ) ;
#5154 = CARTESIAN_POINT ( 'NONE',  ( 5.000000000000000000, -5.062500003413980210, 0.000000000000000000 ) ) ;
#5155 = COLOUR_RGB ( '',0.2509803921568627416, 0.2509803921568627416, 0.2509803921568627416 ) ;
#5156 = CARTESIAN_POINT ( 'NONE',  ( -9.184850993605149917E-16, -1.312500000000000000, 5.000000000000000000 ) ) ;
#5157 = ORIENTED_EDGE ( 'NONE', *, *, #1848, .F. ) ;
#5158 = CARTESIAN_POINT ( 'NONE',  ( -2.071067811871431630, -3.890625000000326406, 4.999999999994020783 ) ) ;
#5159 = CARTESIAN_POINT ( 'NONE',  ( -1.503409380623997427, -8.319473519310614503E-05, -5.319810872854729311 ) ) ;
#5160 = CARTESIAN_POINT ( 'NONE',  ( 3.474279113573096822, 2.145329296345540939E-15, 69.95953399966744257 ) ) ;
#5161 = CARTESIAN_POINT ( 'NONE',  ( 0.000000000000000000, 0.000000000000000000, 0.000000000000000000 ) ) ;
#5162 = CONICAL_SURFACE ( 'NONE', #3550, 8.000000000000000000, 0.7853981633974503884 ) ;
#5163 = CARTESIAN_POINT ( 'NONE',  ( 2.071067811865475949, -7.328125003413980210, -5.000000000000005329 ) ) ;
#5164 = CARTESIAN_POINT ( 'NONE',  ( 3.475904198684909876E-16, -9.046875001706990105, -5.676582343749999815 ) ) ;
#5165 = PRESENTATION_LAYER_ASSIGNMENT (  '', '', ( #6791 ) ) ;
#5166 = CARTESIAN_POINT ( 'NONE',  ( 4.013949869229449519, -8.109375001706990105, 4.013949869229449519 ) ) ;
#5167 = VERTEX_POINT ( 'NONE', #536 ) ;
#5168 = PRESENTATION_LAYER_ASSIGNMENT (  '', '', ( #4184 ) ) ;
#5169 = PRESENTATION_STYLE_ASSIGNMENT (( #2857 ) ) ;
#5170 = CARTESIAN_POINT ( 'NONE',  ( -3.592493653135656828, -0.1879676866631673493, 50.75583288957902539 ) ) ;
#5171 = CARTESIAN_POINT ( 'NONE',  ( 1.099338820333331412, 0.07516060328762715070, -8.000134379922329231 ) ) ;
#5172 =( LENGTH_UNIT ( ) NAMED_UNIT ( * ) SI_UNIT ( .MILLI., .METRE. ) );
#5173 = APPLICATION_CONTEXT ( 'automotive_design' ) ;
#5174 = EDGE_LOOP ( 'NONE', ( #4109, #1773, #3566 ) ) ;
#5175 = CARTESIAN_POINT ( 'NONE',  ( -2.351317394708899666, -8.812500001706991881, -5.676582343750006032 ) ) ;
#5176 = CARTESIAN_POINT ( 'NONE',  ( 4.999999999999994671, -12.32812499999998934, 2.071067811865475949 ) ) ;
#5177 = STYLED_ITEM ( 'NONE', ( #2446 ), #193 ) ;
#5178 = CARTESIAN_POINT ( 'NONE',  ( -2.566456901137406543, -1.829540142980851325, 51.41543719398449497 ) ) ;
#5179 = B_SPLINE_CURVE_WITH_KNOTS ( 'NONE', 3,
 ( #2007, #4964, #7363, #1966 ),
 .UNSPECIFIED., .F., .F.,
 ( 4, 4 ),
 ( 0.000000000000000000, 1.000000000000000000 ),
 .UNSPECIFIED. ) ;
#5180 = AXIS2_PLACEMENT_3D ( 'NONE', #213, #129, #4292 ) ;
#5181 = CARTESIAN_POINT ( 'NONE',  ( -2.246693820822800003, 5.548458885963540387E-16, 61.42368334131539598 ) ) ;
#5182 = ADVANCED_FACE ( 'NONE', ( #3004 ), #2479, .F. ) ;
#5183 = B_SPLINE_CURVE_WITH_KNOTS ( 'NONE', 3,
 ( #3053, #3608, #5436, #4197, #7091, #7717, #5398, #7759, #7130, #549, #4113, #29, #2325, #4727, #6038, #6496, #1731, #4154, #3016 ),
 .UNSPECIFIED., .F., .F.,
 ( 4, 2, 1, 2, 2, 2, 1, 1, 2, 2, 4 ),
 ( 0.000000000000000000, 0.1250000000000001665, 0.1875000000000002220, 0.2187500000000002220, 0.2500000000000002220, 0.3750000000000000555, 0.4374999999999998890, 0.4687499999999996669, 0.4843749999999995559, 0.4999999999999993894, 1.000000000000000000 ),
 .UNSPECIFIED. ) ;
#5184 = CARTESIAN_POINT ( 'NONE',  ( -1.057202257356210096, -1.344740752149051977, 48.63719494989570080 ) ) ;
#5185 = UNCERTAINTY_MEASURE_WITH_UNIT (LENGTH_MEASURE( 1.000000000000000082E-05 ), #6748, 'distance_accuracy_value', 'NONE');
#5186 = EDGE_CURVE ( 'NONE', #43, #5736, #5403, .T. ) ;
#5187 = CARTESIAN_POINT ( 'NONE',  ( -9.184850993605149917E-16, -7.875000003413979321, 5.000000000000000000 ) ) ;
#5188 =( NAMED_UNIT ( * ) SI_UNIT ( $, .STERADIAN. ) SOLID_ANGLE_UNIT ( ) );
#5189 = CARTESIAN_POINT ( 'NONE',  ( 2.082060690521652546, 2.619605305545682938, 71.70421005380129031 ) ) ;
#5190 =( GEOMETRIC_REPRESENTATION_CONTEXT ( 3 ) GLOBAL_UNCERTAINTY_ASSIGNED_CONTEXT ( ( #3157 ) ) GLOBAL_UNIT_ASSIGNED_CONTEXT ( ( #7783, #577, #1126 ) ) REPRESENTATION_CONTEXT ( 'NONE', 'WORKASPACE' ) );
#5191 = CARTESIAN_POINT ( 'NONE',  ( -1.042771259605471878E-15, -0.9218750017069909930, 5.676582343749999815 ) ) ;
#5192 =( NAMED_UNIT ( * ) PLANE_ANGLE_UNIT ( ) SI_UNIT ( $, .RADIAN. ) );
#5193 = CARTESIAN_POINT ( 'NONE',  ( -4.998744130395409435, 0.8753177213582289395, 7.341618211136783145 ) ) ;
#5194 = CARTESIAN_POINT ( 'NONE',  ( 5.000000000000000000, -10.06250000341399975, 0.000000000000000000 ) ) ;
#5195 = PRESENTATION_LAYER_ASSIGNMENT (  '', '', ( #534 ) ) ;
#5196 = CARTESIAN_POINT ( 'NONE',  ( -5.676582343750006032, -3.500000001706992325, 2.351317394708899666 ) ) ;
#5197 = ADVANCED_FACE ( 'NONE', ( #1292, #7388 ), #5634, .T. ) ;
#5198 = CARTESIAN_POINT ( 'NONE',  ( 3.535533905932735088, -5.218750003413980210, 3.535533905932739973 ) ) ;
#5199 = ADVANCED_FACE ( 'NONE', ( #222 ), #5670, .T. ) ;
#5200 = EDGE_LOOP ( 'NONE', ( #2932, #867, #3537, #1064 ) ) ;
#5201 =( GEOMETRIC_REPRESENTATION_CONTEXT ( 3 ) GLOBAL_UNCERTAINTY_ASSIGNED_CONTEXT ( ( #1871 ) ) GLOBAL_UNIT_ASSIGNED_CONTEXT ( ( #6175, #4952, #3078 ) ) REPRESENTATION_CONTEXT ( 'NONE', 'WORKASPACE' ) );
#5202 = PRESENTATION_STYLE_ASSIGNMENT (( #5316 ) ) ;
#5203 = CARTESIAN_POINT ( 'NONE',  ( -0.08145008998030434100, -6.595525978088385136E-06, -5.437443883519844867 ) ) ;
#5204 = CARTESIAN_POINT ( 'NONE',  ( 6.150871057629220928, 0.1486457371431098851, -5.346330452105275022 ) ) ;
#5205 =( LENGTH_UNIT ( ) NAMED_UNIT ( * ) SI_UNIT ( .MILLI., .METRE. ) );
#5206 = CARTESIAN_POINT ( 'NONE',  ( -1.992392880000673827, 2.749999999999999112, 55.07283507682976165 ) ) ;
#5207 = CARTESIAN_POINT ( 'NONE',  ( 5.000000000000000000, -2.562500003413985095, 0.000000000000000000 ) ) ;
#5208 = CARTESIAN_POINT ( 'NONE',  ( -4.013949869229449519, -12.32812500170700076, 4.013949869229449519 ) ) ;
#5209 = CARTESIAN_POINT ( 'NONE',  ( 5.676582343749999815, -7.953125001706990993, 0.000000000000000000 ) ) ;
#5210 = EDGE_LOOP ( 'NONE', ( #2658, #7527, #4574, #4509 ) ) ;
#5211 = FILL_AREA_STYLE ('',( #6431 ) ) ;
#5212 = CARTESIAN_POINT ( 'NONE',  ( 3.846964633828859448, 0.8516855471899043017, -7.999999999999963585 ) ) ;
#5213 = ORIENTED_EDGE ( 'NONE', *, *, #2951, .F. ) ;
#5214 = CARTESIAN_POINT ( 'NONE',  ( -0.3757079694925309354, -2.028100852357041628, 50.32712114276152704 ) ) ;
#5215 = CARTESIAN_POINT ( 'NONE',  ( -4.013949869229449519, -3.734375001706989661, -4.013949869229449519 ) ) ;
#5216 = CARTESIAN_POINT ( 'NONE',  ( -3.535533905932735088, -13.03125000000000000, -3.535533905932739973 ) ) ;
#5217 =( BOUNDED_CURVE ( )  B_SPLINE_CURVE ( 2, ( #1629, #3577, #4247, #5918, #6635, #4283, #1271, #6006, #2892 ),
 .UNSPECIFIED., .F., .F. ) 
 B_SPLINE_CURVE_WITH_KNOTS ( ( 3, 2, 2, 2, 3 ),
 ( 0.02272727272727274872, 0.03409090909090910226, 0.04545454545454540030, 0.05681818181818180241, 0.06818181818181809350 ),
 .UNSPECIFIED. ) 
 CURVE ( )  GEOMETRIC_REPRESENTATION_ITEM ( )  RATIONAL_B_SPLINE_CURVE ( ( 1.000000000000000000, 0.9238795325112869605, 1.000000000000000000, 0.9238795325112869605, 1.000000000000000000, 0.9238795325112869605, 1.000000000000000000, 0.9238795325112869605, 1.000000000000000000 ) ) 
 REPRESENTATION_ITEM ( '' )  );
#5218 = CARTESIAN_POINT ( 'NONE',  ( 2.636460296577067375, 1.966549503919724717, 62.66087818396752596 ) ) ;
#5219 = EDGE_LOOP ( 'NONE', ( #7085, #7141, #6054, #6458 ) ) ;
#5220 = STYLED_ITEM ( 'NONE', ( #6987 ), #4106 ) ;
#5221 = CARTESIAN_POINT ( 'NONE',  ( -3.104154834607505187, -0.1238540719910467824, 50.08955046547200141 ) ) ;
#5222 = CARTESIAN_POINT ( 'NONE',  ( 5.914629501643879017, 0.2518845685498067866, 5.755568330011096023 ) ) ;
#5223 = ORIENTED_EDGE ( 'NONE', *, *, #4523, .T. ) ;
#5224 = CARTESIAN_POINT ( 'NONE',  ( -2.087111530597415054, -1.164097452436122060, 48.74074424147219986 ) ) ;
#5225 = FACE_OUTER_BOUND ( 'NONE', #561, .T. ) ;
#5226 = PRODUCT_DEFINITION ( 'UNKNOWN', '', #6578, #5263 ) ;
#5227 = CARTESIAN_POINT ( 'NONE',  ( 0.000000000000000000, -13.50000000000000000, 5.000000000000000000 ) ) ;
#5228 =( NAMED_UNIT ( * ) SI_UNIT ( $, .STERADIAN. ) SOLID_ANGLE_UNIT ( ) );
#5229 = CARTESIAN_POINT ( 'NONE',  ( -4.013949869229449519, -1.390625001706991881, -4.013949869229449519 ) ) ;
#5230 = CARTESIAN_POINT ( 'NONE',  ( -3.195297878503525535, 0.4188790204786409510, 61.47516481129869703 ) ) ;
#5231 = CARTESIAN_POINT ( 'NONE',  ( 0.000000000000000000, 0.000000000000000000, 0.000000000000000000 ) ) ;
#5232 = CARTESIAN_POINT ( 'NONE',  ( -1.042771259605471878E-15, -3.265625001706990105, 5.676582343749999815 ) ) ;
#5233 = FILL_AREA_STYLE ('',( #2849 ) ) ;
#5234 = EDGE_CURVE ( 'NONE', #1069, #2015, #1470, .T. ) ;
#5235 = CARTESIAN_POINT ( 'NONE',  ( 0.8499999999999999778, 0.000000000000000000, -1.472243186433543904 ) ) ;
#5236 = VERTEX_POINT ( 'NONE', #3952 ) ;
#5237 = DIRECTION ( 'NONE',  ( 0.000000000000000000, -1.000000000000000000, 0.000000000000000000 ) ) ;
#5238 = ORIENTED_EDGE ( 'NONE', *, *, #4949, .F. ) ;
#5239 = CARTESIAN_POINT ( 'NONE',  ( -3.467116748379130087, -0.2036941021800255103, 51.57470463618209777 ) ) ;
#5240 = SHAPE_DEFINITION_REPRESENTATION ( #7047, #4471 ) ;
#5241 = CARTESIAN_POINT ( 'NONE',  ( 4.269327523463522844, 2.749999999999999112, 38.40043642629651544 ) ) ;
#5242 = B_SPLINE_CURVE_WITH_KNOTS ( 'NONE', 3,
 ( #15, #6064, #3272, #1568, #5750, #5069, #2641, #6965, #5028, #1453, #4486, #6889, #6217, #3313, #6373, #260, #5105, #2034 ),
 .UNSPECIFIED., .F., .F.,
 ( 4, 2, 2, 2, 2, 2, 2, 2, 4 ),
 ( 0.000000000000000000, 0.1250000000000000278, 0.2500000000000000000, 0.3750000000000001110, 0.5000000000000001110, 0.6250000000000001110, 0.7500000000000002220, 0.8750000000000001110, 1.000000000000000000 ),
 .UNSPECIFIED. ) ;
#5243 = PRESENTATION_LAYER_ASSIGNMENT (  '', '', ( #5635 ) ) ;
#5244 = CARTESIAN_POINT ( 'NONE',  ( -2.351317394708905439, -7.093750001706996322, 5.676582343750004256 ) ) ;
#5245 = ORIENTED_EDGE ( 'NONE', *, *, #2937, .F. ) ;
#5246 =( LENGTH_UNIT ( ) NAMED_UNIT ( * ) SI_UNIT ( .MILLI., .METRE. ) );
#5247 =( BOUNDED_CURVE ( )  B_SPLINE_CURVE ( 2, ( #2230, #7742, #3511, #2909, #3552, #7660, #1209, #7702, #2272 ),
 .UNSPECIFIED., .F., .F. ) 
 B_SPLINE_CURVE_WITH_KNOTS ( ( 3, 2, 2, 2, 3 ),
 ( 0.08605151635484840911, 0.08996335796746859903, 0.09387519958008889998, 0.09778704119270920092, 0.1016988828053294047 ),
 .UNSPECIFIED. ) 
 CURVE ( )  GEOMETRIC_REPRESENTATION_ITEM ( )  RATIONAL_B_SPLINE_CURVE ( ( 1.000000000000262013, 0.9238795325110239487, 1.000000000000000000, 0.9238795325112869605, 1.000000000000000000, 0.9238795325112869605, 1.000000000000000000, 0.9238795325115469748, 0.9999999999997399858 ) ) 
 REPRESENTATION_ITEM ( '' )  );
#5248 = EDGE_CURVE ( 'NONE', #2068, #2217, #6279, .T. ) ;
#5249 =( NAMED_UNIT ( * ) SI_UNIT ( $, .STERADIAN. ) SOLID_ANGLE_UNIT ( ) );
#5250 = CARTESIAN_POINT ( 'NONE',  ( 0.4335281682800889991, 3.541190434132545185E-17, 69.28999824024549525 ) ) ;
#5251 = ORIENTED_EDGE ( 'NONE', *, *, #7122, .T. ) ;
#5252 = CARTESIAN_POINT ( 'NONE',  ( -2.175286510649134808, -2.055056259184644851, 51.34525439140659131 ) ) ;
#5253 = CARTESIAN_POINT ( 'NONE',  ( 5.676582343750006032, -3.031250001706988773, 2.351317394708905439 ) ) ;
#5254 = CARTESIAN_POINT ( 'NONE',  ( -9.184850993605149917E-16, -7.562500000000000000, 5.000000000000000000 ) ) ;
#5255 = CARTESIAN_POINT ( 'NONE',  ( -4.013949869229449519, -12.64062500170700254, -4.013949869229449519 ) ) ;
#5256 = VERTEX_POINT ( 'NONE', #4058 ) ;
#5257 = CARTESIAN_POINT ( 'NONE',  ( 3.878092140487714889, -2.622049124298944989, 62.59349387121338992 ) ) ;
#5258 = VERTEX_POINT ( 'NONE', #6968 ) ;
#5259 = CARTESIAN_POINT ( 'NONE',  ( 3.061616997868385113E-16, -4.437500000000000000, -5.000000000000000000 ) ) ;
#5260 = CARTESIAN_POINT ( 'NONE',  ( 1.622392494147814945, 2.830948788697559783E-16, 55.39408749507279595 ) ) ;
#5261 = VERTEX_POINT ( 'NONE', #4525 ) ;
#5262 = CARTESIAN_POINT ( 'NONE',  ( 2.071067811877971732, -12.48437499999928946, 4.999999999987585042 ) ) ;
#5263 = PRODUCT_DEFINITION_CONTEXT ( 'detailed design', #857, 'design' ) ;
#5264 = FILL_AREA_STYLE_COLOUR ( '', #7431 ) ;
#5265 = LINE ( 'NONE', #7075, #3498 ) ;
#5266 = FACE_OUTER_BOUND ( 'NONE', #3220, .T. ) ;
#5267 = SHAPE_REPRESENTATION ( 'm12_nut.STEP', ( #668 ), #6092 ) ;
#5268 = CARTESIAN_POINT ( 'NONE',  ( 1.946583137933797447, -2.619605305546217178, 69.20788358622040448 ) ) ;
#5269 = PRESENTATION_LAYER_ASSIGNMENT (  '', '', ( #4277 ) ) ;
#5270 = CARTESIAN_POINT ( 'NONE',  ( 3.564597481964799641, -0.3976340632410806930, 71.62375164472138067 ) ) ;
#5271 = CARTESIAN_POINT ( 'NONE',  ( -6.524746325988388662, 0.03051897909793817656, 4.698802937033519811 ) ) ;
#5272 = CARTESIAN_POINT ( 'NONE',  ( 2.351317394708899666, -1.468750001706992325, -5.676582343750006032 ) ) ;
#5273 = CARTESIAN_POINT ( 'NONE',  ( 2.147420142115969988, -3.613021264067779903, 69.19698400792050563 ) ) ;
#5274 = EDGE_CURVE ( 'NONE', #127, #2651, #4035, .T. ) ;
#5275 = ORIENTED_EDGE ( 'NONE', *, *, #6886, .T. ) ;
#5276 = CARTESIAN_POINT ( 'NONE',  ( -5.810477630870817478, 0.3030978205533862435, -5.935834508990293301 ) ) ;
#5277 = ORIENTED_EDGE ( 'NONE', *, *, #7448, .F. ) ;
#5278 =( NAMED_UNIT ( * ) SI_UNIT ( $, .STERADIAN. ) SOLID_ANGLE_UNIT ( ) );
#5279 = AXIS2_PLACEMENT_3D ( 'NONE', #4377, #815, #4986 ) ;
#5280 = CARTESIAN_POINT ( 'NONE',  ( 13.62500000000000000, 2.749999999999999112, 0.000000000000000000 ) ) ;
#5281 = CARTESIAN_POINT ( 'NONE',  ( 2.351317394708899666, -6.468750001706989217, -5.676582343750004256 ) ) ;
#5282 = VERTEX_POINT ( 'NONE', #1050 ) ;
#5283 = PRODUCT_DEFINITION_SHAPE ( 'NONE', 'NONE',  #7805 ) ;
#5284 =( NAMED_UNIT ( * ) SI_UNIT ( $, .STERADIAN. ) SOLID_ANGLE_UNIT ( ) );
#5285 = CARTESIAN_POINT ( 'NONE',  ( 0.05629123722588860040, 1.184685621914135956, 49.79073154673739765 ) ) ;
#5286 = CARTESIAN_POINT ( 'NONE',  ( 4.230333777215284918, -2.622049124298944989, 69.08394268692370588 ) ) ;
#5287 = CIRCLE ( 'NONE', #1528, 40.00000000000000000 ) ;
#5288 = CIRCLE ( 'NONE', #6308, 6.000000000000000000 ) ;
#5289 = CARTESIAN_POINT ( 'NONE',  ( -5.676582343750006032, -3.656250001706994546, -2.351317394708899666 ) ) ;
#5290 = CARTESIAN_POINT ( 'NONE',  ( -3.535533905932739973, -6.468750000000000000, 3.535533905932735088 ) ) ;
#5291 = CARTESIAN_POINT ( 'NONE',  ( 1.690499191105787613, 2.796116442733625806, 62.71221621890669695 ) ) ;
#5292 = VERTEX_POINT ( 'NONE', #334 ) ;
#5293 = B_SPLINE_CURVE_WITH_KNOTS ( 'NONE', 3,
 ( #2074, #261, #6218, #776, #1997, #3154, #6890, #1370, #1957, #7471 ),
 .UNSPECIFIED., .F., .F.,
 ( 4, 2, 2, 2, 4 ),
 ( 0.000000000000000000, 0.2500000000000000000, 0.5000000000000000000, 0.7500000000000000000, 1.000000000000000000 ),
 .UNSPECIFIED. ) ;
#5294 = CARTESIAN_POINT ( 'NONE',  ( -1.592763470908563628, -2.226368277223333081, 51.23904117721669849 ) ) ;
#5295 = CARTESIAN_POINT ( 'NONE',  ( -8.739440935124276777, 0.7394409351242654527, -0.8628442706173384824 ) ) ;
#5296 = ORIENTED_EDGE ( 'NONE', *, *, #3406, .T. ) ;
#5297 = SURFACE_STYLE_USAGE ( .BOTH. , #7654 ) ;
#5298 = CARTESIAN_POINT ( 'NONE',  ( -5.000000000000000000, -7.875000000000000000, -6.123233995736739658E-16 ) ) ;
#5299 = ORIENTED_EDGE ( 'NONE', *, *, #853, .T. ) ;
#5300 =( NAMED_UNIT ( * ) PLANE_ANGLE_UNIT ( ) SI_UNIT ( $, .RADIAN. ) );
#5301 = CARTESIAN_POINT ( 'NONE',  ( -1.783321218345359949, 6.161142665431478987E-16, 41.42082527964299743 ) ) ;
#5302 = SURFACE_SIDE_STYLE ('',( #3470 ) ) ;
#5303 = DIRECTION ( 'NONE',  ( 0.000000000000000000, -1.000000000000000000, 0.000000000000000000 ) ) ;
#5304 =( LENGTH_UNIT ( ) NAMED_UNIT ( * ) SI_UNIT ( .MILLI., .METRE. ) );
#5305 = CARTESIAN_POINT ( 'NONE',  ( 3.184761744407483608, -1.515281544004309033, 71.64436562161013455 ) ) ;
#5306 = CARTESIAN_POINT ( 'NONE',  ( 7.721453705633812170, 0.1536023270863213497, -2.626199047085649330 ) ) ;
#5307 = CIRCLE ( 'NONE', #3312, 8.000000000000000000 ) ;
#5308 = AXIS2_PLACEMENT_3D ( 'NONE', #5942, #3083, #6526 ) ;
#5309 = VECTOR ( 'NONE', #5987, 1000.000000000000000 ) ;
#5310 = CARTESIAN_POINT ( 'NONE',  ( -0.1289378342836723645, 1.952406786604119260, 50.96603170326036292 ) ) ;
#5311 = PRESENTATION_STYLE_ASSIGNMENT (( #2915 ) ) ;
#5312 = CARTESIAN_POINT ( 'NONE',  ( 3.429119929377236087, 0.3976340632401385577, 69.12742517714046642 ) ) ;
#5313 = CARTESIAN_POINT ( 'NONE',  ( 5.676582343750004256, -10.53125000170699721, -2.351317394708899666 ) ) ;
#5314 = FACE_OUTER_BOUND ( 'NONE', #3980, .T. ) ;
#5315 = ORIENTED_EDGE ( 'NONE', *, *, #2986, .F. ) ;
#5316 = SURFACE_STYLE_USAGE ( .BOTH. , #986 ) ;
#5317 = ORIENTED_EDGE ( 'NONE', *, *, #6350, .T. ) ;
#5318 =( GEOMETRIC_REPRESENTATION_CONTEXT ( 3 ) GLOBAL_UNCERTAINTY_ASSIGNED_CONTEXT ( ( #6130 ) ) GLOBAL_UNIT_ASSIGNED_CONTEXT ( ( #5246, #7058, #5284 ) ) REPRESENTATION_CONTEXT ( 'NONE', 'WORKASPACE' ) );
#5319 = CARTESIAN_POINT ( 'NONE',  ( -1.783321218345359060, 2.749999999999999112, 41.42082527964297611 ) ) ;
#5320 = CARTESIAN_POINT ( 'NONE',  ( -2.351317394708899666, -0.2187500017069903824, -5.676582343750006032 ) ) ;
#5321 = CARTESIAN_POINT ( 'NONE',  ( -8.045822292889452498, 4.096902179442680314, -2.064103981944359845 ) ) ;
#5322 = CIRCLE ( 'NONE', #6215, 40.00000000000000000 ) ;
#5323 = CARTESIAN_POINT ( 'NONE',  ( 5.676582343750004256, -8.031250001706993658, 2.351317394708905439 ) ) ;
#5324 = ORIENTED_EDGE ( 'NONE', *, *, #3515, .T. ) ;
#5325 = CARTESIAN_POINT ( 'NONE',  ( -1.032556280803454074, 1.790270295143304935, 49.88387454664309928 ) ) ;
#5326 = B_SPLINE_CURVE_WITH_KNOTS ( 'NONE', 3,
 ( #1102, #2891, #7097, #6547 ),
 .UNSPECIFIED., .F., .F.,
 ( 4, 4 ),
 ( 0.000000000000000000, 1.000000000000000000 ),
 .UNSPECIFIED. ) ;
#5327 = CARTESIAN_POINT ( 'NONE',  ( 2.246693820822805776, 4.499999999999997335, 61.17982374665785983 ) ) ;
#5328 = FACE_OUTER_BOUND ( 'NONE', #7094, .T. ) ;
#5329 = COLOUR_RGB ( '',0.5019607843137254832, 0.5019607843137254832, 0.5019607843137254832 ) ;
#5330 = CARTESIAN_POINT ( 'NONE',  ( -1.042771259605471878E-15, -3.265625001706990105, 5.676582343749999815 ) ) ;
#5331 = EDGE_CURVE ( 'NONE', #3574, #1135, #449, .T. ) ;
#5332 = CARTESIAN_POINT ( 'NONE',  ( -3.535533905932739973, -5.218750000000000000, 3.535533905932735088 ) ) ;
#5333 = EDGE_CURVE ( 'NONE', #6679, #6997, #5790, .T. ) ;
#5334 = CARTESIAN_POINT ( 'NONE',  ( 2.351317394708899666, -12.09375000170697945, 5.676582343750006032 ) ) ;
#5335 = ORIENTED_EDGE ( 'NONE', *, *, #6096, .T. ) ;
#5336 = CARTESIAN_POINT ( 'NONE',  ( -1.561991396860565651, -1.802056503739773330, 49.93230971672971918 ) ) ;
#5337 = DIRECTION ( 'NONE',  ( 0.000000000000000000, 1.000000000000000000, 0.000000000000000000 ) ) ;
#5338 = VERTEX_POINT ( 'NONE', #2803 ) ;
#5339 = CARTESIAN_POINT ( 'NONE',  ( 6.135081942975683766, 0.1536023270895768289, 5.373875539700053494 ) ) ;
#5340 = CARTESIAN_POINT ( 'NONE',  ( 15.69247609800998511, 1.201456283987104579, -0.000000000000000000 ) ) ;
#5341 = ORIENTED_EDGE ( 'NONE', *, *, #4887, .T. ) ;
#5342 = CARTESIAN_POINT ( 'NONE',  ( 2.042976114296334966, 6.161142665431478987E-16, 36.73125515601589797 ) ) ;
#5343 = MECHANICAL_DESIGN_GEOMETRIC_PRESENTATION_REPRESENTATION (  '', ( #3101 ), #7357 ) ;
#5344 = CARTESIAN_POINT ( 'NONE',  ( 1.236978826792130892, 4.402118759050426021E-07, -5.209038384280182399 ) ) ;
#5345 = PRESENTATION_LAYER_ASSIGNMENT (  '', '', ( #3357 ) ) ;
#5346 = DIRECTION ( 'NONE',  ( -1.000000000000000000, 0.000000000000000000, 1.400602471088730078E-16 ) ) ;
#5347 = DIRECTION ( 'NONE',  ( 0.000000000000000000, -1.000000000000000000, 0.000000000000000000 ) ) ;
#5348 = CARTESIAN_POINT ( 'NONE',  ( -8.027845682883771872, 0.2965605767690771000, 2.095363827256042200 ) ) ;
#5349 = CARTESIAN_POINT ( 'NONE',  ( -5.676582343750004256, -12.56250000170699543, -2.351317394708899666 ) ) ;
#5350 = CARTESIAN_POINT ( 'NONE',  ( -9.184850993605149917E-16, -2.875000003413984651, 5.000000000000000000 ) ) ;
#5351 = CARTESIAN_POINT ( 'NONE',  ( -5.676582343750006032, -6.312500001706988328, -2.351317394708899666 ) ) ;
#5352 = CARTESIAN_POINT ( 'NONE',  ( -5.000000000000026645, -6.546874999999976907, 2.071067811865487052 ) ) ;
#5353 = ORIENTED_EDGE ( 'NONE', *, *, #5719, .F. ) ;
#5354 = ORIENTED_EDGE ( 'NONE', *, *, #2760, .F. ) ;
#5355 = CARTESIAN_POINT ( 'NONE',  ( 7.778558096819867096, 0.1782031048350294355, 2.527074244894967681 ) ) ;
#5356 = CARTESIAN_POINT ( 'NONE',  ( 3.475904198684909876E-16, -11.39062500170700076, -5.676582343749999815 ) ) ;
#5357 = DIRECTION ( 'NONE',  ( 0.000000000000000000, 0.000000000000000000, -1.000000000000000000 ) ) ;
#5358 = SURFACE_SIDE_STYLE ('',( #6702 ) ) ;
#5359 = CARTESIAN_POINT ( 'NONE',  ( -5.676582343749999815, -3.578125001706990105, -6.951808397369819752E-16 ) ) ;
#5360 = ADVANCED_FACE ( 'NONE', ( #5225 ), #1019, .T. ) ;
#5361 = ORIENTED_EDGE ( 'NONE', *, *, #7549, .F. ) ;
#5362 = SURFACE_STYLE_USAGE ( .BOTH. , #6042 ) ;
#5363 = CARTESIAN_POINT ( 'NONE',  ( 0.3642770575437614955, 1.529369597245310075, 50.87017599518230071 ) ) ;
#5364 = CARTESIAN_POINT ( 'NONE',  ( 4.247113801751139839, 1.981944279537670273, 62.57346678254169348 ) ) ;
#5365 = FILL_AREA_STYLE_COLOUR ( '', #1823 ) ;
#5366 = AXIS2_PLACEMENT_3D ( 'NONE', #5377, #4822, #2308 ) ;
#5367 = CARTESIAN_POINT ( 'NONE',  ( 2.351317394708899666, -3.968750001706992325, -5.676582343750006032 ) ) ;
#5368 = CARTESIAN_POINT ( 'NONE',  ( 4.999999999999994671, -7.328124999999994671, 2.071067811865475949 ) ) ;
#5369 = CARTESIAN_POINT ( 'NONE',  ( 5.000000000000000000, -13.50000000000000000, 0.000000000000000000 ) ) ;
#5370 = VERTEX_POINT ( 'NONE', #6892 ) ;
#5371 = CARTESIAN_POINT ( 'NONE',  ( 0.09437849890622619642, -1.777150594612170398, 50.92242801838107624 ) ) ;
#5372 = VERTEX_POINT ( 'NONE', #7511 ) ;
#5373 = CARTESIAN_POINT ( 'NONE',  ( 2.071067811866608377, -4.515625000000078160, -4.999999999998819611 ) ) ;
#5374 = CARTESIAN_POINT ( 'NONE',  ( 0.8425343012671550058, 2.560655810875954744E-16, 50.08060228581869922 ) ) ;
#5375 = ORIENTED_EDGE ( 'NONE', *, *, #6187, .F. ) ;
#5376 = FACE_OUTER_BOUND ( 'NONE', #7571, .T. ) ;
#5377 = CARTESIAN_POINT ( 'NONE',  ( 0.000000000000000000, 4.400000000000000355, 0.000000000000000000 ) ) ;
#5378 = SURFACE_STYLE_FILL_AREA ( #4135 ) ;
#5379 = CARTESIAN_POINT ( 'NONE',  ( 4.776122516674680244E-15, 15.00000000000000000, 38.00000000000000000 ) ) ;
#5380 = MANIFOLD_SOLID_BREP ( 'NONE', #2702 ) ;
#5381 = SURFACE_STYLE_USAGE ( .BOTH. , #2348 ) ;
#5382 = CARTESIAN_POINT ( 'NONE',  ( -4.618802153516930353, 1.237604307033950191, 8.000000000000000000 ) ) ;
#5383 = SURFACE_STYLE_FILL_AREA ( #49 ) ;
#5384 = CARTESIAN_POINT ( 'NONE',  ( -0.2615154199512944033, 2.089689469462744581E-06, -5.442839208867210843 ) ) ;
#5385 = DIRECTION ( 'NONE',  ( 0.000000000000000000, 0.000000000000000000, 1.000000000000000000 ) ) ;
#5386 = AXIS2_PLACEMENT_3D ( 'NONE', #6181, #3755, #56 ) ;
#5387 = CARTESIAN_POINT ( 'NONE',  ( 1.213255561104368940, 2.923806530756155375, 69.24768183642686381 ) ) ;
#5388 = CARTESIAN_POINT ( 'NONE',  ( 3.475904198684909876E-16, -9.046875001706990105, -5.676582343749999815 ) ) ;
#5389 = MECHANICAL_DESIGN_GEOMETRIC_PRESENTATION_REPRESENTATION (  '', ( #1099 ), #4532 ) ;
#5390 = CARTESIAN_POINT ( 'NONE',  ( 4.999999999999994671, -0.1406250034139826244, 2.071067811865475949 ) ) ;
#5391 = CARTESIAN_POINT ( 'NONE',  ( 4.013949869229449519, -3.265625001706990105, 4.013949869229449519 ) ) ;
#5392 = FILL_AREA_STYLE ('',( #620 ) ) ;
#5393 = EDGE_CURVE ( 'NONE', #5857, #6957, #3808, .T. ) ;
#5394 = STYLED_ITEM ( 'NONE', ( #2004 ), #2847 ) ;
#5395 = ORIENTED_EDGE ( 'NONE', *, *, #1848, .T. ) ;
#5396 = CARTESIAN_POINT ( 'NONE',  ( 8.144259174416122349, 0.3615003038020781490, 1.893727878166823420 ) ) ;
#5397 = CARTESIAN_POINT ( 'NONE',  ( -1.042771259605471878E-15, -0.9218750017069909930, 5.676582343749999815 ) ) ;
#5398 = CARTESIAN_POINT ( 'NONE',  ( -1.099338820329830435, 4.324839396712329531, -8.000134379922863914 ) ) ;
#5399 = CARTESIAN_POINT ( 'NONE',  ( -1.042771259605471878E-15, -3.265625001706990105, 5.676582343749999815 ) ) ;
#5400 = ORIENTED_EDGE ( 'NONE', *, *, #2999, .F. ) ;
#5401 = CARTESIAN_POINT ( 'NONE',  ( 4.079105234750134201, -1.671527700419439544, 69.09214997594646945 ) ) ;
#5402 = CARTESIAN_POINT ( 'NONE',  ( -0.7749560885079199712, 1.730383649265714974, 49.86109926096920475 ) ) ;
#5403 = B_SPLINE_CURVE_WITH_KNOTS ( 'NONE', 3,
 ( #613, #491, #4867, #1721, #2914, #7276, #4265, #4830, #1804, #4302, #18, #1212, #7747, #4227, #6618, #5310, #6026, #3081, #7160, #3041, #2350, #5424, #1248, #654, #2437, #4717, #3676, #7117, #7705, #5465, #54, #6690, #4141, #1760, #2607, #2683, #692, #3200, #6104, #862, #821, #4424, #1999, #4992 ),
 .UNSPECIFIED., .F., .F.,
 ( 4, 2, 2, 2, 1, 1, 1, 2, 2, 2, 2, 2, 2, 1, 2, 2, 2, 2, 2, 1, 1, 2, 2, 2, 4 ),
 ( 0.000000000000000000, 0.1250000000000162370, 0.1875000000000244804, 0.2187500000000286160, 0.2343750000000306977, 0.2421875000000317524, 0.2460937500000324740, 0.2480468750000328348, 0.2500000000000331957, 0.3750000000000303091, 0.4375000000000289213, 0.4687500000000282552, 0.4843750000000280886, 0.4921875000000278666, 0.4960937500000277001, 0.5000000000000275335, 0.6250000000000242029, 0.6875000000000226485, 0.7187500000000219824, 0.7343750000000212053, 0.7421875000000205391, 0.7460937500000204281, 0.7500000000000202061, 0.8750000000000102141, 1.000000000000000000 ),
 .UNSPECIFIED. ) ;
#5404 =( LENGTH_UNIT ( ) NAMED_UNIT ( * ) SI_UNIT ( .MILLI., .METRE. ) );
#5405 = CARTESIAN_POINT ( 'NONE',  ( -3.535533905932739973, -11.78125000341397843, 3.535533905932735088 ) ) ;
#5406 = CIRCLE ( 'NONE', #2135, 1.375000000000000222 ) ;
#5407 = CARTESIAN_POINT ( 'NONE',  ( -3.535533905932735088, -9.281250000000000000, -3.535533905932739973 ) ) ;
#5408 = CARTESIAN_POINT ( 'NONE',  ( -5.676582343750006032, -7.562500001706990105, -2.351317394708899666 ) ) ;
#5409 = ORIENTED_EDGE ( 'NONE', *, *, #7719, .F. ) ;
#5410 = CARTESIAN_POINT ( 'NONE',  ( 3.061616997868385113E-16, -0.6875000000000000000, -5.000000000000000000 ) ) ;
#5411 = CYLINDRICAL_SURFACE ( 'NONE', #6616, 7.649999999999999467 ) ;
#5412 =( LENGTH_UNIT ( ) NAMED_UNIT ( * ) SI_UNIT ( .MILLI., .METRE. ) );
#5413 =( LENGTH_UNIT ( ) NAMED_UNIT ( * ) SI_UNIT ( .MILLI., .METRE. ) );
#5414 = ORIENTED_EDGE ( 'NONE', *, *, #6921, .T. ) ;
#5415 = CARTESIAN_POINT ( 'NONE',  ( 0.2377176021706204900, 6.161142665431478987E-16, 38.30791870116129871 ) ) ;
#5416 = CARTESIAN_POINT ( 'NONE',  ( 0.8499999999999999778, -15.00000000000000000, -0.09724318643354559755 ) ) ;
#5417 = PRESENTATION_LAYER_ASSIGNMENT (  '', '', ( #5949 ) ) ;
#5418 = DIRECTION ( 'NONE',  ( 0.8660254037844394848, 0.000000000000000000, 0.4999999999999985567 ) ) ;
#5419 = CARTESIAN_POINT ( 'NONE',  ( -0.4805113072492119830, 1.058203180732185889, 48.57648630986379601 ) ) ;
#5420 = COLOUR_RGB ( '',0.5019607843137254832, 0.5019607843137254832, 0.000000000000000000 ) ;
#5421 = FILL_AREA_STYLE ('',( #7272 ) ) ;
#5422 = CARTESIAN_POINT ( 'NONE',  ( 4.094800380887736679, -4.342399472117048514E-05, -3.065047000728883475 ) ) ;
#5423 = UNCERTAINTY_MEASURE_WITH_UNIT (LENGTH_MEASURE( 1.000000000000000082E-05 ), #1492, 'distance_accuracy_value', 'NONE');
#5424 = CARTESIAN_POINT ( 'NONE',  ( -1.174527088456896351, 2.248693063714760410, 51.16202716166935005 ) ) ;
#5425 = CARTESIAN_POINT ( 'NONE',  ( 0.000000000000000000, 0.000000000000000000, 0.000000000000000000 ) ) ;
#5426 = CARTESIAN_POINT ( 'NONE',  ( 0.4031490600393469181, -2.953980346163414772E-14, 7.999999999999967137 ) ) ;
#5427 = CARTESIAN_POINT ( 'NONE',  ( 5.676582343750004256, -11.78125000170697589, -2.351317394708899666 ) ) ;
#5428 = CARTESIAN_POINT ( 'NONE',  ( -5.000000000000000000, -0.6875000034139828742, -6.123233995736771213E-16 ) ) ;
#5429 = CARTESIAN_POINT ( 'NONE',  ( -2.351317394708899666, -7.718750001706990105, -5.676582343750006032 ) ) ;
#5430 = ADVANCED_FACE ( 'NONE', ( #2228 ), #4629, .T. ) ;
#5431 = FILL_AREA_STYLE_COLOUR ( '', #2920 ) ;
#5432 = MECHANICAL_DESIGN_GEOMETRIC_PRESENTATION_REPRESENTATION (  '', ( #648 ), #2417 ) ;
#5433 = APPLICATION_PROTOCOL_DEFINITION ( 'draft international standard', 'automotive_design', 1998, #1299 ) ;
#5434 = CARTESIAN_POINT ( 'NONE',  ( 2.042976114296334966, 6.161142665431478987E-16, 36.73125515601589797 ) ) ;
#5435 = CARTESIAN_POINT ( 'NONE',  ( 4.013949869229449519, -12.79687500170700076, -4.013949869229449519 ) ) ;
#5436 = CARTESIAN_POINT ( 'NONE',  ( -0.3992676518896349225, 4.392530623275761492, -7.999986212843552380 ) ) ;
#5437 = CARTESIAN_POINT ( 'NONE',  ( -6.913723615242350122E-13, -8.187500000000000000, -5.000000000000000000 ) ) ;
#5438 = CARTESIAN_POINT ( 'NONE',  ( -4.013949869229449519, -2.171875001706990105, 4.013949869229449519 ) ) ;
#5439 = ORIENTED_EDGE ( 'NONE', *, *, #470, .T. ) ;
#5440 = CARTESIAN_POINT ( 'NONE',  ( -1.885116071219907319, 0.2185626136175538858, 8.000015534982209076 ) ) ;
#5441 = CARTESIAN_POINT ( 'NONE',  ( 0.6233197698144808951, 1.181225712505727943, 50.81979306917139638 ) ) ;
#5442 = CARTESIAN_POINT ( 'NONE',  ( -2.704166277726899943E-14, 0.000000000000000000, -8.000000000000000000 ) ) ;
#5443 = SURFACE_STYLE_FILL_AREA ( #1103 ) ;
#5444 = CARTESIAN_POINT ( 'NONE',  ( -5.000000000000005329, -10.60937500341397843, 2.071067811865475949 ) ) ;
#5445 = CARTESIAN_POINT ( 'NONE',  ( -5.000000000000005329, -4.046875000000000888, 2.071067811865475949 ) ) ;
#5446 = CARTESIAN_POINT ( 'NONE',  ( 4.013949869229449519, -12.01562500170700076, 4.013949869229449519 ) ) ;
#5447 = ORIENTED_EDGE ( 'NONE', *, *, #6901, .F. ) ;
#5448 = FILL_AREA_STYLE ('',( #1787 ) ) ;
#5449 = CARTESIAN_POINT ( 'NONE',  ( -0.3411150683172900488, -0.9186789743680803255, 48.56125521527439304 ) ) ;
#5450 = CARTESIAN_POINT ( 'NONE',  ( 0.000000000000000000, 0.000000000000000000, 0.000000000000000000 ) ) ;
#5451 = CARTESIAN_POINT ( 'NONE',  ( 16.20145628398710969, 0.6924760980099851082, 0.000000000000000000 ) ) ;
#5452 = ORIENTED_EDGE ( 'NONE', *, *, #4099, .T. ) ;
#5453 = PRESENTATION_STYLE_ASSIGNMENT (( #3072 ) ) ;
#5454 = EDGE_CURVE ( 'NONE', #909, #5622, #6, .T. ) ;
#5455 = CARTESIAN_POINT ( 'NONE',  ( 4.528470622501890475, 6.161142665431478987E-16, 34.12832495771964858 ) ) ;
#5456 = FILL_AREA_STYLE_COLOUR ( '', #7646 ) ;
#5457 = AXIS2_PLACEMENT_3D ( 'NONE', #2925, #3407, #6493 ) ;
#5458 = FILL_AREA_STYLE_COLOUR ( '', #5155 ) ;
#5459 = CARTESIAN_POINT ( 'NONE',  ( -0.2606521290861674722, 0.8577064294988884230, 49.26901450989798548 ) ) ;
#5460 = SURFACE_SIDE_STYLE ('',( #1876 ) ) ;
#5461 = ADVANCED_FACE ( 'NONE', ( #5376 ), #1384, .T. ) ;
#5462 = CYLINDRICAL_SURFACE ( 'NONE', #4817, 5.000000000000000000 ) ;
#5463 = CARTESIAN_POINT ( 'NONE',  ( -5.000000000000005329, -9.515625003413978433, -2.071067811865475949 ) ) ;
#5464 = CARTESIAN_POINT ( 'NONE',  ( -2.850513034651389166, -1.129567927774410840, 50.18211620449013566 ) ) ;
#5465 = CARTESIAN_POINT ( 'NONE',  ( -2.361608005080463091, 1.958304054361535762, 51.37882072672594802 ) ) ;
#5466 = CARTESIAN_POINT ( 'NONE',  ( -5.941355999494519757, 4.336962166251869810, -5.450969427823200597 ) ) ;
#5467 = CARTESIAN_POINT ( 'NONE',  ( -1.403991316251087529, 2.402314104326480404, 69.38972183242348990 ) ) ;
#5468 = CARTESIAN_POINT ( 'NONE',  ( 2.351317394708899666, -10.37500000170699366, -5.676582343750004256 ) ) ;
#5469 = DIRECTION ( 'NONE',  ( 0.000000000000000000, -1.000000000000000000, 0.000000000000000000 ) ) ;
#5470 = CARTESIAN_POINT ( 'NONE',  ( 5.676582343750006032, -5.687500001706991881, 2.351317394708905439 ) ) ;
#5471 = CARTESIAN_POINT ( 'NONE',  ( 2.351317394708899666, -5.375000001706988328, -5.676582343750006032 ) ) ;
#5472 =( BOUNDED_CURVE ( )  B_SPLINE_CURVE ( 2, ( #2642, #729, #6136, #4487, #4380, #219, #4991, #5070, #6767 ),
 .UNSPECIFIED., .F., .F. ) 
 B_SPLINE_CURVE_WITH_KNOTS ( ( 3, 2, 2, 2, 3 ),
 ( 0.7500000000000000000, 0.7613636363636360205, 0.7727272727272730402, 0.7840909090909089496, 0.7954545454545449701 ),
 .UNSPECIFIED. ) 
 CURVE ( )  GEOMETRIC_REPRESENTATION_ITEM ( )  RATIONAL_B_SPLINE_CURVE ( ( 1.000000000000000000, 0.9238795325112859613, 1.000000000000000000, 0.9238795325112869605, 1.000000000000000000, 0.9238795325112869605, 1.000000000000000000, 0.9238795325112879597, 1.000000000000000000 ) ) 
 REPRESENTATION_ITEM ( '' )  );
#5473 = CIRCLE ( 'NONE', #1949, 1.375000000000000222 ) ;
#5474 =( LENGTH_UNIT ( ) NAMED_UNIT ( * ) SI_UNIT ( .MILLI., .METRE. ) );
#5475 = CONTEXT_DEPENDENT_SHAPE_REPRESENTATION ( #589, #5283 ) ;
#5476 = ADVANCED_FACE ( 'NONE', ( #6609 ), #2509, .T. ) ;
#5477 = CARTESIAN_POINT ( 'NONE',  ( 0.8499999999999999778, -15.00000000000000000, -1.472243186433543904 ) ) ;
#5478 = CARTESIAN_POINT ( 'NONE',  ( -2.351317394708899666, -10.06250000170699543, -5.676582343750006032 ) ) ;
#5479 = CARTESIAN_POINT ( 'NONE',  ( 11.16227881057210070, 6.161142665431478987E-16, 20.43400127884239836 ) ) ;
#5480 = B_SPLINE_CURVE_WITH_KNOTS ( 'NONE', 3,
 ( #744, #4353, #2489, #5479, #5045, #1304, #793, #6780, #3126, #235, #6234, #3170, #1383 ),
 .UNSPECIFIED., .F., .F.,
 ( 4, 1, 1, 1, 1, 1, 1, 1, 1, 1, 4 ),
 ( 0.000000000000000000, 0.2081222142965277189, 0.4162444285930491095, 0.5529278107216261118, 0.6243666428895818798, 0.7284277500378663062, 0.7421187731892510131, 0.8324888571861096542, 0.8601361368813348340, 0.9365499643345076564, 1.000000000000000000 ),
 .UNSPECIFIED. ) ;
#5481 = CARTESIAN_POINT ( 'NONE',  ( -3.732299101918535200, -1.981944279537670273, 69.51608088223889581 ) ) ;
#5482 = B_SPLINE_CURVE_WITH_KNOTS ( 'NONE', 3,
 ( #876, #5088, #7493, #3294, #281, #6272, #1110, #5449, #4704, #5970, #6602, #7693, #7192, #3500, #4169, #6013, #600, #5926, #40, #2464, #4777, #1788, #3027, #4213, #639, #5889, #4854, #6511, #1829, #7265, #1868, #2299, #1199, #1707, #7105, #2900, #2379, #6557 ),
 .UNSPECIFIED., .F., .F.,
 ( 4, 2, 2, 2, 1, 1, 2, 2, 2, 2, 2, 2, 2, 2, 2, 1, 1, 2, 2, 2, 4 ),
 ( 0.000000000000000000, 0.1249999999999924505, 0.1874999999999887035, 0.2187499999999867883, 0.2343749999999858447, 0.2421874999999855671, 0.2460937499999854283, 0.2499999999999853451, 0.3749999999999848455, 0.4374999999999848455, 0.4687499999999847899, 0.4999999999999847899, 0.6249999999999853451, 0.6874999999999853451, 0.7187499999999850120, 0.7343749999999849010, 0.7421874999999852340, 0.7460937499999852340, 0.7499999999999852340, 0.8749999999999926725, 1.000000000000000000 ),
 .UNSPECIFIED. ) ;
#5483 = ADVANCED_FACE ( 'NONE', ( #4451 ), #1283, .F. ) ;
#5484 = CARTESIAN_POINT ( 'NONE',  ( -4.013949869229449519, -1.234375001706991881, -4.013949869229449519 ) ) ;
#5485 = VERTEX_POINT ( 'NONE', #4413 ) ;
#5486 = CARTESIAN_POINT ( 'NONE',  ( -3.535533905932735088, -4.593750003413980210, -3.535533905932739973 ) ) ;
#5487 =( LENGTH_UNIT ( ) NAMED_UNIT ( * ) SI_UNIT ( .MILLI., .METRE. ) );
#5488 = CARTESIAN_POINT ( 'NONE',  ( 5.000000000000005329, -12.48437500341397488, -2.071067811865475949 ) ) ;
#5489 = CARTESIAN_POINT ( 'NONE',  ( -3.535533905932735088, -1.781250000000000000, -3.535533905932739973 ) ) ;
#5490 = CARTESIAN_POINT ( 'NONE',  ( 3.475904198684909876E-16, -11.54687500170700076, -5.676582343749999815 ) ) ;
#5491 = ORIENTED_EDGE ( 'NONE', *, *, #1995, .T. ) ;
#5492 = ADVANCED_FACE ( 'NONE', ( #814 ), #1693, .T. ) ;
#5493 = CARTESIAN_POINT ( 'NONE',  ( 0.9041667527068718568, -0.5270204933524945679, 50.76574538683025395 ) ) ;
#5494 = CARTESIAN_POINT ( 'NONE',  ( -2.712827889098801126, 0.2139466560798069239, 48.80277321156882664 ) ) ;
#5495 = DIRECTION ( 'NONE',  ( 0.000000000000000000, 0.000000000000000000, 1.000000000000000000 ) ) ;
#5496 = FILL_AREA_STYLE ('',( #3070 ) ) ;
#5497 = EDGE_CURVE ( 'NONE', #6837, #3443, #6330, .T. ) ;
#5498 = ORIENTED_EDGE ( 'NONE', *, *, #715, .T. ) ;
#5499 = CARTESIAN_POINT ( 'NONE',  ( 2.102775263453235954, 3.650879266045738092, 69.19940691973725677 ) ) ;
#5500 = CARTESIAN_POINT ( 'NONE',  ( 11.58413979377216307, -2.749999999999999112, 27.74508992422438070 ) ) ;
#5501 = SURFACE_STYLE_USAGE ( .BOTH. , #9 ) ;
#5502 = CARTESIAN_POINT ( 'NONE',  ( 0.000000000000000000, -13.50000000000000000, 0.000000000000000000 ) ) ;
#5503 = VECTOR ( 'NONE', #4785, 1000.000000000000000 ) ;
#5504 = CARTESIAN_POINT ( 'NONE',  ( 0.3024526666032469890, 0.8333983451325249758, 49.78486338697462799 ) ) ;
#5505 = CARTESIAN_POINT ( 'NONE',  ( -0.2351263590178006291, -3.959162185626737607, 69.32628663443645678 ) ) ;
#5506 = CARTESIAN_POINT ( 'NONE',  ( 2.845129235979732663, 0.0001291919496969514683, -4.398161142040862615 ) ) ;
#5507 =( NAMED_UNIT ( * ) SI_UNIT ( $, .STERADIAN. ) SOLID_ANGLE_UNIT ( ) );
#5508 = UNCERTAINTY_MEASURE_WITH_UNIT (LENGTH_MEASURE( 1.000000000000000082E-05 ), #2903, 'distance_accuracy_value', 'NONE');
#5509 = PRESENTATION_STYLE_ASSIGNMENT (( #1923 ) ) ;
#5510 = CARTESIAN_POINT ( 'NONE',  ( 0.000000000000000000, 0.000000000000000000, 0.000000000000000000 ) ) ;
#5511 = CARTESIAN_POINT ( 'NONE',  ( -2.182020517383636893, 1.515401924257756328, 69.43194607407616559 ) ) ;
#5512 = CARTESIAN_POINT ( 'NONE',  ( 4.013949869229449519, -4.203125001706990105, -4.013949869229449519 ) ) ;
#5513 = CARTESIAN_POINT ( 'NONE',  ( 16.37500000000000355, 0.1799870791119129176, -65.48512825965232764 ) ) ;
#5514 = CARTESIAN_POINT ( 'NONE',  ( -5.676582343750006032, -3.656250001706994546, 2.351317394708899666 ) ) ;
#5515 = CARTESIAN_POINT ( 'NONE',  ( 5.676582343750006032, -5.687500001706991881, 2.351317394708905439 ) ) ;
#5516 = SURFACE_STYLE_FILL_AREA ( #7171 ) ;
#5517 = SHAPE_DEFINITION_REPRESENTATION ( #5992, #7421 ) ;
#5518 = CARTESIAN_POINT ( 'NONE',  ( 8.281151507391705024, 0.4444322724616162623, 1.656543214740224146 ) ) ;
#5519 = ADVANCED_FACE ( 'NONE', ( #1471 ), #3290, .T. ) ;
#5520 = CARTESIAN_POINT ( 'NONE',  ( -5.676582343750006032, -8.500000001706988328, 2.351317394708899666 ) ) ;
#5521 = SURFACE_STYLE_FILL_AREA ( #7285 ) ;
#5522 = CARTESIAN_POINT ( 'NONE',  ( 5.000000000000000000, -8.500000000000000000, 0.000000000000000000 ) ) ;
#5523 =( BOUNDED_CURVE ( )  B_SPLINE_CURVE ( 2, ( #5838, #2234, #7522, #4604, #2123, #4638, #4067, #7559, #5763 ),
 .UNSPECIFIED., .F., .F. ) 
 B_SPLINE_CURVE_WITH_KNOTS ( ( 3, 2, 2, 2, 3 ),
 ( 0.3863636363636365201, 0.3977272727272725406, 0.4090909090909090051, 0.4204545454545455252, 0.4318181818181820453 ),
 .UNSPECIFIED. ) 
 CURVE ( )  GEOMETRIC_REPRESENTATION_ITEM ( )  RATIONAL_B_SPLINE_CURVE ( ( 1.000000000000000000, 0.9238795325112859613, 1.000000000000000000, 0.9238795325112869605, 1.000000000000000000, 0.9238795325112869605, 1.000000000000000000, 0.9238795325112869605, 1.000000000000000000 ) ) 
 REPRESENTATION_ITEM ( '' )  );
#5524 = CARTESIAN_POINT ( 'NONE',  ( 2.351317394708899666, -2.718750001706990105, -5.676582343750004256 ) ) ;
#5525 = EDGE_LOOP ( 'NONE', ( #3940, #6444, #7123, #6600 ) ) ;
#5526 = CARTESIAN_POINT ( 'NONE',  ( -3.480691319564296116, 2.622049124298939660, 67.33257085499714378 ) ) ;
#5527 = CARTESIAN_POINT ( 'NONE',  ( 0.006738657370630133682, -0.03772015516751747732, 48.52247744591185352 ) ) ;
#5528 = EDGE_CURVE ( 'NONE', #5370, #231, #981, .T. ) ;
#5529 = SURFACE_SIDE_STYLE ('',( #3733 ) ) ;
#5530 = EDGE_CURVE ( 'NONE', #5258, #5765, #6537, .T. ) ;
#5531 = CARTESIAN_POINT ( 'NONE',  ( -5.000000000000005329, -12.01562500341398376, -2.071067811865475949 ) ) ;
#5532 = CARTESIAN_POINT ( 'NONE',  ( -4.045098658572433337, -0.5007820547060788385, -2.938907423246861050 ) ) ;
#5533 = CARTESIAN_POINT ( 'NONE',  ( -3.535533905932739973, -5.531250003413979321, 3.535533905932735088 ) ) ;
#5534 = CARTESIAN_POINT ( 'NONE',  ( -5.676582343750006032, -10.06250000170699543, -2.351317394708899666 ) ) ;
#5535 = ORIENTED_EDGE ( 'NONE', *, *, #2722, .T. ) ;
#5536 = CARTESIAN_POINT ( 'NONE',  ( -4.227550271483398348, -0.3705736708495376286, -3.071474533060916112 ) ) ;
#5537 = AXIS2_PLACEMENT_3D ( 'NONE', #1464, #4495, #2081 ) ;
#5538 = CARTESIAN_POINT ( 'NONE',  ( -3.813794742445622443, -0.5164055949719232874, -3.257273069415625333 ) ) ;
#5539 = DIRECTION ( 'NONE',  ( 0.000000000000000000, -1.000000000000000000, 0.000000000000000000 ) ) ;
#5540 = STYLED_ITEM ( 'NONE', ( #542 ), #1061 ) ;
#5541 = VERTEX_POINT ( 'NONE', #7523 ) ;
#5542 = DIRECTION ( 'NONE',  ( 0.000000000000000000, 1.000000000000000000, 0.000000000000000000 ) ) ;
#5543 = EDGE_CURVE ( 'NONE', #1691, #2240, #5406, .T. ) ;
#5544 = EDGE_CURVE ( 'NONE', #1108, #2188, #5603, .T. ) ;
#5545 = STYLED_ITEM ( 'NONE', ( #5606 ), #5519 ) ;
#5546 = SURFACE_STYLE_USAGE ( .BOTH. , #6212 ) ;
#5547 = CARTESIAN_POINT ( 'NONE',  ( -5.676582343750006032, -11.00000000170697945, 2.351317394708899666 ) ) ;
#5548 = CARTESIAN_POINT ( 'NONE',  ( -2.246693820822800003, 6.007701435643800150E-16, 61.42368334131539598 ) ) ;
#5549 = CARTESIAN_POINT ( 'NONE',  ( -1.071763788722686073, 1.853174992196697346, 49.95725219298162756 ) ) ;
#5550 = SURFACE_STYLE_USAGE ( .BOTH. , #2475 ) ;
#5551 = PRESENTATION_LAYER_ASSIGNMENT (  '', '', ( #2023 ) ) ;
#5552 = FILL_AREA_STYLE ('',( #775 ) ) ;
#5553 = CARTESIAN_POINT ( 'NONE',  ( 7.425791769409014975, 4.338390717610737468, 3.138410289008641385 ) ) ;
#5554 = MECHANICAL_DESIGN_GEOMETRIC_PRESENTATION_REPRESENTATION (  '', ( #3048 ), #1263 ) ;
#5555 = FILL_AREA_STYLE_COLOUR ( '', #3833 ) ;
#5556 =( NAMED_UNIT ( * ) SI_UNIT ( $, .STERADIAN. ) SOLID_ANGLE_UNIT ( ) );
#5557 = CARTESIAN_POINT ( 'NONE',  ( 5.676582343750004256, -6.781250001706992769, -2.351317394708899666 ) ) ;
#5558 = SURFACE_STYLE_USAGE ( .BOTH. , #3884 ) ;
#5559 = CARTESIAN_POINT ( 'NONE',  ( -4.013949869229449519, -5.140625001706990105, -4.013949869229449519 ) ) ;
#5560 = CARTESIAN_POINT ( 'NONE',  ( -5.676582343750006032, -1.312500001706992991, -2.351317394708899666 ) ) ;
#5561 = CARTESIAN_POINT ( 'NONE',  ( -3.114011346951009784, 1.119922323704249853E-15, 62.97296069184719869 ) ) ;
#5562 = PRESENTATION_LAYER_ASSIGNMENT (  '', '', ( #1900 ) ) ;
#5563 = CARTESIAN_POINT ( 'NONE',  ( 6.729376378909875278, 4.392588357005808852, -4.344358587081149636 ) ) ;
#5564 = CARTESIAN_POINT ( 'NONE',  ( -5.676582343749999815, -6.078125001706990105, -6.951808397369819752E-16 ) ) ;
#5565 = CARTESIAN_POINT ( 'NONE',  ( -6.053203230275529201, 4.210830322920400270, -5.515544456622719416 ) ) ;
#5566 = FILL_AREA_STYLE ('',( #745 ) ) ;
#5567 = MECHANICAL_DESIGN_GEOMETRIC_PRESENTATION_REPRESENTATION (  '', ( #2992 ), #1540 ) ;
#5568 = CARTESIAN_POINT ( 'NONE',  ( 2.351317394708899666, -0.2187500017069904379, -5.676582343750004256 ) ) ;
#5569 = MECHANICAL_DESIGN_GEOMETRIC_PRESENTATION_REPRESENTATION (  '', ( #5821 ), #4926 ) ;
#5570 = CARTESIAN_POINT ( 'NONE',  ( -1.527926128000731021, -2.796116442733618257, 62.88688263016370428 ) ) ;
#5571 = PLANE ( 'NONE',  #5068 ) ;
#5572 = DIRECTION ( 'NONE',  ( 0.000000000000000000, 0.000000000000000000, 1.000000000000000000 ) ) ;
#5573 = CARTESIAN_POINT ( 'NONE',  ( 0.000000000000000000, 0.000000000000000000, 0.000000000000000000 ) ) ;
#5574 = STYLED_ITEM ( 'NONE', ( #5311 ), #1523 ) ;
#5575 = CIRCLE ( 'NONE', #1158, 7.649999999999999467 ) ;
#5576 = CARTESIAN_POINT ( 'NONE',  ( 3.061616997868385113E-16, -11.00000000341397843, -5.000000000000000000 ) ) ;
#5577 = CARTESIAN_POINT ( 'NONE',  ( 2.071067811865475949, -2.015625000000002665, -5.000000000000005329 ) ) ;
#5578 = CARTESIAN_POINT ( 'NONE',  ( 5.676582343750006032, -9.437500001706986552, 2.351317394708905439 ) ) ;
#5579 = ORIENTED_EDGE ( 'NONE', *, *, #591, .T. ) ;
#5580 = CARTESIAN_POINT ( 'NONE',  ( -0.4760081521390455150, 1.051062200042252259, 48.57582144481364850 ) ) ;
#5581 = DIRECTION ( 'NONE',  ( 1.000000000000000000, 0.000000000000000000, 0.000000000000000000 ) ) ;
#5582 = DIRECTION ( 'NONE',  ( 0.000000000000000000, 0.000000000000000000, -1.000000000000000000 ) ) ;
#5583 = ORIENTED_EDGE ( 'NONE', *, *, #3568, .F. ) ;
#5584 = CARTESIAN_POINT ( 'NONE',  ( -8.144259174415383384, 4.038499696198451616, 1.893727878167651868 ) ) ;
#5585 = ADVANCED_FACE ( 'NONE', ( #344, #1022, #5798, #3513 ), #6384, .T. ) ;
#5586 = CARTESIAN_POINT ( 'NONE',  ( -1.992392880000673827, -2.749999999999999112, 55.07283507682976165 ) ) ;
#5587 = EDGE_CURVE ( 'NONE', #7268, #3140, #3064, .T. ) ;
#5588 =( NAMED_UNIT ( * ) PLANE_ANGLE_UNIT ( ) SI_UNIT ( $, .RADIAN. ) );
#5589 = FILL_AREA_STYLE ('',( #4900 ) ) ;
#5590 = B_SPLINE_CURVE_WITH_KNOTS ( 'NONE', 3,
 ( #2139, #357, #963, #4553 ),
 .UNSPECIFIED., .F., .F.,
 ( 4, 4 ),
 ( 0.000000000000000000, 1.000000000000000000 ),
 .UNSPECIFIED. ) ;
#5591 = CARTESIAN_POINT ( 'NONE',  ( -0.07959138263667667190, 0.5524456922162177541, 49.24317396438583927 ) ) ;
#5592 =( REPRESENTATION_RELATIONSHIP ('NONE','NONE', #1998, #5267 ) REPRESENTATION_RELATIONSHIP_WITH_TRANSFORMATION ( #6698 )SHAPE_REPRESENTATION_RELATIONSHIP( ) );
#5593 = CARTESIAN_POINT ( 'NONE',  ( 3.912083133064499840, 7.780251979666475429E-06, -3.327190010991137203 ) ) ;
#5594 =( NAMED_UNIT ( * ) PLANE_ANGLE_UNIT ( ) SI_UNIT ( $, .RADIAN. ) );
#5595 = CARTESIAN_POINT ( 'NONE',  ( -2.566378348208914861, -0.6408317866782600181, 48.78822685238240098 ) ) ;
#5596 = UNCERTAINTY_MEASURE_WITH_UNIT (LENGTH_MEASURE( 1.000000000000000082E-05 ), #3838, 'distance_accuracy_value', 'NONE');
#5597 = CARTESIAN_POINT ( 'NONE',  ( -9.184850993605149917E-16, -2.875000003413984651, 5.000000000000000000 ) ) ;
#5598 = CARTESIAN_POINT ( 'NONE',  ( 0.2000070084367939760, 4.400000000000002132, 8.000000000000001776 ) ) ;
#5599 = CARTESIAN_POINT ( 'NONE',  ( -5.676582343750004256, -3.812500001706990993, -2.351317394708899666 ) ) ;
#5600 = FILL_AREA_STYLE_COLOUR ( '', #6034 ) ;
#5601 = CARTESIAN_POINT ( 'NONE',  ( 5.676582343750006032, -1.781250001706992325, -2.351317394708899666 ) ) ;
#5602 = CARTESIAN_POINT ( 'NONE',  ( 4.618802153516980091, 4.400000000000000355, -8.000000000000000000 ) ) ;
#5603 = B_SPLINE_CURVE_WITH_KNOTS ( 'NONE', 3,
 ( #7669, #1579, #6419, #3366 ),
 .UNSPECIFIED., .F., .F.,
 ( 4, 4 ),
 ( 0.000000000000000000, 1.000000000000000000 ),
 .UNSPECIFIED. ) ;
#5604 = DIRECTION ( 'NONE',  ( 0.000000000000000000, 1.000000000000000000, 0.000000000000000000 ) ) ;
#5605 = CARTESIAN_POINT ( 'NONE',  ( -4.013949869229449519, -9.671875001706990105, 4.013949869229449519 ) ) ;
#5606 = PRESENTATION_STYLE_ASSIGNMENT (( #2087 ) ) ;
#5607 = COLOUR_RGB ( '',0.5019607843137254832, 0.5019607843137254832, 0.5019607843137254832 ) ;
#5608 = CARTESIAN_POINT ( 'NONE',  ( 6.123233995736771213E-16, -13.50000000000000000, -5.000000000000000000 ) ) ;
#5609 = CARTESIAN_POINT ( 'NONE',  ( -4.084540738646100344, -1.981944279537670273, 63.02563206652870065 ) ) ;
#5610 = DIRECTION ( 'NONE',  ( 0.000000000000000000, 0.000000000000000000, -1.000000000000000000 ) ) ;
#5611 = SHAPE_REPRESENTATION_RELATIONSHIP ( 'NONE' , 'NONE' ,  #7421, #6861 ) ;
#5612 = FACE_OUTER_BOUND ( 'NONE', #2029, .T. ) ;
#5613 = MECHANICAL_DESIGN_GEOMETRIC_PRESENTATION_REPRESENTATION (  '', ( #1954 ), #2327 ) ;
#5614 = CARTESIAN_POINT ( 'NONE',  ( -5.000000000000005329, -7.015625003413987315, -2.071067811865475949 ) ) ;
#5615 = CARTESIAN_POINT ( 'NONE',  ( -2.071067811865475949, -3.890624999999999556, 4.999999999999994671 ) ) ;
#5616 =( NAMED_UNIT ( * ) PLANE_ANGLE_UNIT ( ) SI_UNIT ( $, .RADIAN. ) );
#5617 = ORIENTED_EDGE ( 'NONE', *, *, #6196, .F. ) ;
#5618 = CARTESIAN_POINT ( 'NONE',  ( -2.862676667485246629, -4.499999999999997335, 55.77147151714451923 ) ) ;
#5619 = CARTESIAN_POINT ( 'NONE',  ( -2.298805585267331253, 0.9936498480116444654, 48.76171395602207070 ) ) ;
#5620 = CARTESIAN_POINT ( 'NONE',  ( -2.425560540195682790, 4.040403494144257479, 7.999999269963052662 ) ) ;
#5621 = DIRECTION ( 'NONE',  ( 5.627682551812640154E-15, -1.000000000000000000, 0.000000000000000000 ) ) ;
#5622 = VERTEX_POINT ( 'NONE', #5156 ) ;
#5623 = CARTESIAN_POINT ( 'NONE',  ( -9.237604307034001039, 1.237604307033950191, 6.478578814905459465E-14 ) ) ;
#5624 = CARTESIAN_POINT ( 'NONE',  ( 6.820812641018439315, 4.477253316603870700E-16, 35.60590401973295371 ) ) ;
#5625 = EDGE_CURVE ( 'NONE', #68, #442, #7548, .T. ) ;
#5626 = CARTESIAN_POINT ( 'NONE',  ( -2.351317394708899666, -10.06250000170699543, -5.676582343750006032 ) ) ;
#5627 = CARTESIAN_POINT ( 'NONE',  ( -3.732299101918535200, -1.981944279537670273, 69.51608088223889581 ) ) ;
#5628 = CARTESIAN_POINT ( 'NONE',  ( -2.674893055988740276, 0.1496311174030633129, 49.61792179433939509 ) ) ;
#5629 = CYLINDRICAL_SURFACE ( 'NONE', #1265, 5.000000000000000000 ) ;
#5630 = COLOUR_RGB ( '',0.7529411764705882248, 0.7529411764705882248, 0.000000000000000000 ) ;
#5631 = PRESENTATION_STYLE_ASSIGNMENT (( #3877 ) ) ;
#5632 = CARTESIAN_POINT ( 'NONE',  ( 7.127013089016299041, 4.392588357005791977, 3.655631602222320087 ) ) ;
#5633 = CYLINDRICAL_SURFACE ( 'NONE', #2850, 5.000000000000000000 ) ;
#5634 = PLANE ( 'NONE',  #4789 ) ;
#5635 = STYLED_ITEM ( 'NONE', ( #410 ), #1624 ) ;
#5636 = CARTESIAN_POINT ( 'NONE',  ( 0.000000000000000000, 15.00000000000000000, -38.00000000000000000 ) ) ;
#5637 = CARTESIAN_POINT ( 'NONE',  ( -2.351317394708905439, -3.500000001706992769, 5.676582343750004256 ) ) ;
#5638 = CARTESIAN_POINT ( 'NONE',  ( -1.042771259605471878E-15, -3.421875001706990105, 5.676582343749999815 ) ) ;
#5639 = CARTESIAN_POINT ( 'NONE',  ( 2.351317394708899666, -0.3750000017069909375, -5.676582343750006032 ) ) ;
#5640 = CARTESIAN_POINT ( 'NONE',  ( 4.999999999999994671, -2.640625003413981542, 2.071067811865475949 ) ) ;
#5641 = CARTESIAN_POINT ( 'NONE',  ( 6.123233995736771213E-16, -13.50000000000000000, -5.000000000000000000 ) ) ;
#5642 = VERTEX_POINT ( 'NONE', #7560 ) ;
#5643 = CARTESIAN_POINT ( 'NONE',  ( 4.563128068997049702, 7.211145277071860834E-15, 71.56956062368630000 ) ) ;
#5644 = CARTESIAN_POINT ( 'NONE',  ( -4.013949869229449519, -6.234375001706990105, -4.013949869229449519 ) ) ;
#5645 = CARTESIAN_POINT ( 'NONE',  ( 4.752294471060569236, -2.655351122369519785E-16, -1.554251350434405099 ) ) ;
#5646 = CARTESIAN_POINT ( 'NONE',  ( -2.767108470445045043, -1.063136596883163865, 50.05324633812499968 ) ) ;
#5647 = CARTESIAN_POINT ( 'NONE',  ( 1.690499191105775845, -2.796116442733628915, 62.71221621890666853 ) ) ;
#5648 = SURFACE_STYLE_FILL_AREA ( #2016 ) ;
#5649 =( NAMED_UNIT ( * ) SI_UNIT ( $, .STERADIAN. ) SOLID_ANGLE_UNIT ( ) );
#5650 = DIRECTION ( 'NONE',  ( 0.000000000000000000, 1.000000000000000000, 0.000000000000000000 ) ) ;
#5651 = COLOUR_RGB ( '',0.5019607843137254832, 0.5019607843137254832, 0.5019607843137254832 ) ;
#5652 = CARTESIAN_POINT ( 'NONE',  ( 5.000000000000005329, -3.734375003413981986, -2.071067811865475949 ) ) ;
#5653 = CARTESIAN_POINT ( 'NONE',  ( -2.351317394708899666, -11.46875000170699543, -5.676582343750006032 ) ) ;
#5654 = CARTESIAN_POINT ( 'NONE',  ( 2.351317394708899666, -11.93750000170698833, 5.676582343750004256 ) ) ;
#5655 = ORIENTED_EDGE ( 'NONE', *, *, #3077, .T. ) ;
#5656 = SURFACE_SIDE_STYLE ('',( #4408 ) ) ;
#5657 = CARTESIAN_POINT ( 'NONE',  ( -0.3319418966437259200, 1.522540429186206357, 49.82306160362474401 ) ) ;
#5658 = PLANE ( 'NONE',  #1067 ) ;
#5659 = ORIENTED_EDGE ( 'NONE', *, *, #5544, .T. ) ;
#5660 = CARTESIAN_POINT ( 'NONE',  ( -0.02838582654501310004, 4.477253316603870700E-16, 45.00270829813769780 ) ) ;
#5661 = CARTESIAN_POINT ( 'NONE',  ( 8.888838916746850671, -2.749999999999999112, 27.04902535903201155 ) ) ;
#5662 = CARTESIAN_POINT ( 'NONE',  ( 3.475904198684909876E-16, -7.640625001706989217, -5.676582343749999815 ) ) ;
#5663 = COLOUR_RGB ( '',0.5019607843137254832, 0.5019607843137254832, 0.5019607843137254832 ) ;
#5664 = CARTESIAN_POINT ( 'NONE',  ( -9.184850993605149917E-16, -10.37500000341398021, 5.000000000000000000 ) ) ;
#5665 = CARTESIAN_POINT ( 'NONE',  ( -2.512444884407144851E-11, -3.187499999999050093, -5.000000000000000000 ) ) ;
#5666 = CARTESIAN_POINT ( 'NONE',  ( 0.000000000000000000, 0.000000000000000000, 0.000000000000000000 ) ) ;
#5667 = COLOUR_RGB ( '',1.000000000000000000, 1.000000000000000000, 0.000000000000000000 ) ;
#5668 = CARTESIAN_POINT ( 'NONE',  ( -0.3335431979034673144, -0.9433206653131982478, 49.27934507079847748 ) ) ;
#5669 = UNCERTAINTY_MEASURE_WITH_UNIT (LENGTH_MEASURE( 1.000000000000000082E-05 ), #1634, 'distance_accuracy_value', 'NONE');
#5670 = CYLINDRICAL_SURFACE ( 'NONE', #4768, 5.000000000000000000 ) ;
#5671 = CARTESIAN_POINT ( 'NONE',  ( 5.000000000000000000, -1.312500003413983984, 0.000000000000000000 ) ) ;
#5672 = FILL_AREA_STYLE_COLOUR ( '', #93 ) ;
#5673 = CARTESIAN_POINT ( 'NONE',  ( 2.351317394708899666, -4.125000001706988328, -5.676582343750004256 ) ) ;
#5674 =( NAMED_UNIT ( * ) SI_UNIT ( $, .STERADIAN. ) SOLID_ANGLE_UNIT ( ) );
#5675 = CARTESIAN_POINT ( 'NONE',  ( 15.84500173996550920, -1.099541908297499537, -0.000000000000000000 ) ) ;
#5676 = PRESENTATION_LAYER_ASSIGNMENT (  '', '', ( #1888 ) ) ;
#5677 = CARTESIAN_POINT ( 'NONE',  ( -1.699999999999999956, 0.000000000000000000, 1.375000000000000000 ) ) ;
#5678 = CARTESIAN_POINT ( 'NONE',  ( 3.061616997868385113E-16, -9.750000003413978433, -5.000000000000000000 ) ) ;
#5679 = EDGE_LOOP ( 'NONE', ( #7524, #3414, #4761 ) ) ;
#5680 = VECTOR ( 'NONE', #4542, 1000.000000000000000 ) ;
#5681 = UNCERTAINTY_MEASURE_WITH_UNIT (LENGTH_MEASURE( 1.000000000000000082E-05 ), #2484, 'distance_accuracy_value', 'NONE');
#5682 = DIRECTION ( 'NONE',  ( -0.4999999999999985567, 0.000000000000000000, 0.8660254037844394848 ) ) ;
#5683 = PRESENTATION_LAYER_ASSIGNMENT (  '', '', ( #7424 ) ) ;
#5684 = CARTESIAN_POINT ( 'NONE',  ( -5.676582343749999815, -7.328125001706989217, -6.951808397369819752E-16 ) ) ;
#5685 = CARTESIAN_POINT ( 'NONE',  ( -2.071067811865459962, -1.390625000000025535, 4.999999999999951150 ) ) ;
#5686 = EDGE_CURVE ( 'NONE', #4708, #3894, #73, .T. ) ;
#5687 = CARTESIAN_POINT ( 'NONE',  ( 3.207894680614713057, 2.895611778773868217, 69.13943124111573013 ) ) ;
#5688 =( GEOMETRIC_REPRESENTATION_CONTEXT ( 3 ) GLOBAL_UNCERTAINTY_ASSIGNED_CONTEXT ( ( #5508 ) ) GLOBAL_UNIT_ASSIGNED_CONTEXT ( ( #2903, #5861, #2871 ) ) REPRESENTATION_CONTEXT ( 'NONE', 'WORKASPACE' ) );
#5689 = EDGE_LOOP ( 'NONE', ( #4583, #1950, #3335, #7636, #4591, #5447 ) ) ;
#5690 = DIRECTION ( 'NONE',  ( 0.000000000000000000, 0.000000000000000000, 1.000000000000000000 ) ) ;
#5691 =( NAMED_UNIT ( * ) SI_UNIT ( $, .STERADIAN. ) SOLID_ANGLE_UNIT ( ) );
#5692 = CARTESIAN_POINT ( 'NONE',  ( 5.000000000000005329, -6.234375003413979321, -2.071067811865475949 ) ) ;
#5693 = CARTESIAN_POINT ( 'NONE',  ( -5.676582343750006032, -12.40625000170698122, 2.351317394708899666 ) ) ;
#5694 = CARTESIAN_POINT ( 'NONE',  ( -4.013949869229449519, -12.48437500170700076, -4.013949869229449519 ) ) ;
#5695 = B_SPLINE_CURVE_WITH_KNOTS ( 'NONE', 3,
 ( #2638, #7420, #6847, #6723 ),
 .UNSPECIFIED., .F., .F.,
 ( 4, 4 ),
 ( 0.000000000000000000, 1.000000000000000000 ),
 .UNSPECIFIED. ) ;
#5696 = ORIENTED_EDGE ( 'NONE', *, *, #1821, .T. ) ;
#5697 = CARTESIAN_POINT ( 'NONE',  ( 8.201276141308968093, 4.004795348723425796, -1.794950537482752573 ) ) ;
#5698 = CARTESIAN_POINT ( 'NONE',  ( -4.095223838017790996, 0.000000000000000000, -4.385104527434994459 ) ) ;
#5699 = CARTESIAN_POINT ( 'NONE',  ( -4.999999999999984901, -9.203125000000015987, -2.071067811865470620 ) ) ;
#5700 =( LENGTH_UNIT ( ) NAMED_UNIT ( * ) SI_UNIT ( .MILLI., .METRE. ) );
#5701 = ORIENTED_EDGE ( 'NONE', *, *, #719, .F. ) ;
#5702 =( GEOMETRIC_REPRESENTATION_CONTEXT ( 3 ) GLOBAL_UNCERTAINTY_ASSIGNED_CONTEXT ( ( #4342 ) ) GLOBAL_UNIT_ASSIGNED_CONTEXT ( ( #3030, #5300, #6518 ) ) REPRESENTATION_CONTEXT ( 'NONE', 'WORKASPACE' ) );
#5703 = CARTESIAN_POINT ( 'NONE',  ( -0.4266876233981534705, -1.580536922337429928, 49.83109358682019518 ) ) ;
#5704 = CARTESIAN_POINT ( 'NONE',  ( 4.013949869229449519, -9.046875001706990105, -4.013949869229449519 ) ) ;
#5705 = CARTESIAN_POINT ( 'NONE',  ( -2.071067811865475949, -10.60937499999999467, -5.000000000000005329 ) ) ;
#5706 = VECTOR ( 'NONE', #5109, 1000.000000000000000 ) ;
#5707 = CARTESIAN_POINT ( 'NONE',  ( -2.678718200100787428, 0.05831247977160188695, 49.61849933415685143 ) ) ;
#5708 = CARTESIAN_POINT ( 'NONE',  ( 5.000000000000000000, -2.250000000000024869, 0.000000000000000000 ) ) ;
#5709 = CARTESIAN_POINT ( 'NONE',  ( 5.000000000000000000, -13.50000000000000000, 0.000000000000000000 ) ) ;
#5710 = PRESENTATION_STYLE_ASSIGNMENT (( #7509 ) ) ;
#5711 = EDGE_CURVE ( 'NONE', #4192, #3650, #4122, .T. ) ;
#5712 = CARTESIAN_POINT ( 'NONE',  ( 0.4187930536675035786, -0.5344658607240506676, 49.77019225703102023 ) ) ;
#5713 = FILL_AREA_STYLE ('',( #7657 ) ) ;
#5714 = CYLINDRICAL_SURFACE ( 'NONE', #2222, 5.000000000000000000 ) ;
#5715 = CARTESIAN_POINT ( 'NONE',  ( -4.045099614507995156, 0.000000000000000000, -2.938906107280100155 ) ) ;
#5716 = CARTESIAN_POINT ( 'NONE',  ( -1.965255944549352263, -1.840223532853495048, 69.42018209440581700 ) ) ;
#5717 = CARTESIAN_POINT ( 'NONE',  ( -2.792007792973614233, 1.611580737186880885, 61.45327794895118245 ) ) ;
#5718 = CARTESIAN_POINT ( 'NONE',  ( -1.042771259605471878E-15, -0.9218750017069909930, 5.676582343749999815 ) ) ;
#5719 = EDGE_CURVE ( 'NONE', #4279, #6641, #6414, .T. ) ;
#5720 = FILL_AREA_STYLE ('',( #3325 ) ) ;
#5721 = CARTESIAN_POINT ( 'NONE',  ( -2.719332446952854809, 0.05748776037083420248, 48.80342012613120062 ) ) ;
#5722 = AXIS2_PLACEMENT_3D ( 'NONE', #4576, #7676, #503 ) ;
#5723 = CARTESIAN_POINT ( 'NONE',  ( -3.535533905932739973, -12.71875000000000000, 3.535533905932735088 ) ) ;
#5724 = CARTESIAN_POINT ( 'NONE',  ( -2.351317394708899666, -0.06250000170699047952, -5.676582343750006032 ) ) ;
#5725 = SURFACE_SIDE_STYLE ('',( #5083 ) ) ;
#5726 = CARTESIAN_POINT ( 'NONE',  ( 0.000000000000000000, -13.50000000000000000, 0.000000000000000000 ) ) ;
#5727 = EDGE_LOOP ( 'NONE', ( #6603, #31 ) ) ;
#5728 = ORIENTED_EDGE ( 'NONE', *, *, #7604, .F. ) ;
#5729 = DIRECTION ( 'NONE',  ( 0.000000000000000000, -1.000000000000000000, 0.000000000000000000 ) ) ;
#5730 = CARTESIAN_POINT ( 'NONE',  ( 0.000000000000000000, 0.000000000000000000, 0.000000000000000000 ) ) ;
#5731 = EDGE_CURVE ( 'NONE', #836, #6641, #6340, .T. ) ;
#5732 = PRESENTATION_LAYER_ASSIGNMENT (  '', '', ( #6473 ) ) ;
#5733 = CARTESIAN_POINT ( 'NONE',  ( 3.061616997868385113E-16, -4.750000003413980210, -5.000000000000000000 ) ) ;
#5734 = CARTESIAN_POINT ( 'NONE',  ( -4.013949869229449519, -10.14062500170700076, -4.013949869229449519 ) ) ;
#5735 =( LENGTH_UNIT ( ) NAMED_UNIT ( * ) SI_UNIT ( .MILLI., .METRE. ) );
#5736 = VERTEX_POINT ( 'NONE', #2229 ) ;
#5737 = FACE_OUTER_BOUND ( 'NONE', #4705, .T. ) ;
#5738 = CARTESIAN_POINT ( 'NONE',  ( -2.539953727054611754, 4.006678589413964708, 7.999988584519871715 ) ) ;
#5739 = AXIS2_PLACEMENT_3D ( 'NONE', #7317, #778, #3715 ) ;
#5740 =( NAMED_UNIT ( * ) SI_UNIT ( $, .STERADIAN. ) SOLID_ANGLE_UNIT ( ) );
#5741 = APPLICATION_CONTEXT ( 'automotive_design' ) ;
#5742 = ORIENTED_EDGE ( 'NONE', *, *, #2329, .T. ) ;
#5743 = CARTESIAN_POINT ( 'NONE',  ( 0.6041014432454769878, -1.212525714676800037, 50.82353784233739447 ) ) ;
#5744 = CARTESIAN_POINT ( 'NONE',  ( 5.676582343749999815, -5.453125001706989217, 0.000000000000000000 ) ) ;
#5745 = CARTESIAN_POINT ( 'NONE',  ( -2.071067811865475949, -11.85937499999999645, -5.000000000000005329 ) ) ;
#5746 = EDGE_CURVE ( 'NONE', #4146, #3445, #2209, .T. ) ;
#5747 = CARTESIAN_POINT ( 'NONE',  ( -2.618666654906041558, 0.4185603779766123855, 49.60945038830724485 ) ) ;
#5748 = DIRECTION ( 'NONE',  ( 0.000000000000000000, 0.000000000000000000, 1.000000000000000000 ) ) ;
#5749 = EDGE_CURVE ( 'NONE', #431, #994, #903, .T. ) ;
#5750 = CARTESIAN_POINT ( 'NONE',  ( 13.90045809170250379, -0.8450017399655030959, -65.48512825965232764 ) ) ;
#5751 = DIRECTION ( 'NONE',  ( 1.000000000000000000, 0.000000000000000000, 0.000000000000000000 ) ) ;
#5752 = CARTESIAN_POINT ( 'NONE',  ( 0.01442111527663491113, -0.2341049389407257597, 49.22966723878678863 ) ) ;
#5753 = CARTESIAN_POINT ( 'NONE',  ( 0.000000000000000000, 0.000000000000000000, 0.000000000000000000 ) ) ;
#5754 = CARTESIAN_POINT ( 'NONE',  ( -2.828496188070320085E-11, -7.562500000001070255, 5.000000000000000000 ) ) ;
#5755 = CARTESIAN_POINT ( 'NONE',  ( 1.591251859854216244, 4.245457893645864900, 8.000064586909099162 ) ) ;
#5756 = CARTESIAN_POINT ( 'NONE',  ( 5.676582343749999815, -0.6093750017069909930, 0.000000000000000000 ) ) ;
#5757 = CARTESIAN_POINT ( 'NONE',  ( 0.06450650701666220399, -4.603993403836609488, 69.31002532891719170 ) ) ;
#5758 = CARTESIAN_POINT ( 'NONE',  ( 14.15499826003448547, -1.099541908297494430, 0.000000000000000000 ) ) ;
#5759 = DIRECTION ( 'NONE',  ( 0.000000000000000000, -1.000000000000000000, 0.000000000000000000 ) ) ;
#5760 = UNCERTAINTY_MEASURE_WITH_UNIT (LENGTH_MEASURE( 1.000000000000000082E-05 ), #655, 'distance_accuracy_value', 'NONE');
#5761 =( NAMED_UNIT ( * ) PLANE_ANGLE_UNIT ( ) SI_UNIT ( $, .RADIAN. ) );
#5762 = CARTESIAN_POINT ( 'NONE',  ( -4.013949869229449519, -1.234375001706991881, -4.013949869229449519 ) ) ;
#5763 = CARTESIAN_POINT ( 'NONE',  ( -9.184850993605149917E-16, -6.625000003413980210, 5.000000000000000000 ) ) ;
#5764 = FILL_AREA_STYLE ('',( #6976 ) ) ;
#5765 = VERTEX_POINT ( 'NONE', #2996 ) ;
#5766 =( NAMED_UNIT ( * ) PLANE_ANGLE_UNIT ( ) SI_UNIT ( $, .RADIAN. ) );
#5767 = DIRECTION ( 'NONE',  ( 0.000000000000000000, 1.000000000000000000, 0.000000000000000000 ) ) ;
#5768 = CARTESIAN_POINT ( 'NONE',  ( 6.524746325999826624, 0.03051897909793930067, -4.698802937019198822 ) ) ;
#5769 = B_SPLINE_CURVE_WITH_KNOTS ( 'NONE', 3,
 ( #1059, #7243, #2278, #1177 ),
 .UNSPECIFIED., .F., .F.,
 ( 4, 4 ),
 ( 0.000000000000000000, 1.000000000000000000 ),
 .UNSPECIFIED. ) ;
#5770 = CARTESIAN_POINT ( 'NONE',  ( 3.535533905932739973, -7.406250003413979321, -3.535533905932739973 ) ) ;
#5771 = CARTESIAN_POINT ( 'NONE',  ( 4.013949869229449519, -10.45312500170700076, -4.013949869229449519 ) ) ;
#5772 = CARTESIAN_POINT ( 'NONE',  ( 2.351317394708899666, -11.46875000170699543, -5.676582343750004256 ) ) ;
#5773 = EDGE_CURVE ( 'NONE', #502, #3252, #4222, .T. ) ;
#5774 = ORIENTED_EDGE ( 'NONE', *, *, #4555, .F. ) ;
#5775 = FILL_AREA_STYLE ('',( #2827 ) ) ;
#5776 = DIRECTION ( 'NONE',  ( 0.000000000000000000, 1.000000000000000000, 0.000000000000000000 ) ) ;
#5777 = CARTESIAN_POINT ( 'NONE',  ( 3.112132827478700570, -0.8375932299497012012, 61.13285570779831346 ) ) ;
#5778 = ORIENTED_EDGE ( 'NONE', *, *, #4237, .F. ) ;
#5779 = CARTESIAN_POINT ( 'NONE',  ( 0.6163312584335843836, -1.038873532614700501, 50.21685404254606766 ) ) ;
#5780 = CARTESIAN_POINT ( 'NONE',  ( -5.676582343750006032, -8.500000001706988328, 2.351317394708899666 ) ) ;
#5781 =( NAMED_UNIT ( * ) PLANE_ANGLE_UNIT ( ) SI_UNIT ( $, .RADIAN. ) );
#5782 = FILL_AREA_STYLE ('',( #3875 ) ) ;
#5783 = CIRCLE ( 'NONE', #7030, 1.375000000000000000 ) ;
#5784 = CARTESIAN_POINT ( 'NONE',  ( -2.724800535703950199, -1.689087417516242029, 51.44361639843683776 ) ) ;
#5785 = FILL_AREA_STYLE ('',( #3913 ) ) ;
#5786 = SURFACE_SIDE_STYLE ('',( #3353 ) ) ;
#5787 = ADVANCED_FACE ( 'NONE', ( #6021 ), #10, .T. ) ;
#5788 = EDGE_CURVE ( 'NONE', #3923, #6590, #4787, .T. ) ;
#5789 = CARTESIAN_POINT ( 'NONE',  ( -0.3080317332866575053, -0.8843327169384280761, 48.55770133447669679 ) ) ;
#5790 = LINE ( 'NONE', #4598, #3174 ) ;
#5791 = DIRECTION ( 'NONE',  ( 0.000000000000000000, 1.000000000000000000, 0.000000000000000000 ) ) ;
#5792 = CARTESIAN_POINT ( 'NONE',  ( -5.676582343750004256, -1.312500001706992991, -2.351317394708899666 ) ) ;
#5793 = CARTESIAN_POINT ( 'NONE',  ( 1.514245761605875104E-11, -5.687500000000569322, -5.000000000000000000 ) ) ;
#5794 = CARTESIAN_POINT ( 'NONE',  ( -2.516904408621235767, -4.148614811661416896E-15, 70.28468012587748603 ) ) ;
#5795 = PRESENTATION_STYLE_ASSIGNMENT (( #3400 ) ) ;
#5796 = CARTESIAN_POINT ( 'NONE',  ( 3.475904198684909876E-16, -2.640625001706990105, -5.676582343749999815 ) ) ;
#5797 = DIRECTION ( 'NONE',  ( 0.000000000000000000, 1.000000000000000000, 0.000000000000000000 ) ) ;
#5798 = FACE_BOUND ( 'NONE', #7538, .T. ) ;
#5799 = VERTEX_POINT ( 'NONE', #5379 ) ;
#5800 = CARTESIAN_POINT ( 'NONE',  ( -5.931846075403455210, 0.2410369675131831535, -5.725741214723073291 ) ) ;
#5801 = CARTESIAN_POINT ( 'NONE',  ( -2.988628664705547333, 1.657010901134593222E-05, -4.769369998659922061 ) ) ;
#5802 = STYLED_ITEM ( 'NONE', ( #5027 ), #6478 ) ;
#5803 = DIRECTION ( 'NONE',  ( 0.000000000000000000, 0.000000000000000000, 1.000000000000000000 ) ) ;
#5804 = CARTESIAN_POINT ( 'NONE',  ( -2.720736080262520229, 2.749999999999999112, 50.25916868121086623 ) ) ;
#5805 = CARTESIAN_POINT ( 'NONE',  ( 2.071067811865475949, -1.078125003413983762, -5.000000000000005329 ) ) ;
#5806 = CARTESIAN_POINT ( 'NONE',  ( -4.013949869229449519, -9.828125001706990105, 4.013949869229449519 ) ) ;
#5807 = MECHANICAL_DESIGN_GEOMETRIC_PRESENTATION_REPRESENTATION (  '', ( #381 ), #4913 ) ;
#5808 = CARTESIAN_POINT ( 'NONE',  ( 2.351317394708899666, -8.187500001706995434, 5.676582343750004256 ) ) ;
#5809 = ORIENTED_EDGE ( 'NONE', *, *, #1009, .F. ) ;
#5810 = CARTESIAN_POINT ( 'NONE',  ( -2.751258635923505391, 1.671603504869329848, 51.44834889370490316 ) ) ;
#5811 =( BOUNDED_CURVE ( )  B_SPLINE_CURVE ( 2, ( #6788, #1397, #1980, #4508, #3258, #7455, #5694, #2628, #3975, #2060, #7409, #4444, #2024, #5654, #1516, #2744, #7534, #6202, #4548, #5772, #6950, #4975, #803, #6873, #4404, #3934, #1557, #959, #3219, #6835, #5880, #4155, #6462, #992, #1030, #5959, #1623, #392, #3523, #6542, #1733, #2855, #4077, #7018, #7092, #509, #4648, #3412, #7056, #1146, #6391, #2211, #7607, #5848, #4038, #1697, #2824, #7569, #6427, #1098, #4114, #5808, #5166, #5323, #5209, #6498, #4613, #7642, #1664, #2328, #3451, #1068, #3488, #3573, #430, #5244, #2172, #2244, #4728, #5913, #466, #7718, #2888, #5281, #2784, #4582, #7680, #7132, #2287, #2931, #6983, #4690, #1587, #4004, #3691, #1264, #6665, #3728, #1349, #4357, #2491, #4200, #7180, #7218, #7253, #3766, #4925, #3610, #1938, #3649, #2452, #6001, #1817, #7796, #6081, #1308, #551, #6746, #2976, #1189, #5359, #4242, #7332, #590, #5399, #7761, #669, #6115, #4881, #3019, #6630, #5524, #2412, #2365, #3128, #4807, #1894, #1224, #5438, #4843, #111, #1857, #4278, #6040, #7288, #3095, #626, #705, #3055, #4765, #5484, #1772, #2532, #67, #4316, #6589, #30, #6703, #2582, #3173, #156, #6152, #747, #5568, #6623, #25, #6658 ),
 .UNSPECIFIED., .F., .F. ) 
 B_SPLINE_CURVE_WITH_KNOTS ( ( 3, 2, 2, 2, 2, 2, 2, 2, 2, 2, 2, 2, 2, 2, 2, 2, 2, 2, 2, 2, 2, 2, 2, 2, 2, 2, 2, 2, 2, 2, 2, 2, 2, 2, 2, 2, 2, 2, 2, 2, 2, 2, 2, 2, 2, 2, 2, 2, 2, 2, 2, 2, 2, 2, 2, 2, 2, 2, 2, 2, 2, 2, 2, 2, 2, 2, 2, 2, 2, 2, 2, 2, 2, 2, 2, 2, 2, 2, 2, 2, 2, 2, 2, 3 ),
 ( 0.000000000000000000, 0.01201887141944526019, 0.02403774283889055161, 0.03605661425833580486, 0.04807548567778110321, 0.06009435709722630442, 0.07211322851667159584, 0.08413209993611690807, 0.09615097135556209540, 0.1081698427750074076, 0.1201887141944525950, 0.1322075856138980043, 0.1442264570333431917, 0.1562453284527884900, 0.1682641998722335108, 0.1802830712916790035, 0.1923019427111244961, 0.2043208141305694892, 0.2163396855500150096, 0.2283585569694600026, 0.2403774283889054952, 0.2523962998083504883, 0.2644151712277960087, 0.2764340426472409740, 0.2884529140666864944, 0.3004717854861315152, 0.3124906569055769801, 0.3245095283250220008, 0.3365283997444674657, 0.3485472711639124865, 0.3605661425833579514, 0.3725850140028034718, 0.3846038854222484926, 0.3966227568416940130, 0.4086416282611389783, 0.4206604996805844987, 0.4326793711000294640, 0.4446982425194750399, 0.4567171139389200052, 0.4687359853583650260, 0.4807548567778109905, 0.4927737281972560113, 0.5047925996167009766, 0.5168114710361469966, 0.5288303424555920174, 0.5408492138750370382, 0.5528680852944819479, 0.5648869567139280790, 0.5769058281333729887, 0.5889246995528180095, 0.6009435709722630303, 0.6129624423917090503, 0.6249813138111540711, 0.6370001852305989809, 0.6490190566500440017, 0.6610379280694900217, 0.6730567994889350425, 0.6850756709083800633, 0.6970945423278249731, 0.7091134137472709931, 0.7211322851667160139, 0.7331511565861610347, 0.7451700280056069436, 0.7571888994250519644, 0.7692077708444969852, 0.7812266422639430052, 0.7932455136833880260, 0.8052643851028329358, 0.8172832565222779566, 0.8293021279417229774, 0.8413209993611689974, 0.8533398707806140182, 0.8653587422000589280, 0.8773776136195049480, 0.8893964850389499688, 0.9014153564583949896, 0.9134342278778400104, 0.9254530992972859194, 0.9374719707167310512, 0.9494908421361759610, 0.9615097135556209818, 0.9735285849750660025, 0.9855474563945120225, 0.9962952214037230636 ),
 .UNSPECIFIED. ) 
 CURVE ( )  GEOMETRIC_REPRESENTATION_ITEM ( )  RATIONAL_B_SPLINE_CURVE ( ( 1.000000000000000000, 0.9238795325112869605, 1.000000000000000000, 0.9238795325112869605, 1.000000000000000000, 0.9238795325112869605, 1.000000000000000000, 0.9238795325112869605, 1.000000000000000000, 0.9238795325112869605, 1.000000000000000000, 0.9238795325112869605, 1.000000000000000000, 0.9238795325112869605, 1.000000000000000000, 0.9238795325112869605, 1.000000000000000000, 0.9238795325112869605, 1.000000000000000000, 0.9238795325112869605, 1.000000000000000000, 0.9238795325112869605, 1.000000000000000000, 0.9238795325112869605, 1.000000000000000000, 0.9238795325112869605, 1.000000000000000000, 0.9238795325112869605, 1.000000000000000000, 0.9238795325112869605, 1.000000000000000000, 0.9238795325112869605, 1.000000000000000000, 0.9238795325112869605, 1.000000000000000000, 0.9238795325112869605, 1.000000000000000000, 0.9238795325112869605, 1.000000000000000000, 0.9238795325112869605, 1.000000000000000000, 0.9238795325112869605, 1.000000000000000000, 0.9238795325112869605, 1.000000000000000000, 0.9238795325112869605, 1.000000000000000000, 0.9238795325112869605, 1.000000000000000000, 0.9238795325112869605, 1.000000000000000000, 0.9238795325112869605, 1.000000000000000000, 0.9238795325112869605, 1.000000000000000000, 0.9238795325112869605, 1.000000000000000000, 0.9238795325112869605, 1.000000000000000000, 0.9238795325112869605, 1.000000000000000000, 0.9238795325112869605, 1.000000000000000000, 0.9238795325112869605, 1.000000000000000000, 0.9238795325112869605, 1.000000000000000000, 0.9238795325112869605, 1.000000000000000000, 0.9238795325112869605, 1.000000000000000000, 0.9238795325112869605, 1.000000000000000000, 0.9238795325112869605, 1.000000000000000000, 0.9238795325112869605, 1.000000000000000000, 0.9238795325112869605, 1.000000000000000000, 0.9238795325112869605, 1.000000000000000000, 0.9238795325112869605, 1.000000000000000000, 0.9238795325112869605, 1.000000000000000000, 0.9238795325112869605, 1.000000000000000000, 0.9238795325112869605, 1.000000000000000000, 0.9238795325112869605, 1.000000000000000000, 0.9238795325112869605, 1.000000000000000000, 0.9238795325112869605, 1.000000000000000000, 0.9238795325112869605, 1.000000000000000000, 0.9238795325112869605, 1.000000000000000000, 0.9238795325112869605, 1.000000000000000000, 0.9238795325112869605, 1.000000000000000000, 0.9238795325112869605, 1.000000000000000000, 0.9238795325112869605, 1.000000000000000000, 0.9238795325112869605, 1.000000000000000000, 0.9238795325112869605, 1.000000000000000000, 0.9238795325112869605, 1.000000000000000000, 0.9238795325112869605, 1.000000000000000000, 0.9238795325112869605, 1.000000000000000000, 0.9238795325112869605, 1.000000000000000000, 0.9238795325112869605, 1.000000000000000000, 0.9238795325112869605, 1.000000000000000000, 0.9238795325112869605, 1.000000000000000000, 0.9238795325112869605, 1.000000000000000000, 0.9238795325112869605, 1.000000000000000000, 0.9238795325112869605, 1.000000000000000000, 0.9238795325112869605, 1.000000000000000000, 0.9238795325112869605, 1.000000000000000000, 0.9238795325112869605, 1.000000000000000000, 0.9238795325112869605, 1.000000000000000000, 0.9238795325112869605, 1.000000000000000000, 0.9238795325112869605, 1.000000000000000000, 0.9238795325112869605, 1.000000000000000000, 0.9238795325112869605, 1.000000000000000000, 0.9238795325112869605, 1.000000000000000000, 0.9238795325112869605, 1.000000000000000000, 0.9238795325112869605, 1.000000000000000000, 0.9238795325112869605, 1.000000000000000000, 0.9238795325112869605, 1.000000000000000000, 0.9238795325112869605, 1.000000000000000000, 0.9238795325112869605, 1.000000000000000000, 0.9238795325112869605, 1.000000000000000000, 0.9238795325112869605, 1.000000000000000000, 0.9319299734219380626, 0.9856019348059199547 ) ) 
 REPRESENTATION_ITEM ( '' )  );
#5812 =( LENGTH_UNIT ( ) NAMED_UNIT ( * ) SI_UNIT ( .MILLI., .METRE. ) );
#5813 = VERTEX_POINT ( 'NONE', #1716 ) ;
#5814 = CARTESIAN_POINT ( 'NONE',  ( -1.195473835515864058, -1.807388903526760071, 49.89855981987739852 ) ) ;
#5815 = CARTESIAN_POINT ( 'NONE',  ( -5.676582343750006032, -4.906250001706996322, -2.351317394708899666 ) ) ;
#5816 = CARTESIAN_POINT ( 'NONE',  ( 2.071067811865475949, -11.23437500000001243, 4.999999999999994671 ) ) ;
#5817 = CARTESIAN_POINT ( 'NONE',  ( -0.3369769826615389707, 3.200000000000003286, 62.82224890634509507 ) ) ;
#5818 = ORIENTED_EDGE ( 'NONE', *, *, #7213, .T. ) ;
#5819 = MECHANICAL_DESIGN_GEOMETRIC_PRESENTATION_REPRESENTATION (  '', ( #276 ), #4064 ) ;
#5820 = CARTESIAN_POINT ( 'NONE',  ( -3.467116748379130087, -0.2036941021800255103, 51.57470463618209777 ) ) ;
#5821 = STYLED_ITEM ( 'NONE', ( #2010 ), #4946 ) ;
#5822 = CARTESIAN_POINT ( 'NONE',  ( 2.471312552572809462, 4.027017110937507915, -7.999995952553814682 ) ) ;
#5823 = CARTESIAN_POINT ( 'NONE',  ( -3.381195632617615132, -9.020579378487079739E-18, 52.16499221532050257 ) ) ;
#5824 = ADVANCED_FACE ( 'NONE', ( #6610 ), #3631, .T. ) ;
#5825 = ORIENTED_EDGE ( 'NONE', *, *, #6196, .T. ) ;
#5826 = CARTESIAN_POINT ( 'NONE',  ( 0.4706865157427180812, -0.3074604490432668591, 49.76367562980794190 ) ) ;
#5827 = COLOUR_RGB ( '',0.5019607843137254832, 0.5019607843137254832, 0.000000000000000000 ) ;
#5828 = DIRECTION ( 'NONE',  ( 0.000000000000000000, 0.000000000000000000, 1.000000000000000000 ) ) ;
#5829 = DIRECTION ( 'NONE',  ( 0.000000000000000000, 0.000000000000000000, -1.000000000000000000 ) ) ;
#5830 = CARTESIAN_POINT ( 'NONE',  ( 3.564597481964764114, 0.3980152375680275356, 71.62375164472136646 ) ) ;
#5831 =( BOUNDED_CURVE ( )  B_SPLINE_CURVE ( 2, ( #612, #5844, #7051, #5463, #4340, #89, #1660, #2435, #2514 ),
 .UNSPECIFIED., .F., .F. ) 
 B_SPLINE_CURVE_WITH_KNOTS ( ( 3, 2, 2, 2, 3 ),
 ( 0.2045454545454545026, 0.2159090909090909949, 0.2272727272727275150, 0.2386363636363634799, 0.2500000000000000000 ),
 .UNSPECIFIED. ) 
 CURVE ( )  GEOMETRIC_REPRESENTATION_ITEM ( )  RATIONAL_B_SPLINE_CURVE ( ( 1.000000000000000000, 0.9238795325112869605, 1.000000000000000000, 0.9238795325112869605, 1.000000000000000000, 0.9238795325112869605, 1.000000000000000000, 0.9238795325112869605, 1.000000000000000000 ) ) 
 REPRESENTATION_ITEM ( '' )  );
#5832 = PRESENTATION_LAYER_ASSIGNMENT (  '', '', ( #6958 ) ) ;
#5833 = CARTESIAN_POINT ( 'NONE',  ( -5.676582343750004256, -2.562500001706989217, -2.351317394708899666 ) ) ;
#5834 = CARTESIAN_POINT ( 'NONE',  ( 2.792007792973652425, 1.611580737186875334, 61.15022913902215151 ) ) ;
#5835 = CARTESIAN_POINT ( 'NONE',  ( 3.061616997868385113E-16, -11.00000000341397843, -5.000000000000000000 ) ) ;
#5836 = DIRECTION ( 'NONE',  ( -1.000000000000000000, 0.000000000000000000, 0.000000000000000000 ) ) ;
#5837 = CARTESIAN_POINT ( 'NONE',  ( -2.351317394708899666, -3.812500001706990549, -5.676582343750006032 ) ) ;
#5838 = CARTESIAN_POINT ( 'NONE',  ( 3.061616997868385113E-16, -7.250000003413980210, -5.000000000000000000 ) ) ;
#5839 = SURFACE_STYLE_FILL_AREA ( #5764 ) ;
#5840 = ORIENTED_EDGE ( 'NONE', *, *, #3888, .F. ) ;
#5841 = VECTOR ( 'NONE', #6247, 1000.000000000000000 ) ;
#5842 = CARTESIAN_POINT ( 'NONE',  ( -4.857339610971377120, 0.9990668495795014259, -7.586841004180572057 ) ) ;
#5843 = VERTEX_POINT ( 'NONE', #2310 ) ;
#5844 = CARTESIAN_POINT ( 'NONE',  ( -2.071067811865475949, -9.671875003413978433, -5.000000000000005329 ) ) ;
#5845 = APPLICATION_PROTOCOL_DEFINITION ( 'draft international standard', 'automotive_design', 1998, #2512 ) ;
#5846 = CARTESIAN_POINT ( 'NONE',  ( 6.820812641018439315, 4.477253316603870700E-16, 35.60590401973295371 ) ) ;
#5847 = B_SPLINE_CURVE_WITH_KNOTS ( 'NONE', 3,
 ( #270, #4965, #5563, #3282, #2082, #5002, #908, #1380, #740, #6774, #230, #3167, #2046, #4496, #7364, #3761, #2614, #6902, #1501 ),
 .UNSPECIFIED., .F., .F.,
 ( 4, 2, 1, 2, 2, 2, 1, 1, 2, 2, 4 ),
 ( 0.000000000000000000, 0.1250000000000017764, 0.1875000000000027756, 0.2187500000000033862, 0.2500000000000039968, 0.3750000000000052180, 0.4375000000000057732, 0.4687500000000059397, 0.4843750000000059952, 0.5000000000000059952, 1.000000000000000000 ),
 .UNSPECIFIED. ) ;
#5848 = CARTESIAN_POINT ( 'NONE',  ( -2.351317394708899666, -8.812500001706991881, -5.676582343750004256 ) ) ;
#5849 = ORIENTED_EDGE ( 'NONE', *, *, #1178, .F. ) ;
#5850 = CARTESIAN_POINT ( 'NONE',  ( 1.885116071187350251, 0.2185626136143522247, -8.000015534986591348 ) ) ;
#5851 = DIRECTION ( 'NONE',  ( 0.9985305870323568644, 0.000000000000000000, -0.05419102103500970241 ) ) ;
#5852 = EDGE_LOOP ( 'NONE', ( #1190, #1092, #5093, #6952 ) ) ;
#5853 = CARTESIAN_POINT ( 'NONE',  ( -2.433897856645180102, -1.413613748027239936, 50.01841395091290110 ) ) ;
#5854 = CARTESIAN_POINT ( 'NONE',  ( 4.013949869229449519, -0.2968750017069904934, -4.013949869229449519 ) ) ;
#5855 = CARTESIAN_POINT ( 'NONE',  ( 5.000000000000005329, -10.92187499999998757, -2.071067811865475949 ) ) ;
#5856 = CARTESIAN_POINT ( 'NONE',  ( 2.351317394708899666, -12.87500000170697945, -5.676582343750006032 ) ) ;
#5857 = VERTEX_POINT ( 'NONE', #6522 ) ;
#5858 = CARTESIAN_POINT ( 'NONE',  ( -0.7890316317236952814, -2.202324922731198953, 51.09070699646085956 ) ) ;
#5859 = ORIENTED_EDGE ( 'NONE', *, *, #853, .F. ) ;
#5860 = CARTESIAN_POINT ( 'NONE',  ( 1.986881643659160090, 4.159193745342331994, -7.999965634881527343 ) ) ;
#5861 =( NAMED_UNIT ( * ) PLANE_ANGLE_UNIT ( ) SI_UNIT ( $, .RADIAN. ) );
#5862 = ORIENTED_EDGE ( 'NONE', *, *, #269, .F. ) ;
#5863 = ADVANCED_FACE ( 'NONE', ( #1119 ), #3035, .F. ) ;
#5864 = DIRECTION ( 'NONE',  ( 0.000000000000000000, -1.000000000000000000, 0.000000000000000000 ) ) ;
#5865 = PRODUCT_DEFINITION_SHAPE ( 'NONE', 'NONE',  #7802 ) ;
#5866 = DIRECTION ( 'NONE',  ( 0.000000000000000000, 0.000000000000000000, -1.000000000000000000 ) ) ;
#5867 = B_SPLINE_CURVE_WITH_KNOTS ( 'NONE', 3,
 ( #5946, #617, #6071, #659 ),
 .UNSPECIFIED., .F., .F.,
 ( 4, 4 ),
 ( 0.000000000000000000, 1.000000000000000000 ),
 .UNSPECIFIED. ) ;
#5868 = CARTESIAN_POINT ( 'NONE',  ( 3.535533905932729759, -11.15625000000000000, 3.535533905932729759 ) ) ;
#5869 = CARTESIAN_POINT ( 'NONE',  ( -4.329854575046552689, -0.1257810385821409027, -3.698045163412348568 ) ) ;
#5870 = CARTESIAN_POINT ( 'NONE',  ( -3.560594179849336793, -0.3241317705471433719, 69.50676232438557633 ) ) ;
#5871 = CARTESIAN_POINT ( 'NONE',  ( 3.535533905932735088, -11.46875000341399975, 3.535533905932739973 ) ) ;
#5872 = CYLINDRICAL_SURFACE ( 'NONE', #4566, 5.000000000000000000 ) ;
#5873 = CARTESIAN_POINT ( 'NONE',  ( 5.676582343750006032, -4.281250001706990105, 2.351317394708905439 ) ) ;
#5874 = CARTESIAN_POINT ( 'NONE',  ( 2.182630703196818622, 0.2902434076699105803, 7.999998843049395347 ) ) ;
#5875 = CARTESIAN_POINT ( 'NONE',  ( 3.475904198684909876E-16, -12.79687500170700076, -5.676582343749999815 ) ) ;
#5876 = VERTEX_POINT ( 'NONE', #2431 ) ;
#5877 = CARTESIAN_POINT ( 'NONE',  ( -3.560594179849344787, 6.496190162766541038E-17, 69.50676232438560476 ) ) ;
#5878 = EDGE_LOOP ( 'NONE', ( #5728, #2668, #6244, #7109 ) ) ;
#5879 = CARTESIAN_POINT ( 'NONE',  ( 4.269327523463524621, 4.477253316603870700E-16, 38.40043642629655096 ) ) ;
#5880 = CARTESIAN_POINT ( 'NONE',  ( 4.013949869229449519, -10.60937500170700076, 4.013949869229449519 ) ) ;
#5881 = ORIENTED_EDGE ( 'NONE', *, *, #3560, .T. ) ;
#5882 = CARTESIAN_POINT ( 'NONE',  ( 0.4193033747181585391, 0.5169267319363550772, 49.76110683025270731 ) ) ;
#5883 = CARTESIAN_POINT ( 'NONE',  ( 2.354278499642623146, 0.3391934743718356127, -8.000000136352081626 ) ) ;
#5884 = CARTESIAN_POINT ( 'NONE',  ( 4.013949869229449519, -1.859375001706989883, 4.013949869229449519 ) ) ;
#5885 = CARTESIAN_POINT ( 'NONE',  ( -2.071067811865475949, -8.890625000000000000, 4.999999999999994671 ) ) ;
#5886 = CARTESIAN_POINT ( 'NONE',  ( -5.676582343749999815, -12.48437500170700076, -6.951808397369819752E-16 ) ) ;
#5887 = ORIENTED_EDGE ( 'NONE', *, *, #1274, .T. ) ;
#5888 = CARTESIAN_POINT ( 'NONE',  ( -3.112055637200115576, -1.245375379663879567, 51.51182832748295226 ) ) ;
#5889 = CARTESIAN_POINT ( 'NONE',  ( -2.207815686771700925, -1.074458497168389481, 48.75294076891266570 ) ) ;
#5890 = ORIENTED_EDGE ( 'NONE', *, *, #4935, .F. ) ;
#5891 = FILL_AREA_STYLE ('',( #6442 ) ) ;
#5892 = FILL_AREA_STYLE_COLOUR ( '', #506 ) ;
#5893 = ORIENTED_EDGE ( 'NONE', *, *, #6974, .T. ) ;
#5894 = CARTESIAN_POINT ( 'NONE',  ( -2.512444884407144851E-11, -3.187499999999050093, -5.000000000000000000 ) ) ;
#5895 =( NAMED_UNIT ( * ) SI_UNIT ( $, .STERADIAN. ) SOLID_ANGLE_UNIT ( ) );
#5896 =( NAMED_UNIT ( * ) PLANE_ANGLE_UNIT ( ) SI_UNIT ( $, .RADIAN. ) );
#5897 = CARTESIAN_POINT ( 'NONE',  ( -3.673607934074770043, -6.067411595324149875E-16, -4.327608098254405178 ) ) ;
#5898 = CARTESIAN_POINT ( 'NONE',  ( 7.475811010076089502, 0.07457965762903663587, -3.051810071399438051 ) ) ;
#5899 = B_SPLINE_CURVE_WITH_KNOTS ( 'NONE', 3,
 ( #6725, #6063, #3114, #649, #1329, #5505, #4902, #330, #5067, #4485 ),
 .UNSPECIFIED., .F., .F.,
 ( 4, 2, 2, 2, 4 ),
 ( 0.000000000000000000, 0.2500000000000000000, 0.5000000000000000000, 0.7500000000000000000, 1.000000000000000000 ),
 .UNSPECIFIED. ) ;
#5900 = PRODUCT_DEFINITION ( 'UNKNOWN', '', #653, #6519 ) ;
#5901 = CARTESIAN_POINT ( 'NONE',  ( 0.000000000000000000, -13.50000000000000000, 5.000000000000000000 ) ) ;
#5902 = CYLINDRICAL_SURFACE ( 'NONE', #5308, 7.649999999999999467 ) ;
#5903 = CARTESIAN_POINT ( 'NONE',  ( 1.257827565099006062, 0.09812530350812946611, 8.000000307007756106 ) ) ;
#5904 = CARTESIAN_POINT ( 'NONE',  ( 4.013949869229449519, -9.515625001706990105, 4.013949869229449519 ) ) ;
#5905 = ORIENTED_EDGE ( 'NONE', *, *, #3278, .F. ) ;
#5906 = AXIS2_PLACEMENT_3D ( 'NONE', #7704, #6525, #2312 ) ;
#5907 = CARTESIAN_POINT ( 'NONE',  ( -5.427887743640194884, 0.5438646645251100642, -6.598597497341837759 ) ) ;
#5908 = ORIENTED_EDGE ( 'NONE', *, *, #2149, .F. ) ;
#5909 = VECTOR ( 'NONE', #1168, 1000.000000000000000 ) ;
#5910 = EDGE_CURVE ( 'NONE', #5736, #3894, #2019, .T. ) ;
#5911 = CARTESIAN_POINT ( 'NONE',  ( -2.351317394708899666, -1.468750001706992325, -5.676582343750006032 ) ) ;
#5912 = CARTESIAN_POINT ( 'NONE',  ( -8.521330056411590803, 3.788844203046629833, -1.240623140815027226 ) ) ;
#5913 = CARTESIAN_POINT ( 'NONE',  ( 5.676582343750004256, -6.781250001706992769, 2.351317394708905439 ) ) ;
#5914 = VERTEX_POINT ( 'NONE', #2510 ) ;
#5915 = DIRECTION ( 'NONE',  ( -1.000000000000000000, 0.000000000000000000, 1.051620219116010158E-14 ) ) ;
#5916 = CARTESIAN_POINT ( 'NONE',  ( 0.8494635507162570098, 0.2234018901481731323, 50.19162280683137567 ) ) ;
#5917 = CARTESIAN_POINT ( 'NONE',  ( -2.246693820822796450, 4.499999999999997335, 61.42368334131536756 ) ) ;
#5918 = CARTESIAN_POINT ( 'NONE',  ( -5.000000000000005329, -12.01562500341398376, -2.071067811865475949 ) ) ;
#5919 = AXIS2_PLACEMENT_3D ( 'NONE', #6065, #4864, #3116 ) ;
#5920 = AXIS2_PLACEMENT_3D ( 'NONE', #5753, #2726, #5828 ) ;
#5921 = CARTESIAN_POINT ( 'NONE',  ( -5.676582343750006032, -1.000000001706991215, 2.351317394708899666 ) ) ;
#5922 = CARTESIAN_POINT ( 'NONE',  ( 2.071067811865475949, -8.734375000000000000, 4.999999999999994671 ) ) ;
#5923 = CARTESIAN_POINT ( 'NONE',  ( -5.676582343750006032, -12.40625000170698122, 2.351317394708899666 ) ) ;
#5924 = ORIENTED_EDGE ( 'NONE', *, *, #767, .F. ) ;
#5925 = CARTESIAN_POINT ( 'NONE',  ( -1.186242259956733713, -2.248672785689459719, 51.16453668369244667 ) ) ;
#5926 = CARTESIAN_POINT ( 'NONE',  ( -1.102547320635386185, -1.352160035275606687, 48.64146707852415119 ) ) ;
#5927 = ORIENTED_EDGE ( 'NONE', *, *, #4906, .F. ) ;
#5928 = FACE_OUTER_BOUND ( 'NONE', #345, .T. ) ;
#5929 = ORIENTED_EDGE ( 'NONE', *, *, #4469, .T. ) ;
#5930 = SURFACE_STYLE_FILL_AREA ( #3627 ) ;
#5931 = CARTESIAN_POINT ( 'NONE',  ( -1.992392880000674715, 6.161142665431478987E-16, 55.07283507682979717 ) ) ;
#5932 = VECTOR ( 'NONE', #5237, 1000.000000000000000 ) ;
#5933 = DIRECTION ( 'NONE',  ( 0.000000000000000000, 1.000000000000000000, 0.000000000000000000 ) ) ;
#5934 = CARTESIAN_POINT ( 'NONE',  ( -4.618802153517040487, 4.400000000000000355, -8.000000000000000000 ) ) ;
#5935 = SURFACE_STYLE_FILL_AREA ( #3633 ) ;
#5936 = CARTESIAN_POINT ( 'NONE',  ( -3.732299101918535200, -1.981944279537670273, 69.51608088223899529 ) ) ;
#5937 = CIRCLE ( 'NONE', #1029, 6.000000000000000000 ) ;
#5938 = B_SPLINE_CURVE_WITH_KNOTS ( 'NONE', 1,
 ( #2268, #7777 ),
 .UNSPECIFIED., .F., .F.,
 ( 2, 2 ),
 ( 0.000000000000000000, 1.000000000000000000 ),
 .UNSPECIFIED. ) ;
#5939 = CARTESIAN_POINT ( 'NONE',  ( 0.8350585321913559511, 1.402244869312842048E-05, -5.316772728152597161 ) ) ;
#5940 =( GEOMETRIC_REPRESENTATION_CONTEXT ( 3 ) GLOBAL_UNCERTAINTY_ASSIGNED_CONTEXT ( ( #691 ) ) GLOBAL_UNIT_ASSIGNED_CONTEXT ( ( #4910, #92, #6105 ) ) REPRESENTATION_CONTEXT ( 'NONE', 'WORKASPACE' ) );
#5941 = FILL_AREA_STYLE_COLOUR ( '', #4199 ) ;
#5942 = CARTESIAN_POINT ( 'NONE',  ( 0.000000000000000000, 0.5999999999999999778, 0.000000000000000000 ) ) ;
#5943 = PLANE ( 'NONE',  #2502 ) ;
#5944 = EDGE_CURVE ( 'NONE', #1023, #7637, #1918, .T. ) ;
#5945 = CARTESIAN_POINT ( 'NONE',  ( -2.351317394708905439, -9.750000001706990105, 5.676582343750004256 ) ) ;
#5946 = CARTESIAN_POINT ( 'NONE',  ( -3.732299101918535200, -1.981944279537670273, 69.51608088223889581 ) ) ;
#5947 = CARTESIAN_POINT ( 'NONE',  ( 3.475904198684909876E-16, -6.546875001706989217, -5.676582343749999815 ) ) ;
#5948 = CARTESIAN_POINT ( 'NONE',  ( -4.592451586063000413, -1.513205987010749968E-15, -3.336611385079434999 ) ) ;
#5949 = STYLED_ITEM ( 'NONE', ( #5710 ), #3750 ) ;
#5950 = ORIENTED_EDGE ( 'NONE', *, *, #5454, .T. ) ;
#5951 = ORIENTED_EDGE ( 'NONE', *, *, #1863, .T. ) ;
#5952 = CONICAL_SURFACE ( 'NONE', #921, 8.000000000000000000, 0.7853981633974503884 ) ;
#5953 =( NAMED_UNIT ( * ) SI_UNIT ( $, .STERADIAN. ) SOLID_ANGLE_UNIT ( ) );
#5954 = CARTESIAN_POINT ( 'NONE',  ( -4.013949869229449519, -1.390625001706991881, -4.013949869229449519 ) ) ;
#5955 = CARTESIAN_POINT ( 'NONE',  ( 4.810925128895047642, 3.354518668343946519, 7.667233245344029058 ) ) ;
#5956 = SURFACE_STYLE_USAGE ( .BOTH. , #5358 ) ;
#5957 = B_SPLINE_CURVE_WITH_KNOTS ( 'NONE', 3,
 ( #7015, #1619, #6423, #1025 ),
 .UNSPECIFIED., .F., .F.,
 ( 4, 4 ),
 ( 0.000000000000000000, 1.000000000000000000 ),
 .UNSPECIFIED. ) ;
#5958 =( GEOMETRIC_REPRESENTATION_CONTEXT ( 3 ) GLOBAL_UNCERTAINTY_ASSIGNED_CONTEXT ( ( #604 ) ) GLOBAL_UNIT_ASSIGNED_CONTEXT ( ( #680, #1948, #4215 ) ) REPRESENTATION_CONTEXT ( 'NONE', 'WORKASPACE' ) );
#5959 = CARTESIAN_POINT ( 'NONE',  ( 2.351317394708899666, -10.21875000170699188, -5.676582343750004256 ) ) ;
#5960 = ORIENTED_EDGE ( 'NONE', *, *, #2587, .T. ) ;
#5961 = CARTESIAN_POINT ( 'NONE',  ( 2.756012888630588797, -3.273177347207321120, 69.16395521265231139 ) ) ;
#5962 = CARTESIAN_POINT ( 'NONE',  ( -1.152634049169330099, 2.266040476788599989, 51.15853236160899797 ) ) ;
#5963 = CARTESIAN_POINT ( 'NONE',  ( -2.562063592817080071, 4.028059440855414658E-16, 69.45257130335059514 ) ) ;
#5964 = STYLED_ITEM ( 'NONE', ( #4930 ), #7726 ) ;
#5965 = CARTESIAN_POINT ( 'NONE',  ( -5.676582343750006032, -2.250000001706990549, 2.351317394708899666 ) ) ;
#5966 = CARTESIAN_POINT ( 'NONE',  ( 2.071067811865475949, -8.265624999999992895, -5.000000000000005329 ) ) ;
#5967 = CARTESIAN_POINT ( 'NONE',  ( 5.676582343750006032, -13.03125000170699010, -2.351317394708899666 ) ) ;
#5968 = ORIENTED_EDGE ( 'NONE', *, *, #3811, .T. ) ;
#5969 = SURFACE_STYLE_FILL_AREA ( #5448 ) ;
#5970 = CARTESIAN_POINT ( 'NONE',  ( -0.3927092192820517136, -0.9734271320803774552, 48.56693646046412027 ) ) ;
#5971 = ORIENTED_EDGE ( 'NONE', *, *, #4747, .F. ) ;
#5972 = CARTESIAN_POINT ( 'NONE',  ( 4.618802153516980091, 3.162395692965989991, -8.000000000000000000 ) ) ;
#5973 = DIRECTION ( 'NONE',  ( -0.000000000000000000, 1.000000000000000000, 0.000000000000000000 ) ) ;
#5974 = ORIENTED_EDGE ( 'NONE', *, *, #6546, .T. ) ;
#5975 = CARTESIAN_POINT ( 'NONE',  ( 0.03019033625760614639, -0.05636176024524215677, 49.22740507263816312 ) ) ;
#5976 = PRESENTATION_STYLE_ASSIGNMENT (( #4743 ) ) ;
#5977 = EDGE_CURVE ( 'NONE', #2217, #271, #3333, .T. ) ;
#5978 = CARTESIAN_POINT ( 'NONE',  ( -2.071067811865459962, -2.640625000000019096, 4.999999999999962697 ) ) ;
#5979 =( NAMED_UNIT ( * ) PLANE_ANGLE_UNIT ( ) SI_UNIT ( $, .RADIAN. ) );
#5980 = MECHANICAL_DESIGN_GEOMETRIC_PRESENTATION_REPRESENTATION (  '', ( #4184 ), #4478 ) ;
#5981 = CARTESIAN_POINT ( 'NONE',  ( -0.2106659836804082864, -2.923671889522492240, 71.82863808939957551 ) ) ;
#5982 = DIRECTION ( 'NONE',  ( 0.000000000000000000, 0.000000000000000000, -1.000000000000000000 ) ) ;
#5983 = CARTESIAN_POINT ( 'NONE',  ( -3.104154834607505187, -0.1238540719910467824, 50.08955046547200141 ) ) ;
#5984 = VECTOR ( 'NONE', #4931, 1000.000000000000000 ) ;
#5985 = APPLICATION_CONTEXT ( 'automotive_design' ) ;
#5986 = UNCERTAINTY_MEASURE_WITH_UNIT (LENGTH_MEASURE( 1.000000000000000082E-05 ), #4260, 'distance_accuracy_value', 'NONE');
#5987 = DIRECTION ( 'NONE',  ( 0.000000000000000000, 1.000000000000000000, 0.000000000000000000 ) ) ;
#5988 = FILL_AREA_STYLE_COLOUR ( '', #3065 ) ;
#5989 = CARTESIAN_POINT ( 'NONE',  ( 2.832312281109360175, 1.840223532853665356, 69.15981438608524456 ) ) ;
#5990 = CARTESIAN_POINT ( 'NONE',  ( 5.676582343749999815, -10.60937500170700076, 0.000000000000000000 ) ) ;
#5991 = CARTESIAN_POINT ( 'NONE',  ( 2.071067811865475949, -2.328125003413983762, -5.000000000000005329 ) ) ;
#5992 = PRODUCT_DEFINITION_SHAPE ( 'NONE', 'NONE',  #4738 ) ;
#5993 = CARTESIAN_POINT ( 'NONE',  ( -2.351317394708905439, -3.500000001706992325, 5.676582343750006032 ) ) ;
#5994 = SURFACE_SIDE_STYLE ('',( #6696 ) ) ;
#5995 = SURFACE_SIDE_STYLE ('',( #6035 ) ) ;
#5996 = ORIENTED_EDGE ( 'NONE', *, *, #7662, .F. ) ;
#5997 = CONTEXT_DEPENDENT_SHAPE_REPRESENTATION ( #1803, #7738 ) ;
#5998 = CARTESIAN_POINT ( 'NONE',  ( 8.579281329226279951, 0.6530113535180610551, 1.139921665796581163 ) ) ;
#5999 = CARTESIAN_POINT ( 'NONE',  ( 5.676582343750006032, -10.53125000170698655, 2.351317394708905439 ) ) ;
#6000 = CARTESIAN_POINT ( 'NONE',  ( 5.689335439650352377, 4.025120891734117912, 6.145773977240938990 ) ) ;
#6001 = CARTESIAN_POINT ( 'NONE',  ( 5.676582343750004256, -4.281250001706990105, 2.351317394708905439 ) ) ;
#6002 = VERTEX_POINT ( 'NONE', #723 ) ;
#6003 = CARTESIAN_POINT ( 'NONE',  ( 3.522897707369585074, -2.559505047588981785, 69.12233578518214472 ) ) ;
#6004 = CARTESIAN_POINT ( 'NONE',  ( 0.8964043187263439627, 0.4990203209500280179, 50.76650985733220267 ) ) ;
#6005 = CARTESIAN_POINT ( 'NONE',  ( 0.000000000000000000, 13.00000000000000000, 0.000000000000000000 ) ) ;
#6006 = CARTESIAN_POINT ( 'NONE',  ( -2.071067811865487052, -11.70312500341398021, 4.999999999999994671 ) ) ;
#6007 = AXIS2_PLACEMENT_3D ( 'NONE', #5005, #2012, #6823 ) ;
#6008 = CARTESIAN_POINT ( 'NONE',  ( -3.535533905932735088, -8.343750003413980210, -3.535533905932739973 ) ) ;
#6009 = CARTESIAN_POINT ( 'NONE',  ( -2.071067811865475949, -6.390624999999998224, 4.999999999999994671 ) ) ;
#6010 = CARTESIAN_POINT ( 'NONE',  ( -5.676582343750006032, -9.906250001706991881, 2.351317394708899666 ) ) ;
#6011 = ORIENTED_EDGE ( 'NONE', *, *, #4960, .F. ) ;
#6012 =( NAMED_UNIT ( * ) SI_UNIT ( $, .STERADIAN. ) SOLID_ANGLE_UNIT ( ) );
#6013 = CARTESIAN_POINT ( 'NONE',  ( -0.8594852143910359787, -1.283866356450194424, 48.61593967227881308 ) ) ;
#6014 = EDGE_LOOP ( 'NONE', ( #4071, #7440, #5213, #5055, #7694, #5996 ) ) ;
#6015 = FACE_OUTER_BOUND ( 'NONE', #6631, .T. ) ;
#6016 = DIRECTION ( 'NONE',  ( 0.000000000000000000, -1.000000000000000000, 0.000000000000000000 ) ) ;
#6017 = EDGE_LOOP ( 'NONE', ( #1678, #3661, #2467, #2591, #7502 ) ) ;
#6018 = SURFACE_SIDE_STYLE ('',( #5930 ) ) ;
#6019 = CARTESIAN_POINT ( 'NONE',  ( 2.071067811865475949, -10.29687500341398732, 4.999999999999994671 ) ) ;
#6020 = SURFACE_STYLE_USAGE ( .BOTH. , #3630 ) ;
#6021 = FACE_OUTER_BOUND ( 'NONE', #4326, .T. ) ;
#6022 = CARTESIAN_POINT ( 'NONE',  ( -2.426586040229536057, -0.3980152375679360532, 71.94889777093145256 ) ) ;
#6023 =( NAMED_UNIT ( * ) SI_UNIT ( $, .STERADIAN. ) SOLID_ANGLE_UNIT ( ) );
#6024 = CARTESIAN_POINT ( 'NONE',  ( 2.388216204227919803, -5.556081429649161477E-05, -4.698550144060750000 ) ) ;
#6025 = FILL_AREA_STYLE_COLOUR ( '', #5047 ) ;
#6026 = CARTESIAN_POINT ( 'NONE',  ( -0.5155014451935177044, 2.122323691868448048, 51.03921845671411717 ) ) ;
#6027 = CARTESIAN_POINT ( 'NONE',  ( 0.000000000000000000, 15.00000000000000000, 0.000000000000000000 ) ) ;
#6028 = AXIS2_PLACEMENT_3D ( 'NONE', #2039, #3239, #4426 ) ;
#6029 = CARTESIAN_POINT ( 'NONE',  ( 2.700231905786205200, 0.4425905877907184149, 7.999958572138772261 ) ) ;
#6030 = CARTESIAN_POINT ( 'NONE',  ( -1.042771259605471878E-15, -8.421875001706990105, 5.676582343749999815 ) ) ;
#6031 = CARTESIAN_POINT ( 'NONE',  ( -3.813792888028234351, 0.4210943026879330198, -3.257274923837244707 ) ) ;
#6032 = CARTESIAN_POINT ( 'NONE',  ( -2.351317394708905439, -4.750000001706988328, 5.676582343750006032 ) ) ;
#6033 =( BOUNDED_CURVE ( )  B_SPLINE_CURVE ( 2, ( #3549, #4675, #6521, #1797, #3509, #531, #7700, #2386, #4631 ),
 .UNSPECIFIED., .F., .F. ) 
 B_SPLINE_CURVE_WITH_KNOTS ( ( 3, 2, 2, 2, 3 ),
 ( 0.1136363636363636048, 0.1250000000000000000, 0.1363636363636364091, 0.1477272727272725961, 0.1590909090909090051 ),
 .UNSPECIFIED. ) 
 CURVE ( )  GEOMETRIC_REPRESENTATION_ITEM ( )  RATIONAL_B_SPLINE_CURVE ( ( 1.000000000000000000, 0.9238795325112859613, 1.000000000000000000, 0.9238795325112869605, 1.000000000000000000, 0.9238795325112869605, 1.000000000000000000, 0.9238795325112869605, 1.000000000000000000 ) ) 
 REPRESENTATION_ITEM ( '' )  );
#6034 = COLOUR_RGB ( '',1.000000000000000000, 1.000000000000000000, 0.000000000000000000 ) ;
#6035 = SURFACE_STYLE_FILL_AREA ( #2359 ) ;
#6036 = CARTESIAN_POINT ( 'NONE',  ( -2.719332446952854809, 0.05748776037083420248, 48.80342012613120062 ) ) ;
#6037 = CARTESIAN_POINT ( 'NONE',  ( 2.351317394708899666, -11.46875000170699543, -5.676582343750006032 ) ) ;
#6038 = CARTESIAN_POINT ( 'NONE',  ( -2.327765748952230318, 4.068257533822801975, -8.000000085515667436 ) ) ;
#6039 = CARTESIAN_POINT ( 'NONE',  ( 4.999999999999984901, -8.421875000000005329, -2.071067811865465291 ) ) ;
#6040 = CARTESIAN_POINT ( 'NONE',  ( 5.676582343750004256, -1.781250001706992547, 2.351317394708905439 ) ) ;
#6041 = ORIENTED_EDGE ( 'NONE', *, *, #6886, .F. ) ;
#6042 = SURFACE_SIDE_STYLE ('',( #7134 ) ) ;
#6043 = CARTESIAN_POINT ( 'NONE',  ( 0.04603941046551653787, 1.751593114695875419, 50.27930698256616893 ) ) ;
#6044 = STYLED_ITEM ( 'NONE', ( #2124 ), #5585 ) ;
#6045 = CARTESIAN_POINT ( 'NONE',  ( -4.618802153517040487, 1.237604307033952189, -8.000000000000000000 ) ) ;
#6046 = LINE ( 'NONE', #7186, #3602 ) ;
#6047 = CARTESIAN_POINT ( 'NONE',  ( 3.535533905932739973, -9.906250003413978433, -3.535533905932739973 ) ) ;
#6048 = ADVANCED_FACE ( 'NONE', ( #178 ), #7350, .T. ) ;
#6049 = CARTESIAN_POINT ( 'NONE',  ( 2.071067811865475949, -4.984375000000004441, 4.999999999999994671 ) ) ;
#6050 = CARTESIAN_POINT ( 'NONE',  ( -1.042771259605471878E-15, -8.421875001706990105, 5.676582343749999815 ) ) ;
#6051 = VERTEX_POINT ( 'NONE', #1874 ) ;
#6052 = SURFACE_SIDE_STYLE ('',( #4252 ) ) ;
#6053 = CARTESIAN_POINT ( 'NONE',  ( 16.33921243041893590, 0.3599033409940083916, -0.000000000000000000 ) ) ;
#6054 = ORIENTED_EDGE ( 'NONE', *, *, #1851, .T. ) ;
#6055 = FILL_AREA_STYLE ('',( #1870 ) ) ;
#6056 = SURFACE_SIDE_STYLE ('',( #6377 ) ) ;
#6057 = CARTESIAN_POINT ( 'NONE',  ( 0.8499999999999999778, -15.00000000000000000, -1.472243186433543904 ) ) ;
#6058 = CARTESIAN_POINT ( 'NONE',  ( -5.676582343750006032, -12.40625000170698122, -2.351317394708899666 ) ) ;
#6059 = CARTESIAN_POINT ( 'NONE',  ( 4.618802153517090225, 4.400000000000000355, 8.000000000000000000 ) ) ;
#6060 = B_SPLINE_CURVE_WITH_KNOTS ( 'NONE', 3,
 ( #3222, #5494, #6677, #3865, #762, #2594, #1442, #4447, #4980, #1320, #1361, #5619, #5019, #3186, #208, #6716, #4409, #7379, #6795, #2027, #7459, #7344, #3142, #5057, #3741, #124, #5580, #2064, #3261, #1402, #846, #679, #4371, #4328, #2545, #717, #3821, #7412 ),
 .UNSPECIFIED., .F., .F.,
 ( 4, 2, 2, 2, 1, 1, 2, 2, 2, 2, 2, 2, 2, 2, 2, 1, 1, 2, 2, 2, 4 ),
 ( 0.000000000000000000, 0.1249999999999990008, 0.1874999999999985290, 0.2187499999999981959, 0.2343749999999979461, 0.2421874999999979738, 0.2460937499999980016, 0.2499999999999980571, 0.3750000000000016098, 0.4375000000000033862, 0.4687500000000043299, 0.5000000000000053291, 0.6250000000000094369, 0.6875000000000114353, 0.7187500000000124345, 0.7343750000000129896, 0.7421875000000132117, 0.7460937500000131006, 0.7500000000000131006, 0.8750000000000065503, 1.000000000000000000 ),
 .UNSPECIFIED. ) ;
#6061 = STYLED_ITEM ( 'NONE', ( #5509 ), #5199 ) ;
#6062 = EDGE_CURVE ( 'NONE', #5622, #6590, #1234, .T. ) ;
#6063 = CARTESIAN_POINT ( 'NONE',  ( 1.830945562952576822, -3.763587992140999816, 69.21415932613230382 ) ) ;
#6064 = CARTESIAN_POINT ( 'NONE',  ( 13.62500000000000000, -0.1799870791119091151, -65.48512825965231343 ) ) ;
#6065 = CARTESIAN_POINT ( 'NONE',  ( 0.000000000000000000, -13.50000000000000000, 0.000000000000000000 ) ) ;
#6066 = EDGE_CURVE ( 'NONE', #2548, #6312, #5029, .T. ) ;
#6067 = UNCERTAINTY_MEASURE_WITH_UNIT (LENGTH_MEASURE( 1.000000000000000082E-05 ), #530, 'distance_accuracy_value', 'NONE');
#6068 = SURFACE_SIDE_STYLE ('',( #2351 ) ) ;
#6069 = CARTESIAN_POINT ( 'NONE',  ( 4.414844607846999835, -0.3200524223806365254, 69.07392914258790029 ) ) ;
#6070 = CARTESIAN_POINT ( 'NONE',  ( -1.042771259605471878E-15, -10.92187500170700076, 5.676582343749999815 ) ) ;
#6071 = CARTESIAN_POINT ( 'NONE',  ( -3.967126859736914923, -1.981944279537670273, 65.18911500509878465 ) ) ;
#6072 = CARTESIAN_POINT ( 'NONE',  ( -1.042771259605471878E-15, -2.171875001706990105, 5.676582343749999815 ) ) ;
#6073 = CARTESIAN_POINT ( 'NONE',  ( 5.676582343750006032, -4.281250001706990105, -2.351317394708899666 ) ) ;
#6074 = SURFACE_STYLE_USAGE ( .BOTH. , #2317 ) ;
#6075 = COLOUR_RGB ( '',1.000000000000000000, 1.000000000000000000, 0.000000000000000000 ) ;
#6076 = CARTESIAN_POINT ( 'NONE',  ( -2.351317394708905439, -10.84375000170699010, 5.676582343750006032 ) ) ;
#6077 = COLOUR_RGB ( '',0.5019607843137254832, 0.5019607843137254832, 0.5019607843137254832 ) ;
#6078 = CARTESIAN_POINT ( 'NONE',  ( 6.524746326048737721, 4.369481020902020063, 4.698802936958047738 ) ) ;
#6079 = EDGE_CURVE ( 'NONE', #6312, #7013, #5695, .T. ) ;
#6080 =( BOUNDED_CURVE ( )  B_SPLINE_CURVE ( 2, ( #7775, #5262, #4175, #6562, #4709, #4256, #1049, #527, #1115 ),
 .UNSPECIFIED., .F., .F. ) 
 B_SPLINE_CURVE_WITH_KNOTS ( ( 3, 2, 2, 2, 3 ),
 ( 0.02346958665753530113, 0.02738057024811699908, 0.03129155383869869356, 0.03520253742928039498, 0.03911352101986209640 ),
 .UNSPECIFIED. ) 
 CURVE ( )  GEOMETRIC_REPRESENTATION_ITEM ( )  RATIONAL_B_SPLINE_CURVE ( ( 0.9999999999994010347, 0.9238795325118859258, 1.000000000000000000, 0.9238795325112869605, 1.000000000000000000, 0.9238795325112869605, 1.000000000000000000, 0.9238795325116458956, 0.9999999999996400657 ) ) 
 REPRESENTATION_ITEM ( '' )  );
#6081 = CARTESIAN_POINT ( 'NONE',  ( 4.013949869229449519, -4.046875001706990105, -4.013949869229449519 ) ) ;
#6082 = STYLED_ITEM ( 'NONE', ( #79 ), #6596 ) ;
#6083 = ORIENTED_EDGE ( 'NONE', *, *, #1140, .T. ) ;
#6084 = CARTESIAN_POINT ( 'NONE',  ( 8.412961752928069907E-14, 0.000000000000000000, 8.000000000000000000 ) ) ;
#6085 = CARTESIAN_POINT ( 'NONE',  ( 0.4751943703657559581, 0.2121256440770090124, 49.75659307256120201 ) ) ;
#6086 = CARTESIAN_POINT ( 'NONE',  ( -0.4031490600826797555, -1.016439536705157942E-17, -7.999999999999996447 ) ) ;
#6087 = CARTESIAN_POINT ( 'NONE',  ( -5.000000000000005329, -8.109375003413989091, 2.071067811865475949 ) ) ;
#6088 = CARTESIAN_POINT ( 'NONE',  ( -5.000000000000005329, -1.546874999999999112, 2.071067811865475949 ) ) ;
#6089 = CARTESIAN_POINT ( 'NONE',  ( 5.676582343750006032, -9.281250001706995434, -2.351317394708899666 ) ) ;
#6090 = ORIENTED_EDGE ( 'NONE', *, *, #4702, .T. ) ;
#6091 = CARTESIAN_POINT ( 'NONE',  ( -1.420475206196382123, 1.819463540666631296, 49.91900752717076273 ) ) ;
#6092 =( GEOMETRIC_REPRESENTATION_CONTEXT ( 3 ) GLOBAL_UNCERTAINTY_ASSIGNED_CONTEXT ( ( #448 ) ) GLOBAL_UNIT_ASSIGNED_CONTEXT ( ( #6158, #3293, #5691 ) ) REPRESENTATION_CONTEXT ( 'NONE', 'WORKASPACE' ) );
#6093 = SURFACE_STYLE_FILL_AREA ( #4941 ) ;
#6094 = ORIENTED_EDGE ( 'NONE', *, *, #2447, .F. ) ;
#6095 = CARTESIAN_POINT ( 'NONE',  ( -7.778558096824586876, 4.221796895161504359, 2.527074244891650334 ) ) ;
#6096 = EDGE_CURVE ( 'NONE', #994, #5485, #4431, .T. ) ;
#6097 = DIRECTION ( 'NONE',  ( 0.000000000000000000, -1.000000000000000000, 0.000000000000000000 ) ) ;
#6098 = CARTESIAN_POINT ( 'NONE',  ( -4.013949869229449519, -11.23437500170700076, -4.013949869229449519 ) ) ;
#6099 = CARTESIAN_POINT ( 'NONE',  ( 2.071067811865461739, -7.796875003413981098, 5.000000000000011546 ) ) ;
#6100 = CARTESIAN_POINT ( 'NONE',  ( -0.1171437217059271563, 0.6324628702106683820, 49.24854296414253696 ) ) ;
#6101 = DIRECTION ( 'NONE',  ( 0.05419102103501068773, 0.000000000000000000, 0.9985305870323567534 ) ) ;
#6102 = ADVANCED_FACE ( 'NONE', ( #7617 ), #984, .F. ) ;
#6103 = FILL_AREA_STYLE ('',( #2605 ) ) ;
#6104 = CARTESIAN_POINT ( 'NONE',  ( -2.855691041899973470, 1.562019982521906547, 51.46687448498956030 ) ) ;
#6105 =( NAMED_UNIT ( * ) SI_UNIT ( $, .STERADIAN. ) SOLID_ANGLE_UNIT ( ) );
#6106 = CARTESIAN_POINT ( 'NONE',  ( 0.4861140058840899836, -0.07383036293771740033, 49.75570487503830464 ) ) ;
#6107 = CARTESIAN_POINT ( 'NONE',  ( 4.013949869229449519, -5.453125001706989217, -4.013949869229449519 ) ) ;
#6108 = CARTESIAN_POINT ( 'NONE',  ( 4.013949869229449519, -2.953125001706990105, -4.013949869229449519 ) ) ;
#6109 = CARTESIAN_POINT ( 'NONE',  ( -5.676582343749999815, -7.484375001706989217, -6.951808397369819752E-16 ) ) ;
#6110 = CARTESIAN_POINT ( 'NONE',  ( 3.535533905932735088, -2.718750003413984651, 3.535533905932739973 ) ) ;
#6111 = CARTESIAN_POINT ( 'NONE',  ( -5.753724443542790112, 4.062307217443536622, 6.034257206816260322 ) ) ;
#6112 = CARTESIAN_POINT ( 'NONE',  ( -2.426586040229555152, 6.487628760268599542E-15, 71.94889777093149519 ) ) ;
#6113 = CARTESIAN_POINT ( 'NONE',  ( 3.475904198684909876E-16, -6.390625001706989217, -5.676582343749999815 ) ) ;
#6114 = CARTESIAN_POINT ( 'NONE',  ( 0.5690057208676159162, 6.884572797299199851E-15, 71.78632470782640951 ) ) ;
#6115 = CARTESIAN_POINT ( 'NONE',  ( 5.676582343750004256, -3.031250001706988328, 2.351317394708905439 ) ) ;
#6116 = ORIENTED_EDGE ( 'NONE', *, *, #3376, .F. ) ;
#6117 = CARTESIAN_POINT ( 'NONE',  ( 3.920418850328842186, -1.982017255638280462, 69.10076200777389488 ) ) ;
#6118 = CARTESIAN_POINT ( 'NONE',  ( -1.699999999999999956, -15.00000000000000000, 0.000000000000000000 ) ) ;
#6119 = DIRECTION ( 'NONE',  ( 0.000000000000000000, 0.000000000000000000, 1.000000000000000000 ) ) ;
#6120 =( NAMED_UNIT ( * ) PLANE_ANGLE_UNIT ( ) SI_UNIT ( $, .RADIAN. ) );
#6121 = CARTESIAN_POINT ( 'NONE',  ( -3.535533905932735088, -12.09375000341399975, -3.535533905932739973 ) ) ;
#6122 = CARTESIAN_POINT ( 'NONE',  ( -5.000000000000000000, -4.125000000000000000, -6.123233995736771213E-16 ) ) ;
#6123 = CARTESIAN_POINT ( 'NONE',  ( 6.928203230275539859, 0.000000000000000000, -4.000000000000000000 ) ) ;
#6124 = CARTESIAN_POINT ( 'NONE',  ( 3.475904198684909876E-16, -7.796875001706989217, -5.676582343749999815 ) ) ;
#6125 = VERTEX_POINT ( 'NONE', #1378 ) ;
#6126 = CARTESIAN_POINT ( 'NONE',  ( 0.3118909362696424825, -1.578532951902791304, 50.88032043392757231 ) ) ;
#6127 = CARTESIAN_POINT ( 'NONE',  ( -4.592459355429410195, -0.1101575186487835922, -3.336600691411609976 ) ) ;
#6128 = ORIENTED_EDGE ( 'NONE', *, *, #4702, .F. ) ;
#6129 = DIRECTION ( 'NONE',  ( 0.000000000000000000, 0.000000000000000000, -1.000000000000000000 ) ) ;
#6130 = UNCERTAINTY_MEASURE_WITH_UNIT (LENGTH_MEASURE( 1.000000000000000082E-05 ), #5246, 'distance_accuracy_value', 'NONE');
#6131 = SURFACE_STYLE_FILL_AREA ( #6802 ) ;
#6132 = CARTESIAN_POINT ( 'NONE',  ( 5.000000000000005329, -7.484375003413981098, -2.071067811865475949 ) ) ;
#6133 = CONICAL_SURFACE ( 'NONE', #7006, 8.000000000000000000, 0.7853981633974503884 ) ;
#6134 = CARTESIAN_POINT ( 'NONE',  ( -1.121984600697825796, 1.357706012779325899, 48.64385318410980119 ) ) ;
#6135 = FACE_OUTER_BOUND ( 'NONE', #4627, .T. ) ;
#6136 = CARTESIAN_POINT ( 'NONE',  ( -3.535533905932735088, -2.093750003413985095, -3.535533905932739973 ) ) ;
#6137 = UNCERTAINTY_MEASURE_WITH_UNIT (LENGTH_MEASURE( 1.000000000000000082E-05 ), #7632, 'distance_accuracy_value', 'NONE');
#6138 = FILL_AREA_STYLE ('',( #1960 ) ) ;
#6139 = FACE_OUTER_BOUND ( 'NONE', #7623, .T. ) ;
#6140 = CARTESIAN_POINT ( 'NONE',  ( -4.013949869229449519, -5.140625001706990105, -4.013949869229449519 ) ) ;
#6141 = CARTESIAN_POINT ( 'NONE',  ( 16.20145628398710258, 0.6924760980099849972, -65.48512825965232764 ) ) ;
#6142 = CARTESIAN_POINT ( 'NONE',  ( -2.351317394708899666, -3.968750001706992325, -5.676582343750006032 ) ) ;
#6143 = CARTESIAN_POINT ( 'NONE',  ( 16.33921243041892879, -0.3599033409940124995, 0.000000000000000000 ) ) ;
#6144 = CARTESIAN_POINT ( 'NONE',  ( 3.333753568833648373, 2.855960654303986157, 69.13260078269263431 ) ) ;
#6145 = FILL_AREA_STYLE_COLOUR ( '', #7039 ) ;
#6146 = AXIS2_PLACEMENT_3D ( 'NONE', #1607, #4600, #2765 ) ;
#6147 = FACE_BOUND ( 'NONE', #6793, .T. ) ;
#6148 = CARTESIAN_POINT ( 'NONE',  ( 4.013949869229449519, -6.859375001706989217, 4.013949869229449519 ) ) ;
#6149 = DIRECTION ( 'NONE',  ( 0.000000000000000000, -1.000000000000000000, 0.000000000000000000 ) ) ;
#6150 = CARTESIAN_POINT ( 'NONE',  ( 2.967093632590155572, 3.109173608499027353, 69.15249969873559621 ) ) ;
#6151 = PRESENTATION_LAYER_ASSIGNMENT (  '', '', ( #609 ) ) ;
#6152 = CARTESIAN_POINT ( 'NONE',  ( 5.676582343750004256, -0.3750000017069908820, -2.351317394708899666 ) ) ;
#6153 = CARTESIAN_POINT ( 'NONE',  ( 3.276584410056074148, -0.4188790204786447258, 62.62613815722317412 ) ) ;
#6154 = CARTESIAN_POINT ( 'NONE',  ( 1.091835113635196253, -3.999999999999997335, 71.75795035556406276 ) ) ;
#6155 = EDGE_CURVE ( 'NONE', #6679, #6509, #7045, .T. ) ;
#6156 = CARTESIAN_POINT ( 'NONE',  ( 3.061616997868385113E-16, -4.750000003413980210, -5.000000000000000000 ) ) ;
#6157 = EDGE_CURVE ( 'NONE', #6800, #4779, #2044, .T. ) ;
#6158 =( LENGTH_UNIT ( ) NAMED_UNIT ( * ) SI_UNIT ( .MILLI., .METRE. ) );
#6159 = CARTESIAN_POINT ( 'NONE',  ( 5.000000000000000000, -11.31250000341399975, 0.000000000000000000 ) ) ;
#6160 = CARTESIAN_POINT ( 'NONE',  ( -2.071067811865475949, -0.6093749999999983347, -5.000000000000005329 ) ) ;
#6161 = CARTESIAN_POINT ( 'NONE',  ( 4.013949869229449519, -10.45312500170700076, -4.013949869229449519 ) ) ;
#6162 = ORIENTED_EDGE ( 'NONE', *, *, #7719, .T. ) ;
#6163 = CARTESIAN_POINT ( 'NONE',  ( -3.092339893880097001, 0.4214445219247749397, 50.08818117635878053 ) ) ;
#6164 = AXIS2_PLACEMENT_3D ( 'NONE', #3206, #7481, #6858 ) ;
#6165 = CARTESIAN_POINT ( 'NONE',  ( -4.045103214845564565, -0.5007817469499149521, -2.938901152003255302 ) ) ;
#6166 =( NAMED_UNIT ( * ) PLANE_ANGLE_UNIT ( ) SI_UNIT ( $, .RADIAN. ) );
#6167 = COLOUR_RGB ( '',0.5019607843137254832, 0.5019607843137254832, 0.000000000000000000 ) ;
#6168 = VERTEX_POINT ( 'NONE', #5077 ) ;
#6169 = CARTESIAN_POINT ( 'NONE',  ( 2.246693820822804888, 8.763156733725339012E-16, 61.17982374665789536 ) ) ;
#6170 =( GEOMETRIC_REPRESENTATION_CONTEXT ( 3 ) GLOBAL_UNCERTAINTY_ASSIGNED_CONTEXT ( ( #5986 ) ) GLOBAL_UNIT_ASSIGNED_CONTEXT ( ( #4260, #4713, #6483 ) ) REPRESENTATION_CONTEXT ( 'NONE', 'WORKASPACE' ) );
#6171 = CARTESIAN_POINT ( 'NONE',  ( 2.042976114296332746, -2.749999999999999112, 36.73125515601586244 ) ) ;
#6172 = CARTESIAN_POINT ( 'NONE',  ( -1.418032821118762283E-11, -10.06250000000054001, 5.000000000000000000 ) ) ;
#6173 = CARTESIAN_POINT ( 'NONE',  ( -3.286525149952413294, 9.909142207924394636E-19, 52.82963657593654716 ) ) ;
#6174 =( NAMED_UNIT ( * ) SI_UNIT ( $, .STERADIAN. ) SOLID_ANGLE_UNIT ( ) );
#6175 =( LENGTH_UNIT ( ) NAMED_UNIT ( * ) SI_UNIT ( .MILLI., .METRE. ) );
#6176 = SURFACE_SIDE_STYLE ('',( #3273 ) ) ;
#6177 = CARTESIAN_POINT ( 'NONE',  ( -2.726874232879685334, -0.1239203421285344220, 48.80417019882609964 ) ) ;
#6178 = AXIS2_PLACEMENT_3D ( 'NONE', #3002, #4793, #7203 ) ;
#6179 = CARTESIAN_POINT ( 'NONE',  ( 4.269327523463524621, 4.477253316603870700E-16, 38.40043642629655096 ) ) ;
#6180 = CARTESIAN_POINT ( 'NONE',  ( -5.885408641495000204, 4.400000000000000355, -5.418668205621719913 ) ) ;
#6181 = CARTESIAN_POINT ( 'NONE',  ( 0.000000000000000000, 15.00000000000000000, 0.000000000000000000 ) ) ;
#6182 = CARTESIAN_POINT ( 'NONE',  ( 5.676582343749999815, -5.609375001706989217, 0.000000000000000000 ) ) ;
#6183 = CARTESIAN_POINT ( 'NONE',  ( 5.676582343750006032, -1.937500001706993658, 2.351317394708905439 ) ) ;
#6184 = CARTESIAN_POINT ( 'NONE',  ( 5.676582343750006032, -3.031250001706988773, -2.351317394708899666 ) ) ;
#6185 = CARTESIAN_POINT ( 'NONE',  ( 2.071067811865489716, -3.578125003413981098, -4.999999999999988454 ) ) ;
#6186 = CARTESIAN_POINT ( 'NONE',  ( -7.635408641494979776, 4.400000000000000355, -2.387579292376179829 ) ) ;
#6187 = EDGE_CURVE ( 'NONE', #2068, #3343, #3886, .T. ) ;
#6188 = CARTESIAN_POINT ( 'NONE',  ( -2.921004020349423413, 2.014475921483606768, 71.97573021403204052 ) ) ;
#6189 = CARTESIAN_POINT ( 'NONE',  ( 2.351317394708899666, -5.218750001706989217, -5.676582343750006032 ) ) ;
#6190 = DIRECTION ( 'NONE',  ( 0.000000000000000000, -1.000000000000000000, 0.000000000000000000 ) ) ;
#6191 = CARTESIAN_POINT ( 'NONE',  ( -3.440285576268869772, -0.5035717879500699601, 51.57000018411220310 ) ) ;
#6192 = AXIS2_PLACEMENT_3D ( 'NONE', #4148, #3011, #61 ) ;
#6193 = DIRECTION ( 'NONE',  ( 0.000000000000000000, 1.000000000000000000, 0.000000000000000000 ) ) ;
#6194 = FACE_OUTER_BOUND ( 'NONE', #7087, .T. ) ;
#6195 = CARTESIAN_POINT ( 'NONE',  ( 4.364527680660331477, 1.981944279537674491, 64.73694972111179879 ) ) ;
#6196 = EDGE_CURVE ( 'NONE', #6679, #5022, #1259, .T. ) ;
#6197 = DIRECTION ( 'NONE',  ( 0.000000000000000000, 0.000000000000000000, 1.000000000000000000 ) ) ;
#6198 = PRESENTATION_STYLE_ASSIGNMENT (( #3812 ) ) ;
#6199 = PRESENTATION_LAYER_ASSIGNMENT (  '', '', ( #5063 ) ) ;
#6200 = CARTESIAN_POINT ( 'NONE',  ( 3.535533905932739973, -3.656250003413985095, -3.535533905932739973 ) ) ;
#6201 = CARTESIAN_POINT ( 'NONE',  ( 3.061616997868385113E-16, -4.437500000000000000, -5.000000000000000000 ) ) ;
#6202 = CARTESIAN_POINT ( 'NONE',  ( 5.676582343750004256, -11.62500000170698833, -2.351317394708899666 ) ) ;
#6203 = CARTESIAN_POINT ( 'NONE',  ( 4.013949869229449519, -6.703125001706989217, -4.013949869229449519 ) ) ;
#6204 = FILL_AREA_STYLE ('',( #1941 ) ) ;
#6205 = ORIENTED_EDGE ( 'NONE', *, *, #1898, .F. ) ;
#6206 = CARTESIAN_POINT ( 'NONE',  ( -2.246693820822796894, -4.499999999999997335, 61.42368334131536045 ) ) ;
#6207 = CARTESIAN_POINT ( 'NONE',  ( 0.4751966844131880197, 0.2121259352025059997, 49.75659107413839877 ) ) ;
#6208 = CARTESIAN_POINT ( 'NONE',  ( -0.2877351297109074779, -4.603993403836609488, 62.81957651320689706 ) ) ;
#6209 = PRESENTATION_STYLE_ASSIGNMENT (( #810 ) ) ;
#6210 = ORIENTED_EDGE ( 'NONE', *, *, #5587, .T. ) ;
#6211 = CARTESIAN_POINT ( 'NONE',  ( -9.045481331660669255, 3.354518668339334209, 0.3327667546479965988 ) ) ;
#6212 = SURFACE_SIDE_STYLE ('',( #6131 ) ) ;
#6213 = CARTESIAN_POINT ( 'NONE',  ( -3.670795491707963709, -1.214612045564900322, 69.51274303412702693 ) ) ;
#6214 = CARTESIAN_POINT ( 'NONE',  ( -0.8188098857049413981, 1.279395869464186042, 49.34830265193070176 ) ) ;
#6215 = AXIS2_PLACEMENT_3D ( 'NONE', #2679, #2148, #6255 ) ;
#6216 = LINE ( 'NONE', #6372, #2666 ) ;
#6217 = CARTESIAN_POINT ( 'NONE',  ( 15.84500173996550032, -1.099541908297499537, -65.48512825965228501 ) ) ;
#6218 = CARTESIAN_POINT ( 'NONE',  ( -3.446779623370340939, 1.010679880619752335, 69.50058552108644960 ) ) ;
#6219 = EDGE_CURVE ( 'NONE', #499, #4540, #888, .T. ) ;
#6220 = CARTESIAN_POINT ( 'NONE',  ( -2.230864873520949754, -1.058627369442979971, 48.75498618307900500 ) ) ;
#6221 = UNCERTAINTY_MEASURE_WITH_UNIT (LENGTH_MEASURE( 1.000000000000000082E-05 ), #3585, 'distance_accuracy_value', 'NONE');
#6222 =( NAMED_UNIT ( * ) PLANE_ANGLE_UNIT ( ) SI_UNIT ( $, .RADIAN. ) );
#6223 = PRESENTATION_STYLE_ASSIGNMENT (( #6260 ) ) ;
#6224 = CARTESIAN_POINT ( 'NONE',  ( 4.353340997636428789, -1.087384656353404866, 69.07726699069985443 ) ) ;
#6225 = CARTESIAN_POINT ( 'NONE',  ( -2.351317394708899666, -3.968750001706992325, -5.676582343750004256 ) ) ;
#6226 = CARTESIAN_POINT ( 'NONE',  ( 16.09954190829749976, 0.8450017399655063155, -65.48512825965231343 ) ) ;
#6227 = CARTESIAN_POINT ( 'NONE',  ( 5.676582343750006032, -4.437500001706991881, 2.351317394708905439 ) ) ;
#6228 = CARTESIAN_POINT ( 'NONE',  ( 2.351317394708899666, -2.875000001706992769, -5.676582343750006032 ) ) ;
#6229 = DIRECTION ( 'NONE',  ( 0.000000000000000000, 0.000000000000000000, 1.000000000000000000 ) ) ;
#6230 = CARTESIAN_POINT ( 'NONE',  ( 0.4751966844131880197, 0.2121259352025059997, 49.75659107413839877 ) ) ;
#6231 = VERTEX_POINT ( 'NONE', #1538 ) ;
#6232 = CARTESIAN_POINT ( 'NONE',  ( -3.321160313480740367, 1.046991537437129027, 71.99744700306185052 ) ) ;
#6233 = CARTESIAN_POINT ( 'NONE',  ( 2.351317394708899666, -6.468750001706989217, -5.676582343750006032 ) ) ;
#6234 = CARTESIAN_POINT ( 'NONE',  ( -2.742087702451626807, 6.161142665431478987E-16, 44.72116290402818350 ) ) ;
#6235 = CARTESIAN_POINT ( 'NONE',  ( 5.000000000000222045, -6.078124999999874767, 2.071067811865567876 ) ) ;
#6236 =( GEOMETRIC_REPRESENTATION_CONTEXT ( 3 ) GLOBAL_UNCERTAINTY_ASSIGNED_CONTEXT ( ( #5108 ) ) GLOBAL_UNIT_ASSIGNED_CONTEXT ( ( #5172, #289, #5740 ) ) REPRESENTATION_CONTEXT ( 'NONE', 'WORKASPACE' ) );
#6237 = CARTESIAN_POINT ( 'NONE',  ( 3.193419359031216320, -0.8375932299497018674, 62.63065158834685064 ) ) ;
#6238 = CARTESIAN_POINT ( 'NONE',  ( 0.04617632810000989185, -3.999999999999994227, 71.81469906008875626 ) ) ;
#6239 = LINE ( 'NONE', #3857, #4908 ) ;
#6240 = DIRECTION ( 'NONE',  ( 0.9999260616219090014, 0.000000000000000000, -0.01216023393271300004 ) ) ;
#6241 = CIRCLE ( 'NONE', #311, 5.000000000000000000 ) ;
#6242 = CARTESIAN_POINT ( 'NONE',  ( 4.999999999999994671, -6.390625003413981986, 2.071067811865475949 ) ) ;
#6243 = CARTESIAN_POINT ( 'NONE',  ( 4.013949869229449519, -12.01562500170700076, 4.013949869229449519 ) ) ;
#6244 = ORIENTED_EDGE ( 'NONE', *, *, #2619, .T. ) ;
#6245 = CARTESIAN_POINT ( 'NONE',  ( 1.622392494147818054, -4.499999999999997335, 55.39408749507281726 ) ) ;
#6246 = CARTESIAN_POINT ( 'NONE',  ( -0.007656803429335526552, 1.254101445084172539, 49.79598915854588626 ) ) ;
#6247 = DIRECTION ( 'NONE',  ( 0.000000000000000000, 1.000000000000000000, 0.000000000000000000 ) ) ;
#6248 = ORIENTED_EDGE ( 'NONE', *, *, #7577, .T. ) ;
#6249 = CARTESIAN_POINT ( 'NONE',  ( -1.382076251119709109, 2.750000000000001776, 58.96176907103395592 ) ) ;
#6250 = CARTESIAN_POINT ( 'NONE',  ( 16.37499999999997868, -2.749999999999999112, 0.000000000000000000 ) ) ;
#6251 = CARTESIAN_POINT ( 'NONE',  ( -2.351317394708905439, -7.093750001706996322, 5.676582343750006032 ) ) ;
#6252 = CARTESIAN_POINT ( 'NONE',  ( 3.535533905932739973, -7.406250003413979321, -3.535533905932739973 ) ) ;
#6253 = CARTESIAN_POINT ( 'NONE',  ( -2.364271394192413833, 1.582586151288579046, 50.12036597767220059 ) ) ;
#6254 = DIRECTION ( 'NONE',  ( 0.000000000000000000, 1.000000000000000000, 0.000000000000000000 ) ) ;
#6255 = DIRECTION ( 'NONE',  ( 0.000000000000000000, 0.000000000000000000, 1.000000000000000000 ) ) ;
#6256 = FILL_AREA_STYLE ('',( #4953 ) ) ;
#6257 = ADVANCED_FACE ( 'NONE', ( #2490 ), #4805, .F. ) ;
#6258 = CARTESIAN_POINT ( 'NONE',  ( -2.657590130872759637, -0.3087306009667077356, 49.61524321101662593 ) ) ;
#6259 = DIRECTION ( 'NONE',  ( 0.000000000000000000, 1.000000000000000000, 0.000000000000000000 ) ) ;
#6260 = SURFACE_STYLE_USAGE ( .BOTH. , #1373 ) ;
#6261 = STYLED_ITEM ( 'NONE', ( #3548 ), #1903 ) ;
#6262 = CARTESIAN_POINT ( 'NONE',  ( 3.564597481964779657, 6.120234720524399620E-15, 71.62375164472138067 ) ) ;
#6263 = CARTESIAN_POINT ( 'NONE',  ( -5.676582343750004256, -7.406250001706987440, 2.351317394708899666 ) ) ;
#6264 =( LENGTH_UNIT ( ) NAMED_UNIT ( * ) SI_UNIT ( .MILLI., .METRE. ) );
#6265 = CARTESIAN_POINT ( 'NONE',  ( 16.20145628398709903, -0.6924760980099886609, -0.000000000000000000 ) ) ;
#6266 = CARTESIAN_POINT ( 'NONE',  ( 4.618802153517090225, 4.400000000000000355, 8.000000000000000000 ) ) ;
#6267 = CARTESIAN_POINT ( 'NONE',  ( 3.475904198684909876E-16, -8.890625001706990105, -5.676582343749999815 ) ) ;
#6268 = ORIENTED_EDGE ( 'NONE', *, *, #3283, .T. ) ;
#6269 =( LENGTH_UNIT ( ) NAMED_UNIT ( * ) SI_UNIT ( .MILLI., .METRE. ) );
#6270 = CARTESIAN_POINT ( 'NONE',  ( 0.000000000000000000, 4.400000000000000355, 0.000000000000000000 ) ) ;
#6271 =( NAMED_UNIT ( * ) PLANE_ANGLE_UNIT ( ) SI_UNIT ( $, .RADIAN. ) );
#6272 = CARTESIAN_POINT ( 'NONE',  ( -0.2672646473720870497, -0.8291036298677636474, 48.55302033799699757 ) ) ;
#6273 = PRESENTATION_LAYER_ASSIGNMENT (  '', '', ( #3771 ) ) ;
#6274 = CARTESIAN_POINT ( 'NONE',  ( -3.535533905932735088, -7.093750003413980210, -3.535533905932739973 ) ) ;
#6275 = CARTESIAN_POINT ( 'NONE',  ( 4.013949869229449519, -8.265625001706990105, 4.013949869229449519 ) ) ;
#6276 = ADVANCED_FACE ( 'NONE', ( #703 ), #1816, .T. ) ;
#6277 = CARTESIAN_POINT ( 'NONE',  ( 3.750651387404325021, 1.916336137257149999E-14, 69.10997541823309120 ) ) ;
#6278 = ORIENTED_EDGE ( 'NONE', *, *, #742, .T. ) ;
#6279 =( BOUNDED_CURVE ( )  B_SPLINE_CURVE ( 2, ( #973, #3433, #6930, #2191, #7587, #370, #7000, #1571, #5187 ),
 .UNSPECIFIED., .F., .F. ) 
 B_SPLINE_CURVE_WITH_KNOTS ( ( 3, 2, 2, 2, 3 ),
 ( 0.2954545454545455252, 0.3068181818181820453, 0.3181818181818180102, 0.3295454545454545303, 0.3409090909090910504 ),
 .UNSPECIFIED. ) 
 CURVE ( )  GEOMETRIC_REPRESENTATION_ITEM ( )  RATIONAL_B_SPLINE_CURVE ( ( 1.000000000000000000, 0.9238795325112859613, 1.000000000000000000, 0.9238795325112869605, 1.000000000000000000, 0.9238795325112869605, 1.000000000000000000, 0.9238795325112879597, 1.000000000000000000 ) ) 
 REPRESENTATION_ITEM ( '' )  );
#6280 = CARTESIAN_POINT ( 'NONE',  ( 8.487230541281547858, 3.815600927829891020, -1.299411340005287574 ) ) ;
#6281 = SURFACE_STYLE_FILL_AREA ( #5211 ) ;
#6282 = CARTESIAN_POINT ( 'NONE',  ( 1.435350764366050136, 4.166985216453455543, 69.23562855935351479 ) ) ;
#6283 = ORIENTED_EDGE ( 'NONE', *, *, #4237, .T. ) ;
#6284 = CARTESIAN_POINT ( 'NONE',  ( 15.89819671117514943, 4.477253316603870700E-16, 3.478631175052494751 ) ) ;
#6285 = EDGE_CURVE ( 'NONE', #5017, #127, #1144, .T. ) ;
#6286 = CARTESIAN_POINT ( 'NONE',  ( 0.7897774893804770935, -0.5860699446228444520, 50.19808181942817527 ) ) ;
#6287 = CARTESIAN_POINT ( 'NONE',  ( -2.351317394708899666, -7.562500001706990105, -5.676582343750006032 ) ) ;
#6288 = CARTESIAN_POINT ( 'NONE',  ( -3.535533905932739973, -10.21875000000000000, 3.535533905932735088 ) ) ;
#6289 = CARTESIAN_POINT ( 'NONE',  ( -1.676333517528160177, 1.849912279885155941, 50.03335845041802088 ) ) ;
#6290 = DIRECTION ( 'NONE',  ( 0.000000000000000000, -1.000000000000000000, 0.000000000000000000 ) ) ;
#6291 = CARTESIAN_POINT ( 'NONE',  ( 8.850751100820124506, 3.549248899179881622, 0.6700494082332769663 ) ) ;
#6292 = COLOUR_RGB ( '',0.5019607843137254832, 0.5019607843137254832, 0.000000000000000000 ) ;
#6293 = CARTESIAN_POINT ( 'NONE',  ( -0.5308097535728877325, -1.119045900869109378, 49.30737822346063837 ) ) ;
#6294 = UNCERTAINTY_MEASURE_WITH_UNIT (LENGTH_MEASURE( 1.000000000000000082E-05 ), #4911, 'distance_accuracy_value', 'NONE');
#6295 = SURFACE_STYLE_FILL_AREA ( #2076 ) ;
#6296 = LINE ( 'NONE', #3436, #6512 ) ;
#6297 = CARTESIAN_POINT ( 'NONE',  ( -4.592459355452168879, -0.1101575186491693531, -3.336600691432652255 ) ) ;
#6298 = CARTESIAN_POINT ( 'NONE',  ( -5.000000000000060396, -11.54687499999995026, 2.071067811865497710 ) ) ;
#6299 = EDGE_CURVE ( 'NONE', #5134, #3343, #4180, .T. ) ;
#6300 = CARTESIAN_POINT ( 'NONE',  ( 0.4182635142140950224, 3.200000000000002398, 61.27905406217677609 ) ) ;
#6301 = CARTESIAN_POINT ( 'NONE',  ( 2.351317394708899666, -0.8437500017069917702, 5.676582343750006032 ) ) ;
#6302 = DIRECTION ( 'NONE',  ( 0.000000000000000000, 1.000000000000000000, 0.000000000000000000 ) ) ;
#6303 = PLANE ( 'NONE',  #2387 ) ;
#6304 = EDGE_CURVE ( 'NONE', #1036, #5256, #2527, .T. ) ;
#6305 = VERTEX_POINT ( 'NONE', #3094 ) ;
#6306 = STYLED_ITEM ( 'NONE', ( #1560 ), #3132 ) ;
#6307 =( NAMED_UNIT ( * ) SI_UNIT ( $, .STERADIAN. ) SOLID_ANGLE_UNIT ( ) );
#6308 = AXIS2_PLACEMENT_3D ( 'NONE', #181, #3351, #5748 ) ;
#6309 = CARTESIAN_POINT ( 'NONE',  ( 2.351317394708899666, -1.937500001706993658, 5.676582343750006032 ) ) ;
#6310 = CARTESIAN_POINT ( 'NONE',  ( -2.552147407541204949, -1.834749732203134975, 51.41286162547600469 ) ) ;
#6311 = CIRCLE ( 'NONE', #7310, 8.000000000000000000 ) ;
#6312 = VERTEX_POINT ( 'NONE', #5481 ) ;
#6313 = EDGE_LOOP ( 'NONE', ( #7691, #1225, #2921, #3146, #760, #312 ) ) ;
#6314 = DIRECTION ( 'NONE',  ( 1.084202172485499873E-16, -1.000000000000000000, 0.000000000000000000 ) ) ;
#6315 =( BOUNDED_CURVE ( )  B_SPLINE_CURVE ( 2, ( #4349, #2613, #6900, #829, #3887, #3760, #2525, #6185, #866 ),
 .UNSPECIFIED., .F., .F. ) 
 B_SPLINE_CURVE_WITH_KNOTS ( ( 3, 2, 2, 2, 3 ),
 ( 0.6136363636363639795, 0.6250000000000000000, 0.6363636363636360205, 0.6477272727272730402, 0.6590909090909089496 ),
 .UNSPECIFIED. ) 
 CURVE ( )  GEOMETRIC_REPRESENTATION_ITEM ( )  RATIONAL_B_SPLINE_CURVE ( ( 1.000000000000000000, 0.9238795325112859613, 1.000000000000000000, 0.9238795325112869605, 1.000000000000000000, 0.9238795325112869605, 1.000000000000000000, 0.9238795325112879597, 1.000000000000000000 ) ) 
 REPRESENTATION_ITEM ( '' )  );
#6316 = EDGE_CURVE ( 'NONE', #4708, #6051, #3281, .T. ) ;
#6317 = CIRCLE ( 'NONE', #4924, 3.250000000000000000 ) ;
#6318 = CARTESIAN_POINT ( 'NONE',  ( -3.535533905932735088, -5.843750003413980210, -3.535533905932739973 ) ) ;
#6319 = ADVANCED_FACE ( 'NONE', ( #3038 ), #6686, .F. ) ;
#6320 = CARTESIAN_POINT ( 'NONE',  ( -2.351317394708899666, -12.71875000170700964, -5.676582343750006032 ) ) ;
#6321 = CARTESIAN_POINT ( 'NONE',  ( 8.027845682886354695, 0.2965605767700326689, -2.095363827249874689 ) ) ;
#6322 = B_SPLINE_CURVE_WITH_KNOTS ( 'NONE', 3,
 ( #4456, #7514, #2805, #2110 ),
 .UNSPECIFIED., .F., .F.,
 ( 4, 4 ),
 ( 0.000000000000000000, 1.000000000000000000 ),
 .UNSPECIFIED. ) ;
#6323 = EDGE_LOOP ( 'NONE', ( #3863, #7457, #6116, #7035 ) ) ;
#6324 = CARTESIAN_POINT ( 'NONE',  ( -3.141106857468515479, 1.508871598294631729E-15, 62.47369539833105279 ) ) ;
#6325 = CARTESIAN_POINT ( 'NONE',  ( -0.8363624595959926467, -3.116712565338607188, 61.34714357632967108 ) ) ;
#6326 = ORIENTED_EDGE ( 'NONE', *, *, #4132, .F. ) ;
#6327 = COLOUR_RGB ( '',0.5019607843137254832, 0.5019607843137254832, 0.5019607843137254832 ) ;
#6328 = CARTESIAN_POINT ( 'NONE',  ( 0.8638780171091080540, -0.1026458393598965319, 50.19006264524568195 ) ) ;
#6329 = CARTESIAN_POINT ( 'NONE',  ( 4.013949869229449519, -6.859375001706989217, 4.013949869229449519 ) ) ;
#6330 =( BOUNDED_CURVE ( )  B_SPLINE_CURVE ( 2, ( #3212, #6866, #1348, #6235, #236, #4968, #6907, #4501, #2014 ),
 .UNSPECIFIED., .F., .F. ) 
 B_SPLINE_CURVE_WITH_KNOTS ( ( 3, 2, 2, 2, 3 ),
 ( 0.1799289733958534809, 0.1838401685050575218, 0.1877513636142615072, 0.1916625587234655204, 0.1955737538326695057 ),
 .UNSPECIFIED. ) 
 CURVE ( )  GEOMETRIC_REPRESENTATION_ITEM ( )  RATIONAL_B_SPLINE_CURVE ( ( 1.000000000000039968, 0.9238795325112459933, 1.000000000000000000, 0.9238795325112869605, 1.000000000000000000, 0.9238795325112869605, 1.000000000000000000, 0.9238795325115909396, 0.9999999999996960209 ) ) 
 REPRESENTATION_ITEM ( '' )  );
#6331 = CARTESIAN_POINT ( 'NONE',  ( -1.688721509768023044, 1.327337088726443737, 49.47259346047342632 ) ) ;
#6332 = CARTESIAN_POINT ( 'NONE',  ( 3.535533905932709775, -2.406250000000025313, 3.535533905932709775 ) ) ;
#6333 = MECHANICAL_DESIGN_GEOMETRIC_PRESENTATION_REPRESENTATION (  '', ( #4570 ), #1038 ) ;
#6334 = CARTESIAN_POINT ( 'NONE',  ( 6.928203230275570057, 0.000000000000000000, 4.000000000000000000 ) ) ;
#6335 = CARTESIAN_POINT ( 'NONE',  ( -0.7231357745466220344, -1.221501243749538057, 48.60237904360470651 ) ) ;
#6336 = DIRECTION ( 'NONE',  ( 0.000000000000000000, 1.000000000000000000, 0.000000000000000000 ) ) ;
#6337 = B_SPLINE_CURVE_WITH_KNOTS ( 'NONE', 3,
 ( #1081, #6443, #7622, #1046 ),
 .UNSPECIFIED., .F., .F.,
 ( 4, 4 ),
 ( 0.000000000000000000, 1.000000000000000000 ),
 .UNSPECIFIED. ) ;
#6338 = CARTESIAN_POINT ( 'NONE',  ( 3.846964633940457290, 3.548314452754302462, 7.999999999999967137 ) ) ;
#6339 = STYLED_ITEM ( 'NONE', ( #524 ), #7338 ) ;
#6340 = LINE ( 'NONE', #337, #6418 ) ;
#6341 = DIRECTION ( 'NONE',  ( 0.000000000000000000, 1.000000000000000000, 0.000000000000000000 ) ) ;
#6342 = CARTESIAN_POINT ( 'NONE',  ( 14.82001292088808064, -1.374999999999999334, -0.000000000000000000 ) ) ;
#6343 = CARTESIAN_POINT ( 'NONE',  ( 5.000000000000000000, -11.31250000341399975, 0.000000000000000000 ) ) ;
#6344 = ADVANCED_FACE ( 'NONE', ( #4297 ), #87, .F. ) ;
#6345 = CARTESIAN_POINT ( 'NONE',  ( 0.000000000000000000, 0.000000000000000000, 0.000000000000000000 ) ) ;
#6346 = CARTESIAN_POINT ( 'NONE',  ( -5.676582343750006032, -1.156250001706991215, -2.351317394708899666 ) ) ;
#6347 = CARTESIAN_POINT ( 'NONE',  ( -6.928203230275520319, 0.000000000000000000, 4.000000000000074607 ) ) ;
#6348 = EDGE_CURVE ( 'NONE', #5799, #442, #6612, .T. ) ;
#6349 = CARTESIAN_POINT ( 'NONE',  ( 3.195297878503560174, 1.764254179839200230E-15, 61.12834227667459430 ) ) ;
#6350 = EDGE_CURVE ( 'NONE', #7334, #2651, #611, .T. ) ;
#6351 = ORIENTED_EDGE ( 'NONE', *, *, #2161, .F. ) ;
#6352 = LINE ( 'NONE', #3444, #5932 ) ;
#6353 = CARTESIAN_POINT ( 'NONE',  ( 5.575184260131252678, 0.4444322724545244352, -6.343415970606200105 ) ) ;
#6354 = PRODUCT_CONTEXT ( 'NONE', #1145, 'mechanical' ) ;
#6355 = AXIS2_PLACEMENT_3D ( 'NONE', #6758, #1986, #5621 ) ;
#6356 = CARTESIAN_POINT ( 'NONE',  ( -2.071067811865475949, -7.953125003413984651, 4.999999999999994671 ) ) ;
#6357 = CARTESIAN_POINT ( 'NONE',  ( 5.676582343750006032, -11.78125000170697767, -2.351317394708899666 ) ) ;
#6359 = EDGE_CURVE ( 'NONE', #2188, #7013, #5899, .T. ) ;
#6358 = SURFACE_SIDE_STYLE ('',( #2667 ) ) ;
#6360 = ADVANCED_FACE ( 'NONE', ( #295 ), #4559, .T. ) ;
#6361 = EDGE_LOOP ( 'NONE', ( #7645, #3823, #2898, #2738 ) ) ;
#6362 = SURFACE_SIDE_STYLE ('',( #2174 ) ) ;
#6363 = CARTESIAN_POINT ( 'NONE',  ( -3.436919068374560737, 0.8930850690122505986, 50.73328787894735115 ) ) ;
#6364 = CARTESIAN_POINT ( 'NONE',  ( 0.005939587951499731081, -0.05714910627792550019, 48.52259809227380316 ) ) ;
#6365 = PRESENTATION_LAYER_ASSIGNMENT (  '', '', ( #1954 ) ) ;
#6366 = CARTESIAN_POINT ( 'NONE',  ( 2.792007792973645763, -1.611580737186882883, 61.15022913902214441 ) ) ;
#6367 = ORIENTED_EDGE ( 'NONE', *, *, #5910, .F. ) ;
#6368 = CARTESIAN_POINT ( 'NONE',  ( 0.3513986419309020892, -1.443971533661956075, 50.24565628446290333 ) ) ;
#6369 = CARTESIAN_POINT ( 'NONE',  ( -4.013949869229449519, -9.671875001706990105, 4.013949869229449519 ) ) ;
#6370 = CARTESIAN_POINT ( 'NONE',  ( 3.535533905932739973, -13.34375000000000000, -3.535533905932739973 ) ) ;
#6371 = CARTESIAN_POINT ( 'NONE',  ( -3.086033332131720819, 0.7130921568688263212, 50.21221652669616020 ) ) ;
#6372 = CARTESIAN_POINT ( 'NONE',  ( -1.750000000000000000, 0.000000000000000000, 7.447147104764350267 ) ) ;
#6373 = CARTESIAN_POINT ( 'NONE',  ( 16.20145628398710613, -0.6924760980099889940, -65.48512825965231343 ) ) ;
#6374 = CARTESIAN_POINT ( 'NONE',  ( 0.03005170762692287861, -0.05636626108377327388, 49.22337606597203319 ) ) ;
#6375 = CARTESIAN_POINT ( 'NONE',  ( 0.09966335511025414817, -1.157804746434909271, 49.81023610349087960 ) ) ;
#6376 = UNCERTAINTY_MEASURE_WITH_UNIT (LENGTH_MEASURE( 1.000000000000000082E-05 ), #7095, 'distance_accuracy_value', 'NONE');
#6377 = SURFACE_STYLE_FILL_AREA ( #5713 ) ;
#6378 = CYLINDRICAL_SURFACE ( 'NONE', #3912, 5.000000000000000000 ) ;
#6379 = CARTESIAN_POINT ( 'NONE',  ( 4.013949869229449519, -1.703125001706990105, -4.013949869229449519 ) ) ;
#6380 = CARTESIAN_POINT ( 'NONE',  ( -5.368938501055145807, 0.5843990721631524554, 6.700451586509982960 ) ) ;
#6381 = AXIS2_PLACEMENT_3D ( 'NONE', #1013, #3319, #5829 ) ;
#6382 = CARTESIAN_POINT ( 'NONE',  ( -4.013949869229449519, -3.734375001706989661, -4.013949869229449519 ) ) ;
#6383 = CARTESIAN_POINT ( 'NONE',  ( -4.999999999999951150, -1.546875000000025091, 2.071067811865454633 ) ) ;
#6384 = PLANE ( 'NONE',  #2018 ) ;
#6385 = ORIENTED_EDGE ( 'NONE', *, *, #269, .T. ) ;
#6386 = CARTESIAN_POINT ( 'NONE',  ( 6.123233995736771213E-16, -13.50000000000000000, -5.000000000000000000 ) ) ;
#6387 = CARTESIAN_POINT ( 'NONE',  ( -0.5372768505135254724, 4.697668001270502561E-05, -5.440306569381300861 ) ) ;
#6388 = CARTESIAN_POINT ( 'NONE',  ( 3.519438297768937574, 4.255246688349720810E-15, 70.79164282219440452 ) ) ;
#6389 = CARTESIAN_POINT ( 'NONE',  ( 2.071067811865475949, -2.796875003413983318, 4.999999999999994671 ) ) ;
#6390 = CARTESIAN_POINT ( 'NONE',  ( 2.351317394708899666, -12.09375000170697945, 5.676582343750006032 ) ) ;
#6391 = CARTESIAN_POINT ( 'NONE',  ( 4.013949869229449519, -9.046875001706990105, -4.013949869229449519 ) ) ;
#6392 = EDGE_CURVE ( 'NONE', #670, #6942, #4671, .T. ) ;
#6393 = ORIENTED_EDGE ( 'NONE', *, *, #997, .F. ) ;
#6394 = CARTESIAN_POINT ( 'NONE',  ( 4.999999999999994671, -6.390625003413981098, 2.071067811865475949 ) ) ;
#6395 = CARTESIAN_POINT ( 'NONE',  ( -3.066169943840413303, 1.474764615098618670, 50.67998072195540260 ) ) ;
#6396 = CARTESIAN_POINT ( 'NONE',  ( 3.878092140487714889, -2.622049124298944989, 62.59349387121338992 ) ) ;
#6397 = DIRECTION ( 'NONE',  ( 0.05419102103500969547, 2.531900870405030203E-15, 0.9985305870323569755 ) ) ;
#6398 = ORIENTED_EDGE ( 'NONE', *, *, #7687, .F. ) ;
#6399 = CIRCLE ( 'NONE', #6652, 6.150000000000000355 ) ;
#6400 = CARTESIAN_POINT ( 'NONE',  ( -1.066978649752155839, -1.795206322523364983, 49.88695852292610056 ) ) ;
#6401 = CARTESIAN_POINT ( 'NONE',  ( -4.013949869229449519, -5.921875001706989217, 4.013949869229449519 ) ) ;
#6402 = CARTESIAN_POINT ( 'NONE',  ( -5.000000000000005329, -12.79687499999998401, 2.071067811865475949 ) ) ;
#6403 = CARTESIAN_POINT ( 'NONE',  ( -2.660734511114392298, 1.346504822130004442, 50.15801920487414378 ) ) ;
#6404 = EDGE_LOOP ( 'NONE', ( #1735, #3611, #642, #4015 ) ) ;
#6405 =( GEOMETRIC_REPRESENTATION_CONTEXT ( 3 ) GLOBAL_UNCERTAINTY_ASSIGNED_CONTEXT ( ( #1173 ) ) GLOBAL_UNIT_ASSIGNED_CONTEXT ( ( #770, #5588, #4259 ) ) REPRESENTATION_CONTEXT ( 'NONE', 'WORKASPACE' ) );
#6406 = CARTESIAN_POINT ( 'NONE',  ( -0.9641600378766752577, -1.777588684435329247, 49.87777120274272846 ) ) ;
#6407 = CARTESIAN_POINT ( 'NONE',  ( 5.791599090810791495, 0.3166650675847062502, 5.968656430535967949 ) ) ;
#6408 = CARTESIAN_POINT ( 'NONE',  ( -2.446811114486026728, 4.499999999999997335, 59.39186134853500931 ) ) ;
#6409 = VERTEX_POINT ( 'NONE', #2601 ) ;
#6410 = CARTESIAN_POINT ( 'NONE',  ( -1.589872163249484771, -1.357517466330197875, 48.69123790483250502 ) ) ;
#6411 = SURFACE_SIDE_STYLE ('',( #5143 ) ) ;
#6412 = FILL_AREA_STYLE_COLOUR ( '', #849 ) ;
#6413 = CARTESIAN_POINT ( 'NONE',  ( 3.184554406531381332, 1.515401924257501642, 71.64437687399575339 ) ) ;
#6414 = LINE ( 'NONE', #373, #4163 ) ;
#6415 = CARTESIAN_POINT ( 'NONE',  ( -1.609212659553233005, 2.796116442733628915, 61.38908674961516709 ) ) ;
#6416 = FACE_OUTER_BOUND ( 'NONE', #5210, .T. ) ;
#6417 = CARTESIAN_POINT ( 'NONE',  ( -5.676582343750006032, -4.750000001706988328, 2.351317394708899666 ) ) ;
#6418 = VECTOR ( 'NONE', #2766, 1000.000000000000000 ) ;
#6419 = CARTESIAN_POINT ( 'NONE',  ( 1.453115597082869970, -3.943345310657390357, 69.23466444825272958 ) ) ;
#6420 = ORIENTED_EDGE ( 'NONE', *, *, #7367, .T. ) ;
#6421 = CARTESIAN_POINT ( 'NONE',  ( -5.566244267677331159, 0.4501550424971829112, -6.358887900665377124 ) ) ;
#6422 = CARTESIAN_POINT ( 'NONE',  ( -0.01208739467196234818, -2.043969495977602890E-06, -5.433734185345321599 ) ) ;
#6423 = CARTESIAN_POINT ( 'NONE',  ( -3.108767926394049752, -0.05618180440743982679, 50.09002428068603763 ) ) ;
#6424 = MECHANICAL_DESIGN_GEOMETRIC_PRESENTATION_REPRESENTATION (  '', ( #2023 ), #1396 ) ;
#6425 = CARTESIAN_POINT ( 'NONE',  ( 1.372979557169496045, 4.477253316603870700E-16, 61.22724089006349857 ) ) ;
#6426 = PRESENTATION_LAYER_ASSIGNMENT (  '', '', ( #1653 ) ) ;
#6427 = CARTESIAN_POINT ( 'NONE',  ( -4.013949869229449519, -8.421875001706990105, 4.013949869229449519 ) ) ;
#6428 = EDGE_CURVE ( 'NONE', #5236, #246, #3420, .T. ) ;
#6429 = ORIENTED_EDGE ( 'NONE', *, *, #2983, .F. ) ;
#6430 = FACE_OUTER_BOUND ( 'NONE', #599, .T. ) ;
#6431 = FILL_AREA_STYLE_COLOUR ( '', #379 ) ;
#6432 = CARTESIAN_POINT ( 'NONE',  ( 4.618802153516980091, 1.237604307033950191, -8.000000000000000000 ) ) ;
#6433 = ORIENTED_EDGE ( 'NONE', *, *, #3037, .T. ) ;
#6434 = CARTESIAN_POINT ( 'NONE',  ( -1.231116509885758825, -2.261176765768004859, 50.43062436853746533 ) ) ;
#6435 = CARTESIAN_POINT ( 'NONE',  ( 2.351317394708899666, -4.437500001706991881, 5.676582343750006032 ) ) ;
#6436 = CARTESIAN_POINT ( 'NONE',  ( -5.000000000000005329, -11.54687499999999112, 2.071067811865475949 ) ) ;
#6437 = VERTEX_POINT ( 'NONE', #1994 ) ;
#6438 = COLOUR_RGB ( '',1.000000000000000000, 1.000000000000000000, 0.000000000000000000 ) ;
#6439 = CARTESIAN_POINT ( 'NONE',  ( -0.2355694700738820702, -1.455847976060212989, 49.81495831204614433 ) ) ;
#6440 = STYLED_ITEM ( 'NONE', ( #4194 ), #4892 ) ;
#6441 = ORIENTED_EDGE ( 'NONE', *, *, #7467, .T. ) ;
#6442 = FILL_AREA_STYLE_COLOUR ( '', #6844 ) ;
#6443 = CARTESIAN_POINT ( 'NONE',  ( -5.116965525426731887, 3.660559064875671620, -7.137155729382572922 ) ) ;
#6444 = ORIENTED_EDGE ( 'NONE', *, *, #7148, .T. ) ;
#6445 = CARTESIAN_POINT ( 'NONE',  ( -0.7603499278980372367, -1.254028619509602427, 49.33995570423347488 ) ) ;
#6446 =( GEOMETRIC_REPRESENTATION_CONTEXT ( 3 ) GLOBAL_UNCERTAINTY_ASSIGNED_CONTEXT ( ( #948 ) ) GLOBAL_UNIT_ASSIGNED_CONTEXT ( ( #1784, #2296, #7028 ) ) REPRESENTATION_CONTEXT ( 'NONE', 'WORKASPACE' ) );
#6447 = CARTESIAN_POINT ( 'NONE',  ( 11.58413979377215952, 4.477253316603864784E-16, 27.74508992422439846 ) ) ;
#6448 = CARTESIAN_POINT ( 'NONE',  ( 5.000000000000000000, -12.56250000341398021, 0.000000000000000000 ) ) ;
#6449 = CARTESIAN_POINT ( 'NONE',  ( -2.351317394708899666, -0.2187500017069904379, -5.676582343750004256 ) ) ;
#6450 = CARTESIAN_POINT ( 'NONE',  ( -0.9440492487868560323, -2.619605305545392060, 71.86843936185157133 ) ) ;
#6451 = CARTESIAN_POINT ( 'NONE',  ( -5.722622282982828601, 0.3554262049244710231, 6.088127737086690416 ) ) ;
#6452 = PRESENTATION_LAYER_ASSIGNMENT (  '', '', ( #1171 ) ) ;
#6453 = PRODUCT_DEFINITION_FORMATION_WITH_SPECIFIED_SOURCE ( 'ANY', '', #4784, .NOT_KNOWN. ) ;
#6454 = CARTESIAN_POINT ( 'NONE',  ( -5.000000000000005329, -12.79687500000000533, 2.071067811865475949 ) ) ;
#6455 = STYLED_ITEM ( 'NONE', ( #5631 ), #7175 ) ;
#6456 = CARTESIAN_POINT ( 'NONE',  ( 4.013949869229449519, -0.6093750017069909930, 4.013949869229449519 ) ) ;
#6457 = CARTESIAN_POINT ( 'NONE',  ( -2.071067811854862661, -1.859375000000592637, -5.000000000010554224 ) ) ;
#6458 = ORIENTED_EDGE ( 'NONE', *, *, #7467, .F. ) ;
#6459 = CARTESIAN_POINT ( 'NONE',  ( -5.373800278890468185, 0.5827229572854709660, -6.692298430111477181 ) ) ;
#6460 = ORIENTED_EDGE ( 'NONE', *, *, #3776, .F. ) ;
#6461 =( NAMED_UNIT ( * ) SI_UNIT ( $, .STERADIAN. ) SOLID_ANGLE_UNIT ( ) );
#6462 = CARTESIAN_POINT ( 'NONE',  ( 5.676582343749999815, -10.45312500170700076, 0.000000000000000000 ) ) ;
#6463 = ORIENTED_EDGE ( 'NONE', *, *, #5497, .T. ) ;
#6464 = CARTESIAN_POINT ( 'NONE',  ( 2.071067811865467512, -6.546875003413989091, 5.000000000000011546 ) ) ;
#6465 = CARTESIAN_POINT ( 'NONE',  ( -0.3382635665988499296, 2.008794398397182324, 50.32279842668788916 ) ) ;
#6466 = LINE ( 'NONE', #2176, #3458 ) ;
#6467 = DIRECTION ( 'NONE',  ( 5.627682551812640154E-15, -1.000000000000000000, 0.000000000000000000 ) ) ;
#6468 = CARTESIAN_POINT ( 'NONE',  ( -2.333606622754353044, -2.044395391423798003, 50.57689598955551702 ) ) ;
#6469 = CARTESIAN_POINT ( 'NONE',  ( -5.676582343749999815, -4.828125001706989217, -6.951808397369819752E-16 ) ) ;
#6470 = CARTESIAN_POINT ( 'NONE',  ( -5.000000000000005329, -6.703125000000000000, -2.071067811865475949 ) ) ;
#6471 = CARTESIAN_POINT ( 'NONE',  ( -2.351317394708899666, -12.71875000170700964, -5.676582343750006032 ) ) ;
#6472 = VERTEX_POINT ( 'NONE', #7423 ) ;
#6473 = STYLED_ITEM ( 'NONE', ( #4655 ), #4110 ) ;
#6474 = CARTESIAN_POINT ( 'NONE',  ( -1.331827850186263484, -1.823522928207496285, 49.91083093203585008 ) ) ;
#6475 = ORIENTED_EDGE ( 'NONE', *, *, #101, .T. ) ;
#6476 = CARTESIAN_POINT ( 'NONE',  ( 4.233369929852560887, 3.355111804798208919, -8.000000000000012434 ) ) ;
#6477 = DIRECTION ( 'NONE',  ( 0.000000000000000000, 1.000000000000000000, 0.000000000000000000 ) ) ;
#6478 = ADVANCED_FACE ( 'NONE', ( #7507 ), #5629, .T. ) ;
#6479 = ORIENTED_EDGE ( 'NONE', *, *, #3723, .F. ) ;
#6480 = PRODUCT_DEFINITION_SHAPE ( 'NONE', 'NONE',  #7804 ) ;
#6481 = CARTESIAN_POINT ( 'NONE',  ( 5.000000000000000000, -11.00000000000000000, 0.000000000000000000 ) ) ;
#6482 = FACE_OUTER_BOUND ( 'NONE', #2869, .T. ) ;
#6483 =( NAMED_UNIT ( * ) SI_UNIT ( $, .STERADIAN. ) SOLID_ANGLE_UNIT ( ) );
#6484 = CARTESIAN_POINT ( 'NONE',  ( 2.406628103915222194, -2.402417154265644506, 71.68659553126700246 ) ) ;
#6485 = CARTESIAN_POINT ( 'NONE',  ( 6.123233995736771213E-16, -13.50000000000000000, -5.000000000000000000 ) ) ;
#6486 = ADVANCED_FACE ( 'NONE', ( #3834 ), #4520, .F. ) ;
#6487 = CARTESIAN_POINT ( 'NONE',  ( 3.535533905932739973, -8.656250003413980210, -3.535533905932739973 ) ) ;
#6488 = CARTESIAN_POINT ( 'NONE',  ( -8.089467626570696623, 0.3302808681584144535, 1.988631345711417309 ) ) ;
#6489 = CARTESIAN_POINT ( 'NONE',  ( -4.013949869229449519, -12.64062500170700254, -4.013949869229449519 ) ) ;
#6490 = EDGE_LOOP ( 'NONE', ( #3514, #6675, #1657, #3692, #5296, #7305 ) ) ;
#6491 = CARTESIAN_POINT ( 'NONE',  ( -2.071067811864322206, -4.359375000000073719, -5.000000000001125322 ) ) ;
#6492 = ORIENTED_EDGE ( 'NONE', *, *, #2759, .F. ) ;
#6493 = DIRECTION ( 'NONE',  ( 1.000000000000000000, 0.000000000000000000, 0.000000000000000000 ) ) ;
#6494 = CARTESIAN_POINT ( 'NONE',  ( 16.37499999999997868, 2.749999999999999112, 0.000000000000000000 ) ) ;
#6495 = CARTESIAN_POINT ( 'NONE',  ( 3.475904198684909876E-16, -1.546875001706990105, -5.676582343749999815 ) ) ;
#6496 = CARTESIAN_POINT ( 'NONE',  ( -2.354278499640466205, 4.060806525629355512, -8.000000136351482993 ) ) ;
#6497 = AXIS2_PLACEMENT_3D ( 'NONE', #834, #1972, #7330 ) ;
#6498 = CARTESIAN_POINT ( 'NONE',  ( 5.676582343750004256, -7.875000001706991881, -2.351317394708899666 ) ) ;
#6499 = ORIENTED_EDGE ( 'NONE', *, *, #2917, .T. ) ;
#6500 = DIRECTION ( 'NONE',  ( 1.000000000000000000, 0.000000000000000000, 0.000000000000000000 ) ) ;
#6501 = CARTESIAN_POINT ( 'NONE',  ( -0.8614022733972740431, 2.231377299770434863, 51.10425333814659865 ) ) ;
#6502 = B_SPLINE_CURVE_WITH_KNOTS ( 'NONE', 3,
 ( #6869, #3999, #280, #2206, #4608, #3971, #6353, #955, #1511, #2168, #387, #348, #3370, #1474, #5204, #2054, #3896, #2705, #5768, #2779, #7565 ),
 .UNSPECIFIED., .F., .F.,
 ( 4, 2, 2, 1, 1, 2, 2, 2, 1, 2, 2, 4 ),
 ( 0.000000000000000000, 0.2500000000000018319, 0.3750000000000027756, 0.4375000000000032196, 0.4687500000000035527, 0.4843750000000036082, 0.5000000000000036637, 0.6250000000000028866, 0.6875000000000024425, 0.7187500000000021094, 0.7500000000000017764, 1.000000000000000000 ),
 .UNSPECIFIED. ) ;
#6503 = CARTESIAN_POINT ( 'NONE',  ( 3.109796135234666803, 0.5543889614242754060, -7.999995636731857651 ) ) ;
#6504 = CARTESIAN_POINT ( 'NONE',  ( -1.750000000000000000, 0.5999999999999999778, 5.895761189193470031 ) ) ;
#6505 = EDGE_CURVE ( 'NONE', #1076, #3620, #6216, .T. ) ;
#6506 = CARTESIAN_POINT ( 'NONE',  ( -5.676582343750006032, -1.156250001706991215, -2.351317394708899666 ) ) ;
#6507 = CARTESIAN_POINT ( 'NONE',  ( -5.000000000000000000, -5.375000000000000000, -6.123233995736771213E-16 ) ) ;
#6508 = CARTESIAN_POINT ( 'NONE',  ( -3.030846295926152845, 0.8375932299496990918, 62.96844726072355058 ) ) ;
#6509 = VERTEX_POINT ( 'NONE', #3946 ) ;
#6510 = CARTESIAN_POINT ( 'NONE',  ( -2.766324635793416586, -1.651174623626064486, 51.45099317187526822 ) ) ;
#6511 = CARTESIAN_POINT ( 'NONE',  ( -2.273088658004395857, -1.017911630336780338, 48.75923686358112974 ) ) ;
#6512 = VECTOR ( 'NONE', #2685, 1000.000000000000000 ) ;
#6513 = ORIENTED_EDGE ( 'NONE', *, *, #7662, .T. ) ;
#6514 = CARTESIAN_POINT ( 'NONE',  ( 2.539953727053176014, 4.006678589414785385, -7.999988584519464041 ) ) ;
#6515 = CARTESIAN_POINT ( 'NONE',  ( 0.000000000000000000, 0.5999999999999999778, 0.000000000000000000 ) ) ;
#6516 = EDGE_CURVE ( 'NONE', #5292, #3109, #5288, .T. ) ;
#6517 = VERTEX_POINT ( 'NONE', #5664 ) ;
#6518 =( NAMED_UNIT ( * ) SI_UNIT ( $, .STERADIAN. ) SOLID_ANGLE_UNIT ( ) );
#6519 = PRODUCT_DEFINITION_CONTEXT ( 'detailed design', #5741, 'design' ) ;
#6520 = CARTESIAN_POINT ( 'NONE',  ( -2.879232524832069817, 6.161142665431478987E-16, 45.19325305819510419 ) ) ;
#6521 = CARTESIAN_POINT ( 'NONE',  ( -3.535533905932735088, -10.84375000341397843, -3.535533905932739973 ) ) ;
#6522 = CARTESIAN_POINT ( 'NONE',  ( 0.8499999999999999778, -15.00000000000000000, 0.09724318643354600000 ) ) ;
#6523 = CIRCLE ( 'NONE', #3143, 1.375000000000000000 ) ;
#6524 = CARTESIAN_POINT ( 'NONE',  ( 0.9092484722858807933, 0.2103224754690128373, 50.57687058569039351 ) ) ;
#6525 = DIRECTION ( 'NONE',  ( 0.000000000000000000, 1.000000000000000000, 0.000000000000000000 ) ) ;
#6526 = DIRECTION ( 'NONE',  ( 0.000000000000000000, 0.000000000000000000, -1.000000000000000000 ) ) ;
#6527 = CARTESIAN_POINT ( 'NONE',  ( -7.425791769408971454, 0.06160928238920417022, 3.138410289008604970 ) ) ;
#6528 = CARTESIAN_POINT ( 'NONE',  ( -2.351317394708899666, -11.46875000170699543, -5.676582343750004256 ) ) ;
#6529 = CARTESIAN_POINT ( 'NONE',  ( -5.000000000000005329, -2.015625003413981542, -2.071067811865475949 ) ) ;
#6530 = CARTESIAN_POINT ( 'NONE',  ( -4.013949869229449519, -3.578125001706990105, 4.013949869229449519 ) ) ;
#6531 = CARTESIAN_POINT ( 'NONE',  ( -2.071067811871140751, -6.859374999999677591, -4.999999999994371613 ) ) ;
#6532 = ORIENTED_EDGE ( 'NONE', *, *, #7174, .F. ) ;
#6533 = CONICAL_SURFACE ( 'NONE', #5537, 8.000000000000000000, 0.7853981633974503884 ) ;
#6534 = CARTESIAN_POINT ( 'NONE',  ( -6.380850554395167684, 4.325420342370921212, 4.948337212917637729 ) ) ;
#6535 = ORIENTED_EDGE ( 'NONE', *, *, #5625, .F. ) ;
#6536 = CONTEXT_DEPENDENT_SHAPE_REPRESENTATION ( #2776, #5865 ) ;
#6537 = CIRCLE ( 'NONE', #4646, 1.375000000000000222 ) ;
#6538 = CARTESIAN_POINT ( 'NONE',  ( 13.62500000000000000, 6.161142665431478987E-16, 0.000000000000000000 ) ) ;
#6539 = CARTESIAN_POINT ( 'NONE',  ( 4.013949869229449519, -0.7656250017069909930, 4.013949869229449519 ) ) ;
#6540 = LINE ( 'NONE', #2450, #7531 ) ;
#6541 = FILL_AREA_STYLE_COLOUR ( '', #1017 ) ;
#6542 = CARTESIAN_POINT ( 'NONE',  ( -5.676582343750004256, -9.906250001706990105, -2.351317394708899666 ) ) ;
#6543 =( GEOMETRIC_REPRESENTATION_CONTEXT ( 3 ) GLOBAL_UNCERTAINTY_ASSIGNED_CONTEXT ( ( #2344 ) ) GLOBAL_UNIT_ASSIGNED_CONTEXT ( ( #6850, #2073, #1452 ) ) REPRESENTATION_CONTEXT ( 'NONE', 'WORKASPACE' ) );
#6544 = ORIENTED_EDGE ( 'NONE', *, *, #458, .F. ) ;
#6545 = CARTESIAN_POINT ( 'NONE',  ( -2.039093566034160254, 2.161907977123638247, 50.53661584673302798 ) ) ;
#6546 = EDGE_CURVE ( 'NONE', #3109, #5261, #817, .T. ) ;
#6547 = CARTESIAN_POINT ( 'NONE',  ( -3.363277440655104922, 2.622049124298944989, 69.49605379356731305 ) ) ;
#6548 = SURFACE_SIDE_STYLE ('',( #5443 ) ) ;
#6549 = EDGE_CURVE ( 'NONE', #6880, #2413, #3476, .T. ) ;
#6550 =( GEOMETRIC_REPRESENTATION_CONTEXT ( 3 ) GLOBAL_UNCERTAINTY_ASSIGNED_CONTEXT ( ( #5596 ) ) GLOBAL_UNIT_ASSIGNED_CONTEXT ( ( #3838, #6222, #3275 ) ) REPRESENTATION_CONTEXT ( 'NONE', 'WORKASPACE' ) );
#6551 = CARTESIAN_POINT ( 'NONE',  ( -1.042771259605471878E-15, -4.515625001706989217, 5.676582343749999815 ) ) ;
#6552 = CARTESIAN_POINT ( 'NONE',  ( -3.535533905932739973, -8.968750000000000000, 3.535533905932735088 ) ) ;
#6553 = PRESENTATION_LAYER_ASSIGNMENT (  '', '', ( #4311 ) ) ;
#6554 = B_SPLINE_CURVE_WITH_KNOTS ( 'NONE', 3,
 ( #2466, #2424, #3144, #3778 ),
 .UNSPECIFIED., .F., .F.,
 ( 4, 4 ),
 ( 0.000000000000000000, 1.000000000000000000 ),
 .UNSPECIFIED. ) ;
#6555 = ORIENTED_EDGE ( 'NONE', *, *, #7093, .T. ) ;
#6556 = CARTESIAN_POINT ( 'NONE',  ( 0.1472329503740421042, -1.733758257761902621, 50.91221785046335668 ) ) ;
#6557 = CARTESIAN_POINT ( 'NONE',  ( -2.720527203297725016, 7.582145089942320987E-12, 48.80353893819129496 ) ) ;
#6558 = VERTEX_POINT ( 'NONE', #5257 ) ;
#6559 = CARTESIAN_POINT ( 'NONE',  ( 0.000000000000000000, -13.50000000000000000, 5.000000000000000000 ) ) ;
#6560 = CARTESIAN_POINT ( 'NONE',  ( -2.704166277726879748E-14, 4.400000000000000355, -8.000000000000000000 ) ) ;
#6561 = EDGE_LOOP ( 'NONE', ( #1005, #4475, #4596 ) ) ;
#6562 = CARTESIAN_POINT ( 'NONE',  ( 5.000000000000060396, -12.32812499999996980, 2.071067811865503483 ) ) ;
#6563 =( BOUNDED_CURVE ( )  B_SPLINE_CURVE ( 2, ( #1924, #141, #6730, #4425, #1336, #6811, #4303, #2608, #1414 ),
 .UNSPECIFIED., .F., .F. ) 
 B_SPLINE_CURVE_WITH_KNOTS ( ( 3, 2, 2, 2, 3 ),
 ( 0.8409090909090910504, 0.8522727272727269598, 0.8636363636363639795, 0.8750000000000000000, 0.8863636363636360205 ),
 .UNSPECIFIED. ) 
 CURVE ( )  GEOMETRIC_REPRESENTATION_ITEM ( )  RATIONAL_B_SPLINE_CURVE ( ( 1.000000000000000000, 0.9238795325112859613, 1.000000000000000000, 0.9238795325112869605, 1.000000000000000000, 0.9238795325112869605, 1.000000000000000000, 0.9238795325112879597, 1.000000000000000000 ) ) 
 REPRESENTATION_ITEM ( '' )  );
#6564 = CARTESIAN_POINT ( 'NONE',  ( 13.14832545112461837, 6.161142665431478987E-16, 3.530798685099244771 ) ) ;
#6565 = CARTESIAN_POINT ( 'NONE',  ( 8.320457853599249891E-14, -11.31250000000000000, 5.000000000000000888 ) ) ;
#6566 = STYLED_ITEM ( 'NONE', ( #4273 ), #2185 ) ;
#6567 = CARTESIAN_POINT ( 'NONE',  ( -2.071067811865475949, -10.60937500000000533, -4.999999999999984901 ) ) ;
#6568 = CARTESIAN_POINT ( 'NONE',  ( -1.699999999999999956, -15.00000000000000000, 0.000000000000000000 ) ) ;
#6569 = CARTESIAN_POINT ( 'NONE',  ( -2.952411050842318474, -2.146158502518712652, 69.47375575937375913 ) ) ;
#6570 = CARTESIAN_POINT ( 'NONE',  ( 7.501464135279650058, 0.08170811633277748343, -3.007388522249953233 ) ) ;
#6571 = CARTESIAN_POINT ( 'NONE',  ( -1.395812844884297688, -5.463200525060873963E-05, -5.341764927332509849 ) ) ;
#6572 = DIRECTION ( 'NONE',  ( 0.000000000000000000, 1.000000000000000000, 0.000000000000000000 ) ) ;
#6573 = CARTESIAN_POINT ( 'NONE',  ( -8.102682255843197012, 0.3376927825561595875, 1.965742931075834754 ) ) ;
#6574 = CARTESIAN_POINT ( 'NONE',  ( 2.351317394708899666, -9.125000001706995434, -5.676582343750004256 ) ) ;
#6575 = FACE_OUTER_BOUND ( 'NONE', #4008, .T. ) ;
#6576 = CARTESIAN_POINT ( 'NONE',  ( -4.013949869229449519, -6.390625001706989217, -4.013949869229449519 ) ) ;
#6577 = PRESENTATION_STYLE_ASSIGNMENT (( #1889 ) ) ;
#6578 = PRODUCT_DEFINITION_FORMATION_WITH_SPECIFIED_SOURCE ( 'ANY', '', #2469, .NOT_KNOWN. ) ;
#6579 = CARTESIAN_POINT ( 'NONE',  ( -6.928203230275469693, 4.400000000000000355, 4.000000000000050626 ) ) ;
#6580 = EDGE_LOOP ( 'NONE', ( #7230, #7342, #4722, #6429 ) ) ;
#6581 = PRESENTATION_LAYER_ASSIGNMENT (  '', '', ( #6082 ) ) ;
#6582 = ITEM_DEFINED_TRANSFORMATION ( 'NONE', 'NONE', #5722,  #668 ) ;
#6583 = EDGE_CURVE ( 'NONE', #6984, #6051, #5142, .T. ) ;
#6584 = CARTESIAN_POINT ( 'NONE',  ( 1.715910062461010854, 3.729977029070299821, 62.71083715142286508 ) ) ;
#6585 = CARTESIAN_POINT ( 'NONE',  ( -2.351317394708899666, -11.31250000170700609, -5.676582343750006032 ) ) ;
#6586 = CARTESIAN_POINT ( 'NONE',  ( 5.655110834653047647, 4.004795348727348880, 6.205038213076273124 ) ) ;
#6587 = ADVANCED_FACE ( 'NONE', ( #6715 ), #4327, .T. ) ;
#6588 = COLOUR_RGB ( '',1.000000000000000000, 1.000000000000000000, 0.000000000000000000 ) ;
#6589 = CARTESIAN_POINT ( 'NONE',  ( -2.351317394708905439, -0.8437500017069917702, 5.676582343750004256 ) ) ;
#6590 = VERTEX_POINT ( 'NONE', #5410 ) ;
#6591 = CARTESIAN_POINT ( 'NONE',  ( -1.099338820329825994, 0.07516060328761949016, 8.000134379922810623 ) ) ;
#6592 = CARTESIAN_POINT ( 'NONE',  ( -2.561451846396529675, 1.301043644692223999, 50.03161651439479840 ) ) ;
#6593 = CARTESIAN_POINT ( 'NONE',  ( -2.539953727055444421, 0.3933214105863842569, -7.999988584519973855 ) ) ;
#6594 = B_SPLINE_CURVE_WITH_KNOTS ( 'NONE', 3,
 ( #4568, #947, #1539, #2769 ),
 .UNSPECIFIED., .F., .F.,
 ( 4, 4 ),
 ( 0.000000000000000000, 1.000000000000000000 ),
 .UNSPECIFIED. ) ;
#6595 = CARTESIAN_POINT ( 'NONE',  ( 2.351317394708899666, -1.468750001706992325, -5.676582343750006032 ) ) ;
#6596 = ADVANCED_FACE ( 'NONE', ( #7343 ), #1828, .T. ) ;
#6597 = EDGE_CURVE ( 'NONE', #467, #5485, #6676, .T. ) ;
#6598 = CARTESIAN_POINT ( 'NONE',  ( 2.071067811865475949, -5.765625000000001776, -5.000000000000005329 ) ) ;
#6599 = CARTESIAN_POINT ( 'NONE',  ( 5.676582343749999815, -11.85937500170700076, 0.000000000000000000 ) ) ;
#6600 = ORIENTED_EDGE ( 'NONE', *, *, #742, .F. ) ;
#6601 = DIRECTION ( 'NONE',  ( 0.000000000000000000, 1.000000000000000000, 0.000000000000000000 ) ) ;
#6602 = CARTESIAN_POINT ( 'NONE',  ( -0.4050314752921577721, -0.9855797974663510486, 48.56828123425751897 ) ) ;
#6603 = ORIENTED_EDGE ( 'NONE', *, *, #2295, .T. ) ;
#6604 = DIRECTION ( 'NONE',  ( 0.000000000000000000, 1.000000000000000000, 0.000000000000000000 ) ) ;
#6605 = FACE_OUTER_BOUND ( 'NONE', #1310, .T. ) ;
#6606 = ORIENTED_EDGE ( 'NONE', *, *, #6299, .T. ) ;
#6607 = CARTESIAN_POINT ( 'NONE',  ( 0.000000000000000000, 0.000000000000000000, -40.00000000000000000 ) ) ;
#6608 = UNCERTAINTY_MEASURE_WITH_UNIT (LENGTH_MEASURE( 1.000000000000000082E-05 ), #2559, 'distance_accuracy_value', 'NONE');
#6609 = FACE_OUTER_BOUND ( 'NONE', #1350, .T. ) ;
#6610 = FACE_OUTER_BOUND ( 'NONE', #4396, .T. ) ;
#6611 = CARTESIAN_POINT ( 'NONE',  ( 3.488381529001974179, -0.7808190501862900534, 71.62788794296184847 ) ) ;
#6612 = LINE ( 'NONE', #688, #4174 ) ;
#6613 = CARTESIAN_POINT ( 'NONE',  ( 0.000000000000000000, 0.000000000000000000, 0.000000000000000000 ) ) ;
#6614 =( BOUNDED_CURVE ( )  B_SPLINE_CURVE ( 2, ( #5793, #3919, #4602, #2043, #374, #1498, #864, #6898, #266 ),
 .UNSPECIFIED., .F., .F. ) 
 B_SPLINE_CURVE_WITH_KNOTS ( ( 3, 2, 2, 2, 3 ),
 ( 0.1955737538326695057, 0.1994857963222244901, 0.2033978388117790026, 0.2073098813013339869, 0.2112219237908884995 ),
 .UNSPECIFIED. ) 
 CURVE ( )  GEOMETRIC_REPRESENTATION_ITEM ( )  RATIONAL_B_SPLINE_CURVE ( ( 1.000000000000303979, 0.9238795325109819823, 1.000000000000000000, 0.9238795325112869605, 1.000000000000000000, 0.9238795325112869605, 1.000000000000000000, 0.9238795325112869605, 1.000000000000000000 ) ) 
 REPRESENTATION_ITEM ( '' )  );
#6615 = B_SPLINE_CURVE_WITH_KNOTS ( 'NONE', 3,
 ( #3292, #5160, #6388, #987 ),
 .UNSPECIFIED., .F., .F.,
 ( 4, 4 ),
 ( 0.000000000000000000, 1.000000000000000000 ),
 .UNSPECIFIED. ) ;
#6616 = AXIS2_PLACEMENT_3D ( 'NONE', #2, #4253, #4289 ) ;
#6617 = UNCERTAINTY_MEASURE_WITH_UNIT (LENGTH_MEASURE( 1.000000000000000082E-05 ), #1117, 'distance_accuracy_value', 'NONE');
#6618 = CARTESIAN_POINT ( 'NONE',  ( 0.05580571239650911064, 1.814661778063649367, 50.92984100942809533 ) ) ;
#6619 = CARTESIAN_POINT ( 'NONE',  ( -5.885408641495049942, 2.054704685227189952E-16, -5.418668205621759881 ) ) ;
#6620 = CARTESIAN_POINT ( 'NONE',  ( 3.475904198684909876E-16, -11.54687500170700076, -5.676582343749999815 ) ) ;
#6621 = CARTESIAN_POINT ( 'NONE',  ( 3.061616997868385113E-16, 0.2499999965860175422, -5.000000000000000000 ) ) ;
#6622 = CARTESIAN_POINT ( 'NONE',  ( 5.676582343750006032, -4.437500001706991881, 2.351317394708905439 ) ) ;
#6623 = CARTESIAN_POINT ( 'NONE',  ( 3.475904198684909876E-16, -0.1406250017069906044, -5.676582343749999815 ) ) ;
#6624 = CARTESIAN_POINT ( 'NONE',  ( -6.430838922484404918, 4.338390717610761449, 4.861719171017304220 ) ) ;
#6625 = ORIENTED_EDGE ( 'NONE', *, *, #5248, .F. ) ;
#6626 = CARTESIAN_POINT ( 'NONE',  ( 5.676582343750006032, -11.62500000170699010, -2.351317394708899666 ) ) ;
#6627 = CARTESIAN_POINT ( 'NONE',  ( 6.223909719180804601, 4.277093576170906353, 5.219852543448999960 ) ) ;
#6628 = CARTESIAN_POINT ( 'NONE',  ( -9.184850993605149917E-16, -8.812500000000000000, 5.000000000000000000 ) ) ;
#6629 =( BOUNDED_CURVE ( )  B_SPLINE_CURVE ( 2, ( #5096, #4511, #3866, #5699, #1520, #3380, #171, #5132, #847 ),
 .UNSPECIFIED., .F., .F. ) 
 B_SPLINE_CURVE_WITH_KNOTS ( ( 3, 2, 2, 2, 3 ),
 ( 0.1016988828053294047, 0.1056108074637594069, 0.1095227321221896033, 0.1134346567806195916, 0.1173465814390495937 ),
 .UNSPECIFIED. ) 
 CURVE ( )  GEOMETRIC_REPRESENTATION_ITEM ( )  RATIONAL_B_SPLINE_CURVE ( ( 1.000000000000260014, 0.9238795325110259471, 1.000000000000000000, 0.9238795325112869605, 1.000000000000000000, 0.9238795325112869605, 1.000000000000000000, 0.9238795325112869605, 1.000000000000000000 ) ) 
 REPRESENTATION_ITEM ( '' )  );
#6630 = CARTESIAN_POINT ( 'NONE',  ( 4.013949869229449519, -2.796875001706990105, -4.013949869229449519 ) ) ;
#6631 = EDGE_LOOP ( 'NONE', ( #1599, #6867, #4369, #1858 ) ) ;
#6632 = CARTESIAN_POINT ( 'NONE',  ( -1.591251859843171967, 0.1545421063559957731, 8.000064586913195441 ) ) ;
#6633 = CARTESIAN_POINT ( 'NONE',  ( -0.6463535841456649056, 1.685506941018555027, 49.84992854523670758 ) ) ;
#6634 = CARTESIAN_POINT ( 'NONE',  ( -2.404469298714415615, 0.3534972770711408141, -8.000000144618837794 ) ) ;
#6635 = CARTESIAN_POINT ( 'NONE',  ( -5.000000000000000000, -11.93750000341398021, -6.123233995736771213E-16 ) ) ;
#6636 = VECTOR ( 'NONE', #6969, 1000.000000000000000 ) ;
#6637 = CARTESIAN_POINT ( 'NONE',  ( -2.071067811865475949, -9.203125003413987315, 4.999999999999994671 ) ) ;
#6638 = ADVANCED_FACE ( 'NONE', ( #3260 ), #1503, .T. ) ;
#6639 = CARTESIAN_POINT ( 'NONE',  ( -5.000000000000005329, -7.953125000000001776, -2.071067811865475949 ) ) ;
#6640 = CARTESIAN_POINT ( 'NONE',  ( 5.676582343750006032, -8.031250001706993658, -2.351317394708899666 ) ) ;
#6641 = VERTEX_POINT ( 'NONE', #7411 ) ;
#6642 =( NAMED_UNIT ( * ) SI_UNIT ( $, .STERADIAN. ) SOLID_ANGLE_UNIT ( ) );
#6643 = SURFACE_STYLE_FILL_AREA ( #2943 ) ;
#6644 = APPLICATION_CONTEXT ( 'automotive_design' ) ;
#6645 =( NAMED_UNIT ( * ) PLANE_ANGLE_UNIT ( ) SI_UNIT ( $, .RADIAN. ) );
#6646 = EDGE_LOOP ( 'NONE', ( #1866, #1266 ) ) ;
#6647 = CARTESIAN_POINT ( 'NONE',  ( 2.700952634011109854, 3.292968841687144987, 69.16694337491290412 ) ) ;
#6648 = CARTESIAN_POINT ( 'NONE',  ( 0.8499999999999999778, -15.00000000000000000, 1.472243186433545903 ) ) ;
#6649 = CARTESIAN_POINT ( 'NONE',  ( 4.272271609212183741, 5.712535227031208356E-11, -2.769110328599424520 ) ) ;
#6650 = ADVANCED_FACE ( 'NONE', ( #5737 ), #5952, .T. ) ;
#6651 = DIRECTION ( 'NONE',  ( 0.000000000000000000, -1.000000000000000000, 0.000000000000000000 ) ) ;
#6652 = AXIS2_PLACEMENT_3D ( 'NONE', #2508, #6762, #3784 ) ;
#6653 = CARTESIAN_POINT ( 'NONE',  ( -2.562063592817095614, 0.3980152375677555865, 69.45257130335053830 ) ) ;
#6654 = CARTESIAN_POINT ( 'NONE',  ( 5.676582343749999815, -8.109375001706990105, 0.000000000000000000 ) ) ;
#6655 = CARTESIAN_POINT ( 'NONE',  ( 3.535533905932739973, -1.156250003413983984, -3.535533905932739973 ) ) ;
#6656 = CARTESIAN_POINT ( 'NONE',  ( -1.042771259605471878E-15, -5.921875001706989217, 5.676582343749999815 ) ) ;
#6657 = CARTESIAN_POINT ( 'NONE',  ( -2.351317394708905439, -7.250000001706996322, 5.676582343750006032 ) ) ;
#6658 = CARTESIAN_POINT ( 'NONE',  ( -3.673607934074770043, -6.067411595324149875E-16, -4.327608098254405178 ) ) ;
#6659 = CARTESIAN_POINT ( 'NONE',  ( 4.427650516409515014, 8.813931010592400659E-16, 69.07323415610549944 ) ) ;
#6660 = FILL_AREA_STYLE ('',( #4839 ) ) ;
#6661 = CARTESIAN_POINT ( 'NONE',  ( -2.351317394708905439, -1.000000001706991215, 5.676582343750006032 ) ) ;
#6662 = CARTESIAN_POINT ( 'NONE',  ( -7.924560385153903930, 4.158963032483968369, -2.274258785265812488 ) ) ;
#6663 = CARTESIAN_POINT ( 'NONE',  ( 2.071067811865470620, -8.734375000000008882, 4.999999999999984901 ) ) ;
#6664 = PRESENTATION_LAYER_ASSIGNMENT (  '', '', ( #2250 ) ) ;
#6665 = CARTESIAN_POINT ( 'NONE',  ( 5.676582343749999815, -5.453125001706989217, 0.000000000000000000 ) ) ;
#6666 = ORIENTED_EDGE ( 'NONE', *, *, #508, .F. ) ;
#6667 = CARTESIAN_POINT ( 'NONE',  ( -2.354278499640840128, 0.3391934743708750477, 8.000000136351605562 ) ) ;
#6668 = CARTESIAN_POINT ( 'NONE',  ( 0.000000000000000000, 0.000000000000000000, 0.000000000000000000 ) ) ;
#6669 = AXIS2_PLACEMENT_3D ( 'NONE', #3075, #1086, #7701 ) ;
#6670 = CARTESIAN_POINT ( 'NONE',  ( 3.061616997868385113E-16, -12.25000000341399975, -5.000000000000000000 ) ) ;
#6671 = CARTESIAN_POINT ( 'NONE',  ( 3.475904198684909876E-16, -0.1406250017069906044, -5.676582343749999815 ) ) ;
#6672 = CARTESIAN_POINT ( 'NONE',  ( 4.999999999999994671, -1.078124999999998446, 2.071067811865475949 ) ) ;
#6673 = EDGE_CURVE ( 'NONE', #2188, #2260, #2326, .T. ) ;
#6674 = CARTESIAN_POINT ( 'NONE',  ( -4.013949869229449519, -10.14062500170700076, -4.013949869229449519 ) ) ;
#6675 = ORIENTED_EDGE ( 'NONE', *, *, #7547, .F. ) ;
#6676 = LINE ( 'NONE', #3701, #7207 ) ;
#6677 = CARTESIAN_POINT ( 'NONE',  ( -2.678074460925297995, 0.3850078664939768358, 48.79971481537248224 ) ) ;
#6678 = CARTESIAN_POINT ( 'NONE',  ( 14.15499826003449080, 1.099541908297498649, -0.000000000000000000 ) ) ;
#6679 = VERTEX_POINT ( 'NONE', #1480 ) ;
#6680 = AXIS2_PLACEMENT_3D ( 'NONE', #1893, #7131, #1732 ) ;
#6681 = CARTESIAN_POINT ( 'NONE',  ( 0.05619798590334827010, 3.997572203422047998, 69.31047623873233476 ) ) ;
#6682 = CARTESIAN_POINT ( 'NONE',  ( -2.879232524832067153, -2.749999999999999112, 45.19325305819512550 ) ) ;
#6683 = CARTESIAN_POINT ( 'NONE',  ( -2.351317394708899666, -11.31250000170700609, -5.676582343750006032 ) ) ;
#6684 = SURFACE_STYLE_USAGE ( .BOTH. , #772 ) ;
#6685 = CARTESIAN_POINT ( 'NONE',  ( -0.2074022869537670011, 0.7849187794709545640, 49.26142475351886674 ) ) ;
#6686 = CYLINDRICAL_SURFACE ( 'NONE', #2397, 3.000000000000095479 ) ;
#6687 = CARTESIAN_POINT ( 'NONE',  ( 4.264096166424076628, -1.047360292553223109E-07, -2.783784487858978363 ) ) ;
#6688 = CARTESIAN_POINT ( 'NONE',  ( -3.254542800147844694, -0.1435981937725310797, 50.29473164273890973 ) ) ;
#6689 = DIRECTION ( 'NONE',  ( 0.000000000000000000, 1.000000000000000000, 0.000000000000000000 ) ) ;
#6690 = CARTESIAN_POINT ( 'NONE',  ( -2.634977478063830425, 1.766484693830562280, 51.42759821136602483 ) ) ;
#6691 = CARTESIAN_POINT ( 'NONE',  ( -1.079526801373951628, 2.619605305545884111, 69.37211289427060024 ) ) ;
#6692 =( GEOMETRIC_REPRESENTATION_CONTEXT ( 3 ) GLOBAL_UNCERTAINTY_ASSIGNED_CONTEXT ( ( #7240 ) ) GLOBAL_UNIT_ASSIGNED_CONTEXT ( ( #7214, #1139, #5953 ) ) REPRESENTATION_CONTEXT ( 'NONE', 'WORKASPACE' ) );
#6693 = CARTESIAN_POINT ( 'NONE',  ( -5.676582343749999815, -9.984375001706990105, -6.951808397369819752E-16 ) ) ;
#6694 = CARTESIAN_POINT ( 'NONE',  ( -4.013949869229449519, -3.578125001706990105, 4.013949869229449519 ) ) ;
#6695 = CARTESIAN_POINT ( 'NONE',  ( -1.042771259605471878E-15, -5.921875001706989217, 5.676582343749999815 ) ) ;
#6696 = SURFACE_STYLE_FILL_AREA ( #7753 ) ;
#6697 = AXIS2_PLACEMENT_3D ( 'NONE', #1282, #7307, #6129 ) ;
#6698 = ITEM_DEFINED_TRANSFORMATION ( 'NONE', 'NONE', #2836,  #668 ) ;
#6699 = DIRECTION ( 'NONE',  ( 0.000000000000000000, 0.000000000000000000, 1.000000000000000000 ) ) ;
#6700 = CARTESIAN_POINT ( 'NONE',  ( 5.676582343749999815, -9.203125001706990105, 0.000000000000000000 ) ) ;
#6701 = CARTESIAN_POINT ( 'NONE',  ( 0.000000000000000000, 0.000000000000000000, 0.000000000000000000 ) ) ;
#6702 = SURFACE_STYLE_FILL_AREA ( #2411 ) ;
#6703 = CARTESIAN_POINT ( 'NONE',  ( 2.351317394708899666, -0.6875000017069912150, 5.676582343750004256 ) ) ;
#6704 = ORIENTED_EDGE ( 'NONE', *, *, #1898, .T. ) ;
#6705 = CYLINDRICAL_SURFACE ( 'NONE', #7333, 5.000000000000000000 ) ;
#6706 = CARTESIAN_POINT ( 'NONE',  ( 4.999999999999984901, -3.578125000000012434, 2.071067811865470620 ) ) ;
#6707 = CARTESIAN_POINT ( 'NONE',  ( -1.548040796810838282, 0.1473924956116252072, -7.999975764964846192 ) ) ;
#6708 = CARTESIAN_POINT ( 'NONE',  ( 0.8499999999999999778, -15.00000000000000000, 0.09724318643354600000 ) ) ;
#6709 = B_SPLINE_CURVE_WITH_KNOTS ( 'NONE', 3,
 ( #4522, #7425, #5632, #2035, #2723, #5553, #136, #183, #1454, #4419, #6807, #6852, #1412, #5106, #3836, #3878, #859, #6291, #895 ),
 .UNSPECIFIED., .F., .F.,
 ( 4, 2, 1, 2, 2, 2, 1, 1, 2, 2, 4 ),
 ( 0.000000000000000000, 0.1249999999999986122, 0.1874999999999981404, 0.2187499999999977518, 0.2499999999999973910, 0.3749999999999961697, 0.4374999999999955591, 0.4687499999999952816, 0.4843749999999950595, 0.4999999999999947820, 1.000000000000000000 ),
 .UNSPECIFIED. ) ;
#6710 = VECTOR ( 'NONE', #4895, 1000.000000000000000 ) ;
#6711 = CARTESIAN_POINT ( 'NONE',  ( 3.061616997868385113E-16, -8.500000003413980210, -5.000000000000000000 ) ) ;
#6712 = CARTESIAN_POINT ( 'NONE',  ( -5.000000000000000000, -2.875000000000000000, -6.123233995736771213E-16 ) ) ;
#6713 = CARTESIAN_POINT ( 'NONE',  ( 2.351317394708899666, -9.125000001706995434, -5.676582343750006032 ) ) ;
#6714 = EDGE_LOOP ( 'NONE', ( #5245, #4088, #3739, #1364 ) ) ;
#6715 = FACE_OUTER_BOUND ( 'NONE', #6943, .T. ) ;
#6716 = CARTESIAN_POINT ( 'NONE',  ( -1.850371367535971423, 1.284416036302521436, 48.71800140799676626 ) ) ;
#6717 = SURFACE_SIDE_STYLE ('',( #6757 ) ) ;
#6718 = PLANE ( 'NONE',  #6355 ) ;
#6719 = EDGE_LOOP ( 'NONE', ( #4623, #2126 ) ) ;
#6720 = CARTESIAN_POINT ( 'NONE',  ( 1.102182695578308502, 3.959162185626680319, 69.25370984605451952 ) ) ;
#6721 = CARTESIAN_POINT ( 'NONE',  ( 0.7660046638992296097, -2.749999999999999112, 42.31832445289803957 ) ) ;
#6722 = CARTESIAN_POINT ( 'NONE',  ( -2.351317394708905439, -10.84375000170699010, 5.676582343750006032 ) ) ;
#6723 = CARTESIAN_POINT ( 'NONE',  ( -1.833896297450940072, -3.292968841687144987, 69.41305310557808639 ) ) ;
#6724 = CARTESIAN_POINT ( 'NONE',  ( -0.2390390980536354903, 0.7937032206609649920, 48.55009349266310181 ) ) ;
#6725 = CARTESIAN_POINT ( 'NONE',  ( 2.147420142115969988, -3.613021264067779903, 69.19698400792050563 ) ) ;
#6726 = CARTESIAN_POINT ( 'NONE',  ( 4.656721035704888045, 6.394364215386037037E-15, -1.935389964441527333 ) ) ;
#6727 = CARTESIAN_POINT ( 'NONE',  ( 4.752294471060569236, -2.655351122369519785E-16, -1.554251350434405099 ) ) ;
#6728 = CARTESIAN_POINT ( 'NONE',  ( -2.686429576163989807, -0.1257186743705802079, 49.61960889562447363 ) ) ;
#6729 =( LENGTH_UNIT ( ) NAMED_UNIT ( * ) SI_UNIT ( .MILLI., .METRE. ) );
#6730 = CARTESIAN_POINT ( 'NONE',  ( -3.535533905932735088, -0.8437500034139829852, -3.535533905932739973 ) ) ;
#6731 = STYLED_ITEM ( 'NONE', ( #3615 ), #4294 ) ;
#6732 = CARTESIAN_POINT ( 'NONE',  ( 0.9989419044372978007, 4.337910805979751316, 8.000117149999509181 ) ) ;
#6733 = CARTESIAN_POINT ( 'NONE',  ( -1.042771259605471878E-15, -7.171875001706990105, 5.676582343749999815 ) ) ;
#6734 = CARTESIAN_POINT ( 'NONE',  ( 15.17998707911191936, 1.375000000000000222, -65.48512825965231343 ) ) ;
#6735 = CARTESIAN_POINT ( 'NONE',  ( 2.351317394708899666, -4.125000001706988328, -5.676582343750006032 ) ) ;
#6736 = CARTESIAN_POINT ( 'NONE',  ( -5.676582343750006032, -1.156250001706991215, 2.351317394708899666 ) ) ;
#6737 = DIRECTION ( 'NONE',  ( 0.000000000000000000, 0.000000000000000000, 1.000000000000000000 ) ) ;
#6738 = EDGE_CURVE ( 'NONE', #6305, #526, #1855, .T. ) ;
#6739 = COLOUR_RGB ( '',0.2509803921568627416, 0.2509803921568627416, 0.2509803921568627416 ) ;
#6740 = SURFACE_STYLE_USAGE ( .BOTH. , #6859 ) ;
#6741 = CARTESIAN_POINT ( 'NONE',  ( -1.750000000000000000, 0.000000000000000000, 5.895761189193470031 ) ) ;
#6742 = CARTESIAN_POINT ( 'NONE',  ( 5.676582343750006032, -8.031250001706993658, 2.351317394708905439 ) ) ;
#6743 =( NAMED_UNIT ( * ) SI_UNIT ( $, .STERADIAN. ) SOLID_ANGLE_UNIT ( ) );
#6744 = B_SPLINE_CURVE_WITH_KNOTS ( 'NONE', 3,
 ( #1482, #5058, #6324, #928 ),
 .UNSPECIFIED., .F., .F.,
 ( 4, 4 ),
 ( 0.000000000000000000, 1.000000000000000000 ),
 .UNSPECIFIED. ) ;
#6745 = CARTESIAN_POINT ( 'NONE',  ( -3.497888140823230074, -0.7310851212299321888, 50.74209187779612051 ) ) ;
#6746 = CARTESIAN_POINT ( 'NONE',  ( -2.351317394708899666, -3.812500001706990993, -5.676582343750004256 ) ) ;
#6747 = ORIENTED_EDGE ( 'NONE', *, *, #71, .T. ) ;
#6748 =( LENGTH_UNIT ( ) NAMED_UNIT ( * ) SI_UNIT ( .MILLI., .METRE. ) );
#6749 = CARTESIAN_POINT ( 'NONE',  ( -2.071067811865461739, -4.671875003413984651, -5.000000000000021316 ) ) ;
#6750 = CARTESIAN_POINT ( 'NONE',  ( 5.000000000000000000, -12.56250000341398021, 0.000000000000000000 ) ) ;
#6751 = CARTESIAN_POINT ( 'NONE',  ( 3.061616997868385113E-16, -1.937500000000000000, -5.000000000000000000 ) ) ;
#6752 = CARTESIAN_POINT ( 'NONE',  ( -2.071067811865467512, -5.921875003413993532, -5.000000000000011546 ) ) ;
#6753 = CARTESIAN_POINT ( 'NONE',  ( -4.013949869229449519, -11.39062500170700076, -4.013949869229449519 ) ) ;
#6754 = ORIENTED_EDGE ( 'NONE', *, *, #6940, .F. ) ;
#6755 = CARTESIAN_POINT ( 'NONE',  ( 0.08716335948702604031, 1.146930457427418837, 49.78818346301725484 ) ) ;
#6756 = MANIFOLD_SURFACE_SHAPE_REPRESENTATION ( '', ( #2185, #2581 ), #4343 ) ;
#6757 = SURFACE_STYLE_FILL_AREA ( #7303 ) ;
#6758 = CARTESIAN_POINT ( 'NONE',  ( 3.750651387404325021, 1.916336137257149999E-14, 69.10997541823309120 ) ) ;
#6759 = ORIENTED_EDGE ( 'NONE', *, *, #6219, .F. ) ;
#6760 = CARTESIAN_POINT ( 'NONE',  ( 0.4040379073835926316, 4.015188307530324074, 69.29159869932942684 ) ) ;
#6761 = CARTESIAN_POINT ( 'NONE',  ( 11.16227881057209714, -2.749999999999999112, 20.43400127884240547 ) ) ;
#6762 = DIRECTION ( 'NONE',  ( 0.000000000000000000, 1.000000000000000000, 0.000000000000000000 ) ) ;
#6763 = CARTESIAN_POINT ( 'NONE',  ( 3.061616997868385113E-16, -7.250000003413980210, -5.000000000000000000 ) ) ;
#6764 =( NAMED_UNIT ( * ) PLANE_ANGLE_UNIT ( ) SI_UNIT ( $, .RADIAN. ) );
#6765 = EDGE_CURVE ( 'NONE', #3705, #2923, #6838, .T. ) ;
#6766 = DIRECTION ( 'NONE',  ( 0.000000000000000000, 0.000000000000000000, -1.000000000000000000 ) ) ;
#6767 = CARTESIAN_POINT ( 'NONE',  ( -9.184850993605149917E-16, -1.625000003413984873, 5.000000000000000000 ) ) ;
#6768 = CARTESIAN_POINT ( 'NONE',  ( -2.605857423724845301, -0.5587990681434878981, 48.79214509122189725 ) ) ;
#6769 = UNCERTAINTY_MEASURE_WITH_UNIT (LENGTH_MEASURE( 1.000000000000000082E-05 ), #6264, 'distance_accuracy_value', 'NONE');
#6770 = CARTESIAN_POINT ( 'NONE',  ( -2.351317394708899666, -5.218750001706989217, -5.676582343750004256 ) ) ;
#6771 = CARTESIAN_POINT ( 'NONE',  ( 14.30752390199001489, 1.201456283987105467, -65.48512825965227080 ) ) ;
#6772 = CARTESIAN_POINT ( 'NONE',  ( 2.351317394708899666, -2.093750001706989661, 5.676582343750006032 ) ) ;
#6773 = CARTESIAN_POINT ( 'NONE',  ( -5.681621854682399331, -0.04535793620746883525, -1.837482437569391669 ) ) ;
#6774 = CARTESIAN_POINT ( 'NONE',  ( 6.135081942994512261, 4.246397672915501076, -5.373875539670850188 ) ) ;
#6775 = B_SPLINE_CURVE_WITH_KNOTS ( 'NONE', 1,
 ( #3603, #3686 ),
 .UNSPECIFIED., .F., .F.,
 ( 2, 2 ),
 ( 0.000000000000000000, 1.000000000000000000 ),
 .UNSPECIFIED. ) ;
#6776 = MECHANICAL_DESIGN_GEOMETRIC_PRESENTATION_REPRESENTATION (  '', ( #4752 ), #725 ) ;
#6777 = CARTESIAN_POINT ( 'NONE',  ( -2.720525334540098594, 0.01877824411149009096, 48.80357058840178297 ) ) ;
#6778 = COLOUR_RGB ( '',0.2509803921568627416, 0.2509803921568627416, 0.2509803921568627416 ) ;
#6779 = CARTESIAN_POINT ( 'NONE',  ( 5.676582343750006032, -6.781250001706992769, 2.351317394708905439 ) ) ;
#6780 = CARTESIAN_POINT ( 'NONE',  ( 2.042976114296334966, 6.161142665431478987E-16, 36.73125515601589797 ) ) ;
#6781 = CARTESIAN_POINT ( 'NONE',  ( -2.999636436336669210, -1.550130569682500070, 50.67047338722937866 ) ) ;
#6782 = MECHANICAL_DESIGN_GEOMETRIC_PRESENTATION_REPRESENTATION (  '', ( #4277 ), #6405 ) ;
#6783 = ORIENTED_EDGE ( 'NONE', *, *, #6062, .T. ) ;
#6784 = FACE_OUTER_BOUND ( 'NONE', #2025, .T. ) ;
#6785 =( LENGTH_UNIT ( ) NAMED_UNIT ( * ) SI_UNIT ( .MILLI., .METRE. ) );
#6786 = CARTESIAN_POINT ( 'NONE',  ( -2.071067811865475949, -5.453125003413981986, 4.999999999999994671 ) ) ;
#6787 = CARTESIAN_POINT ( 'NONE',  ( -5.004438860063345373, -0.4359829345004772039, -1.618475982817796144 ) ) ;
#6788 = CARTESIAN_POINT ( 'NONE',  ( 5.676582343749999815, -12.95312500170700076, 0.000000000000000000 ) ) ;
#6789 = CARTESIAN_POINT ( 'NONE',  ( 5.676582343749999815, -6.859375001706989217, 0.000000000000000000 ) ) ;
#6790 = ORIENTED_EDGE ( 'NONE', *, *, #4139, .T. ) ;
#6791 = STYLED_ITEM ( 'NONE', ( #214 ), #5492 ) ;
#6792 = ADVANCED_FACE ( 'NONE', ( #1559 ), #1070, .T. ) ;
#6793 = EDGE_LOOP ( 'NONE', ( #6916, #4094 ) ) ;
#6794 = CARTESIAN_POINT ( 'NONE',  ( 2.043590406129435433, 5.845843153811149118E-16, 59.10006990813900529 ) ) ;
#6795 = CARTESIAN_POINT ( 'NONE',  ( -1.554118618155646780, 1.361495473581019411, 48.68790536017154835 ) ) ;
#6796 = AXIS2_PLACEMENT_3D ( 'NONE', #3846, #194, #6229 ) ;
#6797 = CARTESIAN_POINT ( 'NONE',  ( -1.548040796807432562, 4.252607504388926429, 7.999975764964933234 ) ) ;
#6798 = CYLINDRICAL_SURFACE ( 'NONE', #3734, 3.000000000000095479 ) ;
#6799 = STYLED_ITEM ( 'NONE', ( #2146 ), #1341 ) ;
#6800 = VERTEX_POINT ( 'NONE', #4693 ) ;
#6801 = CARTESIAN_POINT ( 'NONE',  ( -7.331655873827116032, 4.369481020902040491, 3.301194603076836653 ) ) ;
#6802 = FILL_AREA_STYLE ('',( #4333 ) ) ;
#6803 = SURFACE_STYLE_FILL_AREA ( #2430 ) ;
#6804 = CARTESIAN_POINT ( 'NONE',  ( 3.535533905932714660, -0.8437500000000159872, -3.535533905932714660 ) ) ;
#6805 = CARTESIAN_POINT ( 'NONE',  ( 0.002203341422753706761, 0.2972708556446062023, 49.23146339465112931 ) ) ;
#6806 = CARTESIAN_POINT ( 'NONE',  ( 13.62500000000000000, 3.533254742261115176E-16, -65.48512825965229922 ) ) ;
#6807 = CARTESIAN_POINT ( 'NONE',  ( 7.868276799546344513, 4.182578632194054791, 2.371785952719497104 ) ) ;
#6808 = DIRECTION ( 'NONE',  ( 0.000000000000000000, 0.000000000000000000, 1.000000000000000000 ) ) ;
#6809 = CONICAL_SURFACE ( 'NONE', #2026, 8.000000000000000000, 0.7853981633974503884 ) ;
#6810 = SURFACE_STYLE_FILL_AREA ( #3717 ) ;
#6811 = CARTESIAN_POINT ( 'NONE',  ( -5.000000000000005329, -0.6093750034139836513, 2.071067811865475949 ) ) ;
#6812 = CARTESIAN_POINT ( 'NONE',  ( -0.3461435362683648598, 2.923671889522018841, 69.33231162181868967 ) ) ;
#6813 = COLOUR_RGB ( '',0.2509803921568627416, 0.2509803921568627416, 0.2509803921568627416 ) ;
#6814 = CARTESIAN_POINT ( 'NONE',  ( -4.013949869229449519, -6.078125001706990105, 4.013949869229449519 ) ) ;
#6815 = CARTESIAN_POINT ( 'NONE',  ( 13.79854371601289387, 0.6924760980099875507, -65.48512825965228501 ) ) ;
#6816 = CARTESIAN_POINT ( 'NONE',  ( 2.351317394708899666, -5.375000001706988328, -5.676582343750006032 ) ) ;
#6817 = CARTESIAN_POINT ( 'NONE',  ( -7.691355999494539297, 0.06303783374811190721, -2.419880514577674724 ) ) ;
#6818 = CARTESIAN_POINT ( 'NONE',  ( 2.700952634011109854, 3.292968841687144987, 69.16694337491290412 ) ) ;
#6819 = CARTESIAN_POINT ( 'NONE',  ( -7.747287159339999896, 4.273905159329275172, -2.452172384770535007 ) ) ;
#6820 = ORIENTED_EDGE ( 'NONE', *, *, #137, .T. ) ;
#6821 = DIRECTION ( 'NONE',  ( 0.05419102103501098611, 3.049698635436430871E-16, 0.9985305870323567534 ) ) ;
#6822 = CARTESIAN_POINT ( 'NONE',  ( 4.013949869229449519, -8.109375001706990105, 4.013949869229449519 ) ) ;
#6823 = DIRECTION ( 'NONE',  ( 0.000000000000000000, 0.000000000000000000, 1.000000000000000000 ) ) ;
#6824 =( BOUNDED_CURVE ( )  B_SPLINE_CURVE ( 2, ( #7049, #6491, #3516, #2777, #501, #3969, #7712, #5158, #954 ),
 .UNSPECIFIED., .F., .F. ) 
 B_SPLINE_CURVE_WITH_KNOTS ( ( 3, 2, 2, 2, 3 ),
 ( 0.2268680472592145003, 0.2307789179890570030, 0.2346897887188990062, 0.2386006594487414811, 0.2425115301785835120 ),
 .UNSPECIFIED. ) 
 CURVE ( )  GEOMETRIC_REPRESENTATION_ITEM ( )  RATIONAL_B_SPLINE_CURVE ( ( 1.000000000000053957, 0.9238795325112318935, 1.000000000000000000, 0.9238795325112869605, 1.000000000000000000, 0.9238795325112869605, 1.000000000000000000, 0.9238795325115729540, 0.9999999999997140065 ) ) 
 REPRESENTATION_ITEM ( '' )  );
#6825 = CARTESIAN_POINT ( 'NONE',  ( 2.700952634011109854, 3.292968841687144987, 69.16694337491290412 ) ) ;
#6826 = STYLED_ITEM ( 'NONE', ( #5054 ), #993 ) ;
#6827 = PRESENTATION_LAYER_ASSIGNMENT (  '', '', ( #5821 ) ) ;
#6828 = ORIENTED_EDGE ( 'NONE', *, *, #7064, .T. ) ;
#6829 = CARTESIAN_POINT ( 'NONE',  ( 2.580521545309171660, -3.495145553417032591, 71.67715820079077105 ) ) ;
#6830 = DIRECTION ( 'NONE',  ( 0.000000000000000000, 1.000000000000000000, 0.000000000000000000 ) ) ;
#6831 = STYLED_ITEM ( 'NONE', ( #4228 ), #1485 ) ;
#6832 = CARTESIAN_POINT ( 'NONE',  ( -5.000000000000000000, -4.437500003413984651, -6.123233995736771213E-16 ) ) ;
#6833 = MECHANICAL_DESIGN_GEOMETRIC_PRESENTATION_REPRESENTATION (  '', ( #6082 ), #1555 ) ;
#6834 = CARTESIAN_POINT ( 'NONE',  ( 5.000000000000000000, -3.500000000000000000, 0.000000000000000000 ) ) ;
#6835 = CARTESIAN_POINT ( 'NONE',  ( 2.351317394708899666, -10.68750000170698833, 5.676582343750004256 ) ) ;
#6836 = ADVANCED_FACE ( 'NONE', ( #7020 ), #2137, .F. ) ;
#6837 = VERTEX_POINT ( 'NONE', #4041 ) ;
#6838 =( BOUNDED_CURVE ( )  B_SPLINE_CURVE ( 2, ( #468, #6464, #995, #6394, #6953, #4006, #3525, #4615, #2213 ),
 .UNSPECIFIED., .F., .F. ) 
 B_SPLINE_CURVE_WITH_KNOTS ( ( 3, 2, 2, 2, 3 ),
 ( 0.4318181818181820453, 0.4431818181818180102, 0.4545454545454550299, 0.4659090909090910504, 0.4772727272727270154 ),
 .UNSPECIFIED. ) 
 CURVE ( )  GEOMETRIC_REPRESENTATION_ITEM ( )  RATIONAL_B_SPLINE_CURVE ( ( 1.000000000000000000, 0.9238795325112859613, 1.000000000000000000, 0.9238795325112869605, 1.000000000000000000, 0.9238795325112869605, 1.000000000000000000, 0.9238795325112869605, 1.000000000000000000 ) ) 
 REPRESENTATION_ITEM ( '' )  );
#6839 = CARTESIAN_POINT ( 'NONE',  ( 2.246693820822805776, -4.499999999999997335, 61.17982374665785983 ) ) ;
#6840 = CARTESIAN_POINT ( 'NONE',  ( 0.4227440915519928843, 0.5030719670478914773, 49.76082634630582646 ) ) ;
#6841 = CARTESIAN_POINT ( 'NONE',  ( 8.413408858487509359E-14, 4.400000000000000355, 8.000000000000000000 ) ) ;
#6842 = SURFACE_STYLE_FILL_AREA ( #7414 ) ;
#6843 = EDGE_LOOP ( 'NONE', ( #3497, #5881, #1323 ) ) ;
#6844 = COLOUR_RGB ( '',0.5019607843137254832, 0.5019607843137254832, 0.000000000000000000 ) ;
#6845 = CARTESIAN_POINT ( 'NONE',  ( 15.89819671117514943, 4.477253316603870700E-16, 3.478631175052494751 ) ) ;
#6846 = CARTESIAN_POINT ( 'NONE',  ( -5.676582343750006032, -7.250000001706996322, 2.351317394708899666 ) ) ;
#6847 = CARTESIAN_POINT ( 'NONE',  ( -2.466697232273471041, -2.855960654303985269, 69.44739569779838462 ) ) ;
#6848 = CARTESIAN_POINT ( 'NONE',  ( -2.555569228677625038, 0.6612175894701569634, 48.78715482317760177 ) ) ;
#6849 =( GEOMETRIC_REPRESENTATION_CONTEXT ( 3 ) GLOBAL_UNCERTAINTY_ASSIGNED_CONTEXT ( ( #6999 ) ) GLOBAL_UNIT_ASSIGNED_CONTEXT ( ( #5487, #115, #1899 ) ) REPRESENTATION_CONTEXT ( 'NONE', 'WORKASPACE' ) );
#6850 =( LENGTH_UNIT ( ) NAMED_UNIT ( * ) SI_UNIT ( .MILLI., .METRE. ) );
#6851 = DIRECTION ( 'NONE',  ( 0.000000000000000000, -1.000000000000000000, 0.000000000000000000 ) ) ;
#6852 = CARTESIAN_POINT ( 'NONE',  ( 7.941783137836718964, 4.148115431447312318, 2.244435237372983671 ) ) ;
#6853 = CARTESIAN_POINT ( 'NONE',  ( -2.350370087266519192, 0.7808190501866777433, 71.94476147269097055 ) ) ;
#6854 = CARTESIAN_POINT ( 'NONE',  ( -2.351317394708899666, -2.718750001706990105, -5.676582343750004256 ) ) ;
#6855 =( NAMED_UNIT ( * ) PLANE_ANGLE_UNIT ( ) SI_UNIT ( $, .RADIAN. ) );
#6856 = DIRECTION ( 'NONE',  ( 0.000000000000000000, -1.000000000000000000, 0.000000000000000000 ) ) ;
#6857 = CARTESIAN_POINT ( 'NONE',  ( -7.747287159340019436, 0.1260948406706866032, -2.452172384770545221 ) ) ;
#6858 = DIRECTION ( 'NONE',  ( 0.000000000000000000, 0.000000000000000000, 1.000000000000000000 ) ) ;
#6859 = SURFACE_SIDE_STYLE ('',( #4463 ) ) ;
#6860 = ORIENTED_EDGE ( 'NONE', *, *, #2749, .F. ) ;
#6861 = ADVANCED_BREP_SHAPE_REPRESENTATION ( '', ( #5380, #668 ), #6849 ) ;
#6862 = PLANE ( 'NONE',  #4560 ) ;
#6863 = CARTESIAN_POINT ( 'NONE',  ( -2.351317394708899666, -8.812500001706991881, -5.676582343750006032 ) ) ;
#6864 = ADVANCED_FACE ( 'NONE', ( #6430 ), #1032, .T. ) ;
#6865 = CARTESIAN_POINT ( 'NONE',  ( 0.8499999999999999778, -15.00000000000000000, -2.847243186433544793 ) ) ;
#6866 = CARTESIAN_POINT ( 'NONE',  ( 2.071067811864713004, -6.234374999999914735, 5.000000000001071143 ) ) ;
#6867 = ORIENTED_EDGE ( 'NONE', *, *, #96, .T. ) ;
#6868 = DIRECTION ( 'NONE',  ( 1.000000000000000000, 0.000000000000000000, 0.000000000000000000 ) ) ;
#6869 = CARTESIAN_POINT ( 'NONE',  ( 4.618802153516980091, 1.237604307033950191, -8.000000000000000000 ) ) ;
#6870 = EDGE_CURVE ( 'NONE', #4891, #2015, #4226, .T. ) ;
#6871 = CARTESIAN_POINT ( 'NONE',  ( -5.000000000000005329, -3.109375003413986871, 2.071067811865475949 ) ) ;
#6872 = CARTESIAN_POINT ( 'NONE',  ( -4.013949869229449519, -8.578125001706991881, 4.013949869229449519 ) ) ;
#6873 = CARTESIAN_POINT ( 'NONE',  ( -5.676582343750004256, -11.15625000170699366, -2.351317394708899666 ) ) ;
#6874 = VERTEX_POINT ( 'NONE', #2454 ) ;
#6875 = CARTESIAN_POINT ( 'NONE',  ( 4.230333777215284918, -2.622049124298944989, 69.08394268692370588 ) ) ;
#6876 = CARTESIAN_POINT ( 'NONE',  ( -3.615317081563005797, 0.08939442415500002681, 50.75914504978324260 ) ) ;
#6877 = LINE ( 'NONE', #2595, #936 ) ;
#6878 = DIRECTION ( 'NONE',  ( 0.000000000000000000, 1.000000000000000000, 0.000000000000000000 ) ) ;
#6879 = B_SPLINE_CURVE_WITH_KNOTS ( 'NONE', 3,
 ( #6935, #7041, #5193, #1648, #6380, #2846, #453, #4063, #1056, #3474, #6451, #7593, #3438, #7629, #1610, #2231, #3921, #2197, #5271, #4026, #3958 ),
 .UNSPECIFIED., .F., .F.,
 ( 4, 2, 2, 1, 1, 2, 2, 2, 1, 2, 2, 4 ),
 ( 0.000000000000000000, 0.2500000000000008327, 0.3750000000000012212, 0.4375000000000011102, 0.4687500000000008882, 0.4843750000000006661, 0.5000000000000004441, 0.6250000000000009992, 0.6875000000000012212, 0.7187500000000012212, 0.7500000000000011102, 1.000000000000000000 ),
 .UNSPECIFIED. ) ;
#6880 = VERTEX_POINT ( 'NONE', #593 ) ;
#6881 = CARTESIAN_POINT ( 'NONE',  ( 13.90972873837949209, 2.750000000000001776, 20.63402643463729547 ) ) ;
#6882 = ADVANCED_FACE ( 'NONE', ( #1311 ), #6705, .T. ) ;
#6883 = CARTESIAN_POINT ( 'NONE',  ( 0.8264045090076369560, -0.4246376827794106634, 50.19411863583417244 ) ) ;
#6884 = CARTESIAN_POINT ( 'NONE',  ( 5.676582343750006032, -9.281250001706995434, 2.351317394708905439 ) ) ;
#6885 = CARTESIAN_POINT ( 'NONE',  ( -5.000000000000005329, -10.45312500000000533, -2.071067811865475949 ) ) ;
#6886 = EDGE_CURVE ( 'NONE', #6437, #2188, #633, .T. ) ;
#6887 = CARTESIAN_POINT ( 'NONE',  ( -2.140824139519884817, 1.128019682397171985, 48.74606832985139704 ) ) ;
#6888 = CARTESIAN_POINT ( 'NONE',  ( -3.560594179849344787, 6.496190162766541038E-17, 69.50676232438560476 ) ) ;
#6889 = CARTESIAN_POINT ( 'NONE',  ( 15.69247609800998156, -1.201456283987106355, -65.48512825965231343 ) ) ;
#6890 = CARTESIAN_POINT ( 'NONE',  ( -2.422461429239342046, 2.818162438463232444, 69.44499498682984040 ) ) ;
#6891 = CARTESIAN_POINT ( 'NONE',  ( 0.2316260859676101680, -0.9641517073167565899, 49.79368351752503230 ) ) ;
#6892 = CARTESIAN_POINT ( 'NONE',  ( 2.700952634011109854, 3.292968841687144987, 69.16694337491290412 ) ) ;
#6893 = CARTESIAN_POINT ( 'NONE',  ( 2.071067811865461739, -1.546875003413984651, 5.000000000000011546 ) ) ;
#6894 = VECTOR ( 'NONE', #2654, 1000.000000000000000 ) ;
#6895 = CARTESIAN_POINT ( 'NONE',  ( 2.278416970848192946, 4.081910069091962967, 7.999999902073118285 ) ) ;
#6896 = CARTESIAN_POINT ( 'NONE',  ( 5.676582343750004256, -4.281250001706990105, -2.351317394708899666 ) ) ;
#6897 = CARTESIAN_POINT ( 'NONE',  ( -1.699999999999999956, -15.00000000000000000, 0.000000000000000000 ) ) ;
#6898 = CARTESIAN_POINT ( 'NONE',  ( -2.071067811865567876, -5.140624999999876543, 5.000000000000211386 ) ) ;
#6899 = DIRECTION ( 'NONE',  ( 0.000000000000000000, 0.000000000000000000, 1.000000000000000000 ) ) ;
#6900 = CARTESIAN_POINT ( 'NONE',  ( 3.535533905932735088, -3.968750003413985095, 3.535533905932739973 ) ) ;
#6901 = EDGE_CURVE ( 'NONE', #6125, #796, #1488, .T. ) ;
#6902 = CARTESIAN_POINT ( 'NONE',  ( 5.005655359771147062, 3.549248899220240006, -7.329950591696785089 ) ) ;
#6903 = ORIENTED_EDGE ( 'NONE', *, *, #3813, .T. ) ;
#6904 = ADVANCED_FACE ( 'NONE', ( #6909 ), #5571, .T. ) ;
#6905 = CARTESIAN_POINT ( 'NONE',  ( 5.676582343749999815, -0.4531250017069909930, 0.000000000000000000 ) ) ;
#6906 = FACE_OUTER_BOUND ( 'NONE', #6843, .T. ) ;
#6907 = CARTESIAN_POINT ( 'NONE',  ( 3.535533905932894516, -5.843749999999870326, -3.535533905932894516 ) ) ;
#6908 = ORIENTED_EDGE ( 'NONE', *, *, #1309, .T. ) ;
#6909 = FACE_OUTER_BOUND ( 'NONE', #4800, .T. ) ;
#6910 = SURFACE_STYLE_USAGE ( .BOTH. , #3340 ) ;
#6911 =( LENGTH_UNIT ( ) NAMED_UNIT ( * ) SI_UNIT ( .MILLI., .METRE. ) );
#6912 = CIRCLE ( 'NONE', #5386, 38.00000000000000000 ) ;
#6913 = CARTESIAN_POINT ( 'NONE',  ( -5.000000000000005329, -6.859375003413985539, 2.071067811865475949 ) ) ;
#6914 = CARTESIAN_POINT ( 'NONE',  ( -5.676582343750006032, -10.06250000170699543, -2.351317394708899666 ) ) ;
#6915 = DIRECTION ( 'NONE',  ( 5.627682551812640154E-15, -1.000000000000000000, 0.000000000000000000 ) ) ;
#6916 = ORIENTED_EDGE ( 'NONE', *, *, #1351, .F. ) ;
#6917 = CARTESIAN_POINT ( 'NONE',  ( 7.924931380334308884, 4.157591420573099938, -2.273547653057416351 ) ) ;
#6918 = CARTESIAN_POINT ( 'NONE',  ( -1.304636953235248642, 4.294462701458477305, 7.999997593145719676 ) ) ;
#6919 = ORIENTED_EDGE ( 'NONE', *, *, #3776, .T. ) ;
#6920 = CARTESIAN_POINT ( 'NONE',  ( -1.334703233828019808, -2.253542886347734697, 51.19204315165330144 ) ) ;
#6921 = EDGE_CURVE ( 'NONE', #4050, #7613, #2725, .T. ) ;
#6922 = CARTESIAN_POINT ( 'NONE',  ( -1.042771259605471878E-15, -8.265625001706990105, 5.676582343749999815 ) ) ;
#6923 = CARTESIAN_POINT ( 'NONE',  ( -2.588666471896172716, 0.5041391176130657348, 49.60493767250274288 ) ) ;
#6924 = VECTOR ( 'NONE', #1170, 1000.000000000000000 ) ;
#6925 = CARTESIAN_POINT ( 'NONE',  ( 2.071067811876051934, -2.015625000000585754, -4.999999999989370281 ) ) ;
#6926 = DIRECTION ( 'NONE',  ( 0.05419102103501078488, 0.000000000000000000, 0.9985305870323567534 ) ) ;
#6927 = MECHANICAL_DESIGN_GEOMETRIC_PRESENTATION_REPRESENTATION (  '', ( #5545 ), #1010 ) ;
#6928 = CARTESIAN_POINT ( 'NONE',  ( -1.762998438790459810, -1.315286125434844022, 48.70854415604040355 ) ) ;
#6929 = UNCERTAINTY_MEASURE_WITH_UNIT (LENGTH_MEASURE( 1.000000000000000082E-05 ), #7795, 'distance_accuracy_value', 'NONE');
#6930 = CARTESIAN_POINT ( 'NONE',  ( -3.535533905932735088, -8.343750003413980210, -3.535533905932739973 ) ) ;
#6931 = CARTESIAN_POINT ( 'NONE',  ( 2.327765748951932778, 4.068257533823403271, 8.000000085515127424 ) ) ;
#6932 = CARTESIAN_POINT ( 'NONE',  ( 5.676582343750004256, -1.781250001706992547, -2.351317394708899666 ) ) ;
#6933 = LINE ( 'NONE', #7516, #350 ) ;
#6934 = CARTESIAN_POINT ( 'NONE',  ( 13.62500000000000000, 3.533254742261115176E-16, 0.000000000000000000 ) ) ;
#6935 = CARTESIAN_POINT ( 'NONE',  ( -4.618802153516930353, 1.237604307033950191, 8.000000000000000000 ) ) ;
#6936 = AXIS2_PLACEMENT_3D ( 'NONE', #1567, #2721, #218 ) ;
#6937 = UNCERTAINTY_MEASURE_WITH_UNIT (LENGTH_MEASURE( 1.000000000000000082E-05 ), #1799, 'distance_accuracy_value', 'NONE');
#6938 = COLOUR_RGB ( '',0.2509803921568627416, 0.2509803921568627416, 0.2509803921568627416 ) ;
#6939 = CARTESIAN_POINT ( 'NONE',  ( -5.676582343750006032, -2.250000001706990549, 2.351317394708899666 ) ) ;
#6940 = EDGE_CURVE ( 'NONE', #3781, #670, #7311, .T. ) ;
#6941 = B_SPLINE_CURVE_WITH_KNOTS ( 'NONE', 3,
 ( #6334, #3352, #331, #2757, #5139, #7546, #2302, #1748, #4667, #5339, #4091, #5222, #4017, #6407, #2261, #7145, #406, #4171, #3587 ),
 .UNSPECIFIED., .F., .F.,
 ( 4, 2, 1, 2, 2, 2, 1, 1, 2, 2, 4 ),
 ( 0.000000000000000000, 0.1250000000000007494, 0.1875000000000008882, 0.2187500000000008604, 0.2500000000000008327, 0.3750000000000006106, 0.4375000000000006106, 0.4687500000000007772, 0.4843750000000008882, 0.5000000000000009992, 1.000000000000000000 ),
 .UNSPECIFIED. ) ;
#6942 = VERTEX_POINT ( 'NONE', #7447 ) ;
#6943 = EDGE_LOOP ( 'NONE', ( #4318, #4669, #3626, #460 ) ) ;
#6944 = CARTESIAN_POINT ( 'NONE',  ( -9.184850993605149917E-16, -11.62500000341399975, 5.000000000000000000 ) ) ;
#6945 = CARTESIAN_POINT ( 'NONE',  ( 0.000000000000000000, 0.000000000000000000, 0.000000000000000000 ) ) ;
#6946 =( GEOMETRIC_REPRESENTATION_CONTEXT ( 3 ) GLOBAL_UNCERTAINTY_ASSIGNED_CONTEXT ( ( #7007 ) ) GLOBAL_UNIT_ASSIGNED_CONTEXT ( ( #5474, #1134, #1298 ) ) REPRESENTATION_CONTEXT ( 'NONE', 'WORKASPACE' ) );
#6947 = CARTESIAN_POINT ( 'NONE',  ( 3.535533905932735088, -6.468750003413979321, 3.535533905932739973 ) ) ;
#6948 = AXIS2_PLACEMENT_3D ( 'NONE', #5081, #6821, #1425 ) ;
#6949 = CARTESIAN_POINT ( 'NONE',  ( 5.676582343750006032, -13.03125000170699010, -2.351317394708899666 ) ) ;
#6950 = CARTESIAN_POINT ( 'NONE',  ( 3.475904198684909876E-16, -11.39062500170700076, -5.676582343749999815 ) ) ;
#6951 = PRESENTATION_LAYER_ASSIGNMENT (  '', '', ( #6831 ) ) ;
#6952 = ORIENTED_EDGE ( 'NONE', *, *, #6516, .F. ) ;
#6953 = CARTESIAN_POINT ( 'NONE',  ( 5.000000000000000000, -6.312500003413980210, 0.000000000000000000 ) ) ;
#6954 = CARTESIAN_POINT ( 'NONE',  ( -3.493994290559280014, 0.09670183853462201162, 51.57941721946340152 ) ) ;
#6955 = CARTESIAN_POINT ( 'NONE',  ( -2.404469298714640768, 4.046502722928740248, 8.000000144618898190 ) ) ;
#6956 = CARTESIAN_POINT ( 'NONE',  ( -1.963659830577149545, -2.558933895674168291, 61.40832286951997077 ) ) ;
#6957 = VERTEX_POINT ( 'NONE', #749 ) ;
#6958 = STYLED_ITEM ( 'NONE', ( #7319 ), #5197 ) ;
#6959 = CARTESIAN_POINT ( 'NONE',  ( 0.2900388933301670247, -0.8383463757695540641, 49.77159970251580035 ) ) ;
#6960 = CARTESIAN_POINT ( 'NONE',  ( -2.351317394708905439, -9.593750001706986552, 5.676582343750006032 ) ) ;
#6961 = CARTESIAN_POINT ( 'NONE',  ( -2.301308425380524714, 2.059750956289778223, 50.57243990247985010 ) ) ;
#6962 = CARTESIAN_POINT ( 'NONE',  ( -2.212085929099205206, 1.074201042912499737, 48.75312529676389772 ) ) ;
#6963 = CARTESIAN_POINT ( 'NONE',  ( 0.000000000000000000, -13.50000000000000000, 0.000000000000000000 ) ) ;
#6964 = MECHANICAL_DESIGN_GEOMETRIC_PRESENTATION_REPRESENTATION (  '', ( #3447 ), #4206 ) ;
#6965 = CARTESIAN_POINT ( 'NONE',  ( 14.64009665900598200, -1.339212430418932342, -65.48512825965229922 ) ) ;
#6966 = DIRECTION ( 'NONE',  ( -0.000000000000000000, 1.000000000000000000, 0.000000000000000000 ) ) ;
#6967 = CARTESIAN_POINT ( 'NONE',  ( -0.3685189562582069644, -0.9525421372209910142, 48.56433003197030729 ) ) ;
#6968 = CARTESIAN_POINT ( 'NONE',  ( 0.8499999999999999778, -15.00000000000000000, -0.09724318643354559755 ) ) ;
#6969 = DIRECTION ( 'NONE',  ( 0.000000000000000000, 1.000000000000000000, 0.000000000000000000 ) ) ;
#6970 = CARTESIAN_POINT ( 'NONE',  ( 2.271047652811056583, -2.402314104326690902, 69.19027464806752903 ) ) ;
#6971 = AXIS2_PLACEMENT_3D ( 'NONE', #209, #3304, #884 ) ;
#6972 = CARTESIAN_POINT ( 'NONE',  ( 15.00000000000000000, 4.094551191870319911E-16, 0.000000000000000000 ) ) ;
#6973 = CARTESIAN_POINT ( 'NONE',  ( 3.475904198684909876E-16, -0.1406250017069906044, -5.676582343749999815 ) ) ;
#6974 = EDGE_CURVE ( 'NONE', #5876, #4445, #7494, .T. ) ;
#6975 = ADVANCED_FACE ( 'NONE', ( #6194 ), #5008, .T. ) ;
#6976 = FILL_AREA_STYLE_COLOUR ( '', #7791 ) ;
#6977 = ORIENTED_EDGE ( 'NONE', *, *, #3375, .F. ) ;
#6978 = CARTESIAN_POINT ( 'NONE',  ( -5.627429104800156345, 0.4114794440226177685, -6.252888545103465923 ) ) ;
#6979 = CARTESIAN_POINT ( 'NONE',  ( -2.596045219518224201, 3.765510801160328932E-07, -4.961816842846818787 ) ) ;
#6980 = CARTESIAN_POINT ( 'NONE',  ( 1.514245761605875104E-11, -5.687500000000569322, -5.000000000000000000 ) ) ;
#6981 = CARTESIAN_POINT ( 'NONE',  ( 5.000000000000000000, -1.312500003413983984, 0.000000000000000000 ) ) ;
#6982 = CARTESIAN_POINT ( 'NONE',  ( -4.013949869229449519, -11.39062500170700076, -4.013949869229449519 ) ) ;
#6983 = CARTESIAN_POINT ( 'NONE',  ( -4.013949869229449519, -5.921875001706989217, 4.013949869229449519 ) ) ;
#6984 = VERTEX_POINT ( 'NONE', #3595 ) ;
#6985 = PRESENTATION_STYLE_ASSIGNMENT (( #4584 ) ) ;
#6986 = CARTESIAN_POINT ( 'NONE',  ( -3.314150846018440788, 1.142248583890476787, 50.71551753093527282 ) ) ;
#6987 = PRESENTATION_STYLE_ASSIGNMENT (( #3868 ) ) ;
#6988 = EDGE_LOOP ( 'NONE', ( #831, #4149, #960, #5060, #1705, #6128, #5125 ) ) ;
#6989 = CARTESIAN_POINT ( 'NONE',  ( 0.6846140525270776322, -0.8927783479303104119, 50.20946455101965000 ) ) ;
#6990 = CARTESIAN_POINT ( 'NONE',  ( -5.676582343749999815, -7.328125001706989217, -6.951808397369819752E-16 ) ) ;
#6991 = CARTESIAN_POINT ( 'NONE',  ( -2.071067811865475949, -12.64062500000001599, 4.999999999999994671 ) ) ;
#6992 = CARTESIAN_POINT ( 'NONE',  ( -2.467273983334036913, 1.511626806827577552, 50.13343760150499406 ) ) ;
#6993 = ORIENTED_EDGE ( 'NONE', *, *, #7405, .F. ) ;
#6994 = CARTESIAN_POINT ( 'NONE',  ( -1.208412091874782490, -2.249342863952767058, 51.16863899197125676 ) ) ;
#6995 = CARTESIAN_POINT ( 'NONE',  ( 1.402003253635813351, 4.278229760780459578, -7.999990179212925767 ) ) ;
#6996 = CARTESIAN_POINT ( 'NONE',  ( -2.071067811871567965, -8.109374999999682032, -4.999999999993875122 ) ) ;
#6997 = VERTEX_POINT ( 'NONE', #5126 ) ;
#6998 = CARTESIAN_POINT ( 'NONE',  ( -1.500092137635490097, -1.370175573571825955, 48.68222718337280241 ) ) ;
#6999 = UNCERTAINTY_MEASURE_WITH_UNIT (LENGTH_MEASURE( 1.000000000000000082E-05 ), #5487, 'distance_accuracy_value', 'NONE');
#7000 = CARTESIAN_POINT ( 'NONE',  ( -3.535533905932739973, -8.031250003413980210, 3.535533905932735088 ) ) ;
#7001 = CARTESIAN_POINT ( 'NONE',  ( 1.885116071230873436, 4.181437386384305732, 8.000015534977707787 ) ) ;
#7002 = CARTESIAN_POINT ( 'NONE',  ( 5.676582343750004256, -0.5312500017069906599, -2.351317394708899666 ) ) ;
#7003 = CARTESIAN_POINT ( 'NONE',  ( 3.112132827478704566, 0.8375932299496933187, 61.13285570779832767 ) ) ;
#7004 = EDGE_CURVE ( 'NONE', #467, #431, #2831, .T. ) ;
#7005 = CARTESIAN_POINT ( 'NONE',  ( 3.535533905932739973, -11.15625000341397843, -3.535533905932739973 ) ) ;
#7006 = AXIS2_PLACEMENT_3D ( 'NONE', #6701, #3805, #4394 ) ;
#7007 = UNCERTAINTY_MEASURE_WITH_UNIT (LENGTH_MEASURE( 1.000000000000000082E-05 ), #5474, 'distance_accuracy_value', 'NONE');
#7008 = FILL_AREA_STYLE_COLOUR ( '', #6327 ) ;
#7009 = CARTESIAN_POINT ( 'NONE',  ( -5.676582343749999815, -1.078125001706990105, -6.951808397369819752E-16 ) ) ;
#7010 = CARTESIAN_POINT ( 'NONE',  ( -3.715519077382675395, 2.622049124298944989, 63.00560497785689762 ) ) ;
#7011 = EDGE_CURVE ( 'NONE', #1638, #1698, #664, .T. ) ;
#7012 = SURFACE_STYLE_USAGE ( .BOTH. , #4538 ) ;
#7013 = VERTEX_POINT ( 'NONE', #1801 ) ;
#7014 = CARTESIAN_POINT ( 'NONE',  ( 0.000000000000000000, 4.400000000000000355, 0.000000000000000000 ) ) ;
#7015 = CARTESIAN_POINT ( 'NONE',  ( -3.106778935795995178, 0.07758522746874840781, 50.08979328888550953 ) ) ;
#7016 = CARTESIAN_POINT ( 'NONE',  ( 11.58413979377216307, 2.750000000000001776, 27.74508992422438070 ) ) ;
#7017 = CARTESIAN_POINT ( 'NONE',  ( -9.184850993605149917E-16, -1.625000003413984873, 5.000000000000000000 ) ) ;
#7018 = CARTESIAN_POINT ( 'NONE',  ( -2.351317394708905439, -9.593750001706986552, 5.676582343750004256 ) ) ;
#7019 = EDGE_LOOP ( 'NONE', ( #5317, #2125, #7032, #964 ) ) ;
#7020 = FACE_OUTER_BOUND ( 'NONE', #5689, .T. ) ;
#7021 = DIRECTION ( 'NONE',  ( 0.000000000000000000, 1.000000000000000000, 0.000000000000000000 ) ) ;
#7022 = LINE ( 'NONE', #3418, #1810 ) ;
#7023 = CARTESIAN_POINT ( 'NONE',  ( -2.792007792973620450, -1.611580737186866230, 61.45327794895116824 ) ) ;
#7024 = ORIENTED_EDGE ( 'NONE', *, *, #2887, .T. ) ;
#7025 = CARTESIAN_POINT ( 'NONE',  ( 0.8879078233384111174, -0.5359278380899948901, 50.76816910454970611 ) ) ;
#7026 = CARTESIAN_POINT ( 'NONE',  ( -2.351317394708905439, -0.8437500017069917702, 5.676582343750006032 ) ) ;
#7027 = CARTESIAN_POINT ( 'NONE',  ( 2.071067811865475949, -13.26562500000000000, -5.000000000000005329 ) ) ;
#7028 =( NAMED_UNIT ( * ) SI_UNIT ( $, .STERADIAN. ) SOLID_ANGLE_UNIT ( ) );
#7029 = VERTEX_POINT ( 'NONE', #6944 ) ;
#7030 = AXIS2_PLACEMENT_3D ( 'NONE', #4459, #4915, #1928 ) ;
#7031 = CARTESIAN_POINT ( 'NONE',  ( -1.241585212943461025, -2.250090769318568551, 51.17477082249531861 ) ) ;
#7032 = ORIENTED_EDGE ( 'NONE', *, *, #662, .T. ) ;
#7033 = CARTESIAN_POINT ( 'NONE',  ( 1.257827565093085687, 4.301874696491809758, -8.000000307008715339 ) ) ;
#7034 = CARTESIAN_POINT ( 'NONE',  ( 1.622392494147815167, 4.499999999999997335, 55.39408749507281726 ) ) ;
#7035 = ORIENTED_EDGE ( 'NONE', *, *, #5944, .F. ) ;
#7036 = CARTESIAN_POINT ( 'NONE',  ( 0.02337825862041438552, -1.249776653586702979, 49.81980226146770008 ) ) ;
#7037 =( LENGTH_UNIT ( ) NAMED_UNIT ( * ) SI_UNIT ( .MILLI., .METRE. ) );
#7038 = DIRECTION ( 'NONE',  ( 0.000000000000000000, 0.000000000000000000, 1.000000000000000000 ) ) ;
#7039 = COLOUR_RGB ( '',0.5019607843137254832, 0.5019607843137254832, 0.5019607843137254832 ) ;
#7040 = CARTESIAN_POINT ( 'NONE',  ( 3.353111314290588840, -0.7806986699325576540, 69.13155022299534380 ) ) ;
#7041 = CARTESIAN_POINT ( 'NONE',  ( -4.810925128890247926, 1.045481331660605750, 7.667233245352059079 ) ) ;
#7042 = MECHANICAL_DESIGN_GEOMETRIC_PRESENTATION_REPRESENTATION (  '', ( #6044 ), #7417 ) ;
#7043 = DIRECTION ( 'NONE',  ( 0.000000000000000000, 0.000000000000000000, 1.000000000000000000 ) ) ;
#7044 = CARTESIAN_POINT ( 'NONE',  ( -1.042771259605471878E-15, -4.515625001706989217, 5.676582343749999815 ) ) ;
#7045 = CIRCLE ( 'NONE', #7668, 8.000000000000000000 ) ;
#7046 = DIRECTION ( 'NONE',  ( 0.000000000000000000, -1.000000000000000000, 0.000000000000000000 ) ) ;
#7047 = PRODUCT_DEFINITION_SHAPE ( 'NONE', 'NONE',  #5226 ) ;
#7048 = ORIENTED_EDGE ( 'NONE', *, *, #6738, .F. ) ;
#7049 = CARTESIAN_POINT ( 'NONE',  ( 3.061616997868385113E-16, -4.437500000000000000, -5.000000000000000000 ) ) ;
#7050 = ORIENTED_EDGE ( 'NONE', *, *, #967, .F. ) ;
#7051 = CARTESIAN_POINT ( 'NONE',  ( -3.535533905932735088, -9.593750003413978433, -3.535533905932739973 ) ) ;
#7052 = PRESENTATION_LAYER_ASSIGNMENT (  '', '', ( #376 ) ) ;
#7053 =( LENGTH_UNIT ( ) NAMED_UNIT ( * ) SI_UNIT ( .MILLI., .METRE. ) );
#7054 = CARTESIAN_POINT ( 'NONE',  ( 1.270191908116035773, 2.750000000000001776, 58.17724522720961033 ) ) ;
#7055 =( GEOMETRIC_REPRESENTATION_CONTEXT ( 3 ) GLOBAL_UNCERTAINTY_ASSIGNED_CONTEXT ( ( #2682 ) ) GLOBAL_UNIT_ASSIGNED_CONTEXT ( ( #1627, #2858, #3903 ) ) REPRESENTATION_CONTEXT ( 'NONE', 'WORKASPACE' ) );
#7056 = CARTESIAN_POINT ( 'NONE',  ( 5.676582343749999815, -9.203125001706990105, 0.000000000000000000 ) ) ;
#7057 = ORIENTED_EDGE ( 'NONE', *, *, #7250, .T. ) ;
#7058 =( NAMED_UNIT ( * ) PLANE_ANGLE_UNIT ( ) SI_UNIT ( $, .RADIAN. ) );
#7059 = CARTESIAN_POINT ( 'NONE',  ( -2.155922707181884945, 1.597503287809719952, 49.99018663446670274 ) ) ;
#7060 =( NAMED_UNIT ( * ) SI_UNIT ( $, .STERADIAN. ) SOLID_ANGLE_UNIT ( ) );
#7061 = CARTESIAN_POINT ( 'NONE',  ( -1.620159601509584935, -2.225256384015520172, 51.24448188923179970 ) ) ;
#7062 = CARTESIAN_POINT ( 'NONE',  ( 5.676582343750006032, -4.281250001706990105, 2.351317394708905439 ) ) ;
#7063 = CARTESIAN_POINT ( 'NONE',  ( -9.184850993605149917E-16, -6.312500000000000000, 5.000000000000000000 ) ) ;
#7064 = EDGE_CURVE ( 'NONE', #4539, #1983, #1297, .T. ) ;
#7065 = CARTESIAN_POINT ( 'NONE',  ( 0.4995500457666098848, 3.200000000000002842, 62.77684994272532748 ) ) ;
#7066 = ORIENTED_EDGE ( 'NONE', *, *, #3813, .F. ) ;
#7067 =( GEOMETRIC_REPRESENTATION_CONTEXT ( 3 ) GLOBAL_UNCERTAINTY_ASSIGNED_CONTEXT ( ( #1505 ) ) GLOBAL_UNIT_ASSIGNED_CONTEXT ( ( #489, #758, #3737 ) ) REPRESENTATION_CONTEXT ( 'NONE', 'WORKASPACE' ) );
#7068 = CARTESIAN_POINT ( 'NONE',  ( -0.8402184968319523772, -1.749285598485737392, 49.86682041741105564 ) ) ;
#7069 =( GEOMETRIC_REPRESENTATION_CONTEXT ( 3 ) GLOBAL_UNCERTAINTY_ASSIGNED_CONTEXT ( ( #4185 ) ) GLOBAL_UNIT_ASSIGNED_CONTEXT ( ( #1913, #886, #2926 ) ) REPRESENTATION_CONTEXT ( 'NONE', 'WORKASPACE' ) );
#7070 = ORIENTED_EDGE ( 'NONE', *, *, #6505, .F. ) ;
#7071 = CARTESIAN_POINT ( 'NONE',  ( 0.005939587951499731081, -0.05714910627792550019, 48.52259809227380316 ) ) ;
#7072 = VERTEX_POINT ( 'NONE', #4263 ) ;
#7073 =( NAMED_UNIT ( * ) SI_UNIT ( $, .STERADIAN. ) SOLID_ANGLE_UNIT ( ) );
#7074 = PRODUCT_DEFINITION_CONTEXT ( 'detailed design', #1696, 'design' ) ;
#7075 = CARTESIAN_POINT ( 'NONE',  ( 6.123233995736771213E-16, -13.50000000000000000, -5.000000000000000000 ) ) ;
#7076 = CARTESIAN_POINT ( 'NONE',  ( -3.252927406880231409, -1.573238059706266512, 69.49006501257333923 ) ) ;
#7077 = LINE ( 'NONE', #7779, #6924 ) ;
#7078 =( BOUNDED_SURFACE ( )  B_SPLINE_SURFACE ( 3, 2, ( 
 ( #90, #2036, #2516 ),
 ( #4907, #6728, #6177 ),
 ( #3879, #6258, #1333 ),
 ( #7354, #730, #6768 ),
 ( #860, #3837, #5595 ),
 ( #5464, #3155, #52 ),
 ( #1371, #1958, #4381 ),
 ( #138, #2562, #3789 ),
 ( #184, #7387, #6220 ),
 ( #820, #3236, #5224 ),
 ( #4628, #2681, #5141 ),
 ( #2842, #4524, #1570 ),
 ( #1643, #4057, #6928 ),
 ( #5071, #262, #6410 ),
 ( #2150, #1532, #6998 ),
 ( #3949, #7624, #1012 ),
 ( #7472, #7550, #2075 ),
 ( #2802, #3987, #5184 ),
 ( #4562, #5107, #3354 ),
 ( #7510, #6445, #297 ),
 ( #3274, #3432, #6335 ),
 ( #4488, #6293, #896 ),
 ( #2724, #972, #4020 ),
 ( #7036, #5668, #6967 ),
 ( #6375, #3390, #5789 ),
 ( #6891, #1494, #409 ),
 ( #2189, #3914, #368 ),
 ( #2227, #939, #3316 ),
 ( #5712, #2108, #7586 ),
 ( #5826, #5752, #333 ),
 ( #1605, #2761, #4597 ),
 ( #4133, #5975, #568 ) ),
 .UNSPECIFIED., .F., .F., .F. ) 
 B_SPLINE_SURFACE_WITH_KNOTS ( ( 4, 2, 2, 2, 2, 2, 2, 2, 2, 2, 2, 2, 2, 2, 2, 4 ),
 ( 3, 3 ),
 ( 0.01054103178818970032, 0.01185866076171341980, 0.01251747524847529949, 0.01317628973523714102, 0.01383510422199899989, 0.01449391870876086050, 0.01515273319552270029, 0.01581154768228455049, 0.01647036216904645273, 0.01712917665580829946, 0.01778799114257014966, 0.01844680562933199985, 0.01910562011609385005, 0.01976443460285569678, 0.02042324908961755045, 0.02108206357637944922 ),
 ( 0.2628178079026545211, 1.000000000000000000 ),
 .UNSPECIFIED. ) 
 GEOMETRIC_REPRESENTATION_ITEM ( )  RATIONAL_B_SPLINE_SURFACE ( (
 ( 0.9482997109765860522, 0.9016423403041179396, 1.000000000000000000),
 ( 0.9482549576643789502, 0.9015571989802400044, 1.000000000000000000),
 ( 0.9484233395789739562, 0.9018775386024660001, 1.000000000000000000),
 ( 0.9489605180496600845, 0.9028994984060499940, 1.000000000000000000),
 ( 0.9491874400836459724, 0.9033312081821059936, 1.000000000000000000),
 ( 0.9497126231985499878, 0.9043303473178719853, 1.000000000000000000),
 ( 0.9500130469471260719, 0.9049018910632780077, 1.000000000000000000),
 ( 0.9506821333455330869, 0.9061748002389289347, 1.000000000000000000),
 ( 0.9510404064804479640, 0.9068564000471259767, 1.000000000000000000),
 ( 0.9517948481360660740, 0.9082916940662769667, 1.000000000000000000),
 ( 0.9521956898105369271, 0.9090542787588250517, 1.000000000000000000),
 ( 0.9530050769197739857, 0.9105941042289779075, 1.000000000000000000),
 ( 0.9534124530924900087, 0.9113691205339380375, 1.000000000000000000),
 ( 0.9542276996117230459, 0.9129200932890529918, 1.000000000000000000),
 ( 0.9546374667258690216, 0.9136996582611079942, 1.000000000000000000),
 ( 0.9554200064305119477, 0.9151884076553890024, 1.000000000000000000),
 ( 0.9557972522735760368, 0.9159061022554529918, 1.000000000000000000),
 ( 0.9565236685850230236, 0.9172880792174479270, 1.000000000000000000),
 ( 0.9568662778300099925, 0.9179398791234749666, 1.000000000000000000),
 ( 0.9574994061756330055, 0.9191443795922139559, 1.000000000000000000),
 ( 0.9577946619160280228, 0.9197060914159880252, 1.000000000000000000),
 ( 0.9583321947343320657, 0.9207287253512480563, 1.000000000000000000),
 ( 0.9585708143780879986, 0.9211826893456599441, 1.000000000000000000),
 ( 0.9589968404105480015, 0.9219931862367569675, 1.000000000000000000),
 ( 0.9591855403596689644, 0.9223521800785879909, 1.000000000000000000),
 ( 0.9595041155195389582, 0.9229582561325900825, 1.000000000000000000),
 ( 0.9596358461905919457, 0.9232088682811819824, 1.000000000000000000),
 ( 0.9598512551839379903, 0.9236186749740089574, 1.000000000000000000),
 ( 0.9599339050450860222, 0.9237759129134919256, 1.000000000000000000),
 ( 0.9600489443818679414, 0.9239947704895820069, 1.000000000000000000),
 ( 0.9600824824538389812, 0.9240585752831750321, 1.000000000000000000),
 ( 0.9600927061967379217, 0.9240780255308210789, 1.000000000000000000) ) ) 
 REPRESENTATION_ITEM ( '' )  SURFACE ( )  );
#7079 = CARTESIAN_POINT ( 'NONE',  ( -2.071067811853007257, -12.64062499999933387, 5.000000000012468249 ) ) ;
#7080 = STYLED_ITEM ( 'NONE', ( #7273 ), #7089 ) ;
#7081 = DIRECTION ( 'NONE',  ( 0.000000000000000000, 1.000000000000000000, 0.000000000000000000 ) ) ;
#7082 = CLOSED_SHELL ( 'NONE', ( #5120, #7698, #7452, #6904 ) ) ;
#7083 = CARTESIAN_POINT ( 'NONE',  ( 0.8499999999999999778, 0.000000000000000000, -0.09724318643354559755 ) ) ;
#7084 = CARTESIAN_POINT ( 'NONE',  ( 3.249488899538569786, -5.204668783579219352E-15, 62.12687286370698558 ) ) ;
#7085 = ORIENTED_EDGE ( 'NONE', *, *, #96, .F. ) ;
#7086 = CARTESIAN_POINT ( 'NONE',  ( -5.335076184676024624, 0.6111557969525305278, -6.759376732474497551 ) ) ;
#7087 = EDGE_LOOP ( 'NONE', ( #158, #2461, #4107, #3586 ) ) ;
#7088 = APPLICATION_PROTOCOL_DEFINITION ( 'draft international standard', 'automotive_design', 1998, #6644 ) ;
#7089 = ADVANCED_FACE ( 'NONE', ( #6135 ), #5462, .T. ) ;
#7090 = CARTESIAN_POINT ( 'NONE',  ( 15.28553842331584889, 4.477253316603864784E-16, 10.73021057252056032 ) ) ;
#7091 = CARTESIAN_POINT ( 'NONE',  ( -0.8485686106458769640, 4.356117411745086265, -8.000081090808672357 ) ) ;
#7092 = CARTESIAN_POINT ( 'NONE',  ( -1.042771259605471878E-15, -9.515625001706990105, 5.676582343749999815 ) ) ;
#7093 = EDGE_CURVE ( 'NONE', #3604, #4644, #1805, .T. ) ;
#7094 = EDGE_LOOP ( 'NONE', ( #552, #5905 ) ) ;
#7095 =( LENGTH_UNIT ( ) NAMED_UNIT ( * ) SI_UNIT ( .MILLI., .METRE. ) );
#7096 = CARTESIAN_POINT ( 'NONE',  ( -1.529755305554119760, 1.810047382219365009, 49.92922372439089429 ) ) ;
#7097 = CARTESIAN_POINT ( 'NONE',  ( -2.668972895622002017, 2.952373170888556331, 69.45837335323503225 ) ) ;
#7098 = DIRECTION ( 'NONE',  ( 0.000000000000000000, -1.000000000000000000, 0.000000000000000000 ) ) ;
#7099 = CARTESIAN_POINT ( 'NONE',  ( -4.013949869229449519, -2.484375001706990105, -4.013949869229449519 ) ) ;
#7100 = CARTESIAN_POINT ( 'NONE',  ( 5.000000000000005329, -8.421874999999994671, -2.071067811865475949 ) ) ;
#7101 = CARTESIAN_POINT ( 'NONE',  ( 3.475904198684909876E-16, -12.79687500170700076, -5.676582343749999815 ) ) ;
#7102 = EDGE_LOOP ( 'NONE', ( #6977, #3818, #250, #3517 ) ) ;
#7103 = VECTOR ( 'NONE', #1150, 999.9999999999998863 ) ;
#7104 = CARTESIAN_POINT ( 'NONE',  ( -0.3519976169615000594, -2.050068604570290720, 51.00787841468899586 ) ) ;
#7105 = CARTESIAN_POINT ( 'NONE',  ( -2.561969949279021108, -0.6679699347225883654, 48.78824230741466295 ) ) ;
#7106 = ORIENTED_EDGE ( 'NONE', *, *, #461, .T. ) ;
#7107 = CARTESIAN_POINT ( 'NONE',  ( 3.535533905932714660, -4.593750000000000000, -3.535533905932714660 ) ) ;
#7108 = CARTESIAN_POINT ( 'NONE',  ( 3.061616997868385113E-16, -1.000000003413983984, -5.000000000000000000 ) ) ;
#7109 = ORIENTED_EDGE ( 'NONE', *, *, #7158, .T. ) ;
#7110 = FACE_OUTER_BOUND ( 'NONE', #2305, .T. ) ;
#7111 =( BOUNDED_SURFACE ( )  B_SPLINE_SURFACE ( 3, 2, ( 
 ( #133, #687, #2511 ),
 ( #773, #647, #4336 ),
 ( #1367, #1410, #3711 ),
 ( #3194, #6805, #4826 ),
 ( #2432, #4987, #4950 ),
 ( #7351, #5591, #7313 ),
 ( #5504, #6100, #7271 ),
 ( #4261, #6685, #6724 ),
 ( #1992, #5459, #3832 ),
 ( #1919, #48, #1286 ),
 ( #3152, #180, #5419 ),
 ( #7385, #816, #4416 ),
 ( #3113, #1875, #724 ),
 ( #2556, #6214, #2474 ),
 ( #86, #4901, #7237 ),
 ( #1328, #3748, #6134 ),
 ( #5549, #3786, #1839 ),
 ( #1242, #3670, #1955 ),
 ( #4378, #5025, #293 ),
 ( #6289, #892, #3349 ),
 ( #1598, #6331, #4590 ),
 ( #1529, #4014, #7468 ),
 ( #4519, #2639, #217 ),
 ( #6253, #2105, #6887 ),
 ( #6992, #1490, #6962 ),
 ( #6403, #7422, #5103 ),
 ( #2796, #2755, #3945 ),
 ( #3983, #7506, #5066 ),
 ( #3911, #2677, #6848 ),
 ( #6371, #6923, #968 ),
 ( #3310, #5747, #257 ),
 ( #2072, #4484, #935 ),
 ( #3232, #5628, #2032 ),
 ( #4455, #5707, #1566 ) ),
 .UNSPECIFIED., .F., .F., .F. ) 
 B_SPLINE_SURFACE_WITH_KNOTS ( ( 4, 2, 2, 2, 2, 2, 2, 2, 2, 2, 2, 2, 2, 2, 2, 2, 4 ),
 ( 3, 3 ),
 ( 0.000000000000000000, 0.0006588144867618800143, 0.001317628973523760029, 0.001976443460285639935, 0.002635257947047520057, 0.003294072433809399746, 0.003952886920571279869, 0.004611701407333160425, 0.005270515894095040114, 0.005929330380856919804, 0.006588144867618799493, 0.007246959354380680049, 0.007905773841142559738, 0.008564588327904439427, 0.009223402814666319116, 0.009882217301428198805, 0.01054103178819008023 ),
 ( 0.2627742631574039867, 1.000000000000000000 ),
 .UNSPECIFIED. ) 
 GEOMETRIC_REPRESENTATION_ITEM ( )  RATIONAL_B_SPLINE_SURFACE ( (
 ( 0.9600969613023839777, 0.9240735408822859931, 1.000000000000000000),
 ( 0.9601069053929959241, 0.9240924622380009001, 1.000000000000000000),
 ( 0.9600932184527199986, 0.9240664190857699190, 1.000000000000000000),
 ( 0.9600186905781249447, 0.9239246093938709992, 1.000000000000000000),
 ( 0.9599569399223749633, 0.9238071118600390541, 1.000000000000000000),
 ( 0.9597841282500110260, 0.9234782903265170706, 1.000000000000000000),
 ( 0.9596740261891509860, 0.9232687910027690403, 1.000000000000000000),
 ( 0.9594001154219750083, 0.9227476007539869851, 1.000000000000000000),
 ( 0.9592345238733109847, 0.9224325174831329299, 1.000000000000000000),
 ( 0.9588542810192940413, 0.9217090013186349795, 1.000000000000000000),
 ( 0.9586386037649510250, 0.9212986162760669062, 1.000000000000000000),
 ( 0.9581467705702439996, 0.9203627689278590651, 1.000000000000000000),
 ( 0.9578734145718060811, 0.9198426342785339660, 1.000000000000000000),
 ( 0.9572815864502860483, 0.9187165191970779743, 1.000000000000000000),
 ( 0.9569588572409351013, 0.9181024384924579840, 1.000000000000000000),
 ( 0.9562663830207399629, 0.9167848166449559244, 1.000000000000000000),
 ( 0.9559036902733529795, 0.9160946943646589569, 1.000000000000000000),
 ( 0.9551443887566870572, 0.9146499152840470437, 1.000000000000000000),
 ( 0.9547432218343450128, 0.9138865853492179614, 1.000000000000000000),
 ( 0.9539364153533020918, 0.9123514150639920883, 1.000000000000000000),
 ( 0.9535294280223959307, 0.9115770102078700754, 1.000000000000000000),
 ( 0.9527120655580531006, 0.9100217542735119514, 1.000000000000000000),
 ( 0.9523023048582790473, 0.9092420723235939972, 1.000000000000000000),
 ( 0.9515211637985899751, 0.9077557375313219934, 1.000000000000000000),
 ( 0.9511450658580659079, 0.9070401081998860082, 1.000000000000000000),
 ( 0.9504306640928910088, 0.9056807631929000291, 1.000000000000000000),
 ( 0.9501029915077568999, 0.9050572763620419181, 1.000000000000000000),
 ( 0.9495161497167869946, 0.9039406491400320265, 1.000000000000000000),
 ( 0.9492540713750110548, 0.9034419733210479198, 1.000000000000000000),
 ( 0.9488205576158470489, 0.9026170946705379672, 1.000000000000000000),
 ( 0.9486494551206600123, 0.9022915253146749359, 1.000000000000000000),
 ( 0.9484024950380739449, 0.9018216161241440210, 1.000000000000000000),
 ( 0.9483267903477590188, 0.9016775672180490364, 1.000000000000000000),
 ( 0.9483052235075249969, 0.9016365303981289658, 1.000000000000000000) ) ) 
 REPRESENTATION_ITEM ( '' )  SURFACE ( )  );
#7112 = SURFACE_STYLE_USAGE ( .BOTH. , #5302 ) ;
#7113 = EDGE_CURVE ( 'NONE', #4464, #7181, #5242, .T. ) ;
#7114 = SURFACE_STYLE_FILL_AREA ( #3471 ) ;
#7115 = FILL_AREA_STYLE_COLOUR ( '', #6778 ) ;
#7116 = FILL_AREA_STYLE_COLOUR ( '', #109 ) ;
#7117 = CARTESIAN_POINT ( 'NONE',  ( -1.678930417117805662, 2.233253501199026658, 51.25634697805713813 ) ) ;
#7118 = CARTESIAN_POINT ( 'NONE',  ( 0.8025807201587265016, 0.03019240107940399792, 7.999997543937300115 ) ) ;
#7119 = CARTESIAN_POINT ( 'NONE',  ( -4.013949869229449519, -11.39062500170700076, -4.013949869229449519 ) ) ;
#7120 = CARTESIAN_POINT ( 'NONE',  ( -5.676582343749999815, -8.734375001706991881, -6.951808397369819752E-16 ) ) ;
#7121 = CARTESIAN_POINT ( 'NONE',  ( -1.750000000000000000, 0.000000000000000000, 7.447147104764350267 ) ) ;
#7122 = EDGE_CURVE ( 'NONE', #1604, #5282, #2052, .T. ) ;
#7123 = ORIENTED_EDGE ( 'NONE', *, *, #4876, .F. ) ;
#7124 =( BOUNDED_CURVE ( )  B_SPLINE_CURVE ( 2, ( #7346, #4855, #4818, #5538, #6165 ),
 .UNSPECIFIED., .F., .F. ) 
 B_SPLINE_CURVE_WITH_KNOTS ( ( 3, 2, 3 ),
 ( 0.3207446122128984611, 0.3246416529284825159, 0.3254307861007675329 ),
 .UNSPECIFIED. ) 
 CURVE ( )  GEOMETRIC_REPRESENTATION_ITEM ( )  RATIONAL_B_SPLINE_CURVE ( ( 1.000000000000079936, 0.9238795325112059142, 1.000000000000000000, 0.9845860989767240001, 0.9754146279487860838 ) ) 
 REPRESENTATION_ITEM ( '' )  );
#7125 = VERTEX_POINT ( 'NONE', #894 ) ;
#7126 = EDGE_CURVE ( 'NONE', #4464, #4540, #927, .T. ) ;
#7127 = SHAPE_DEFINITION_REPRESENTATION ( #3046, #122 ) ;
#7128 = CARTESIAN_POINT ( 'NONE',  ( 8.201276141308721179, 0.3952046512763747743, 1.794950537482935093 ) ) ;
#7129 = CARTESIAN_POINT ( 'NONE',  ( 5.676582343750006032, -10.37500000170699721, -2.351317394708899666 ) ) ;
#7130 = CARTESIAN_POINT ( 'NONE',  ( -1.395823013295225179, 4.281321201589256553, -8.000133527766434938 ) ) ;
#7131 = DIRECTION ( 'NONE',  ( -0.5668561164327560187, -0.8232422104217856917, 0.03076371633314478951 ) ) ;
#7132 = CARTESIAN_POINT ( 'NONE',  ( -5.676582343750004256, -6.156250001706986552, -2.351317394708899666 ) ) ;
#7133 = ORIENTED_EDGE ( 'NONE', *, *, #1963, .T. ) ;
#7134 = SURFACE_STYLE_FILL_AREA ( #3651 ) ;
#7135 = CARTESIAN_POINT ( 'NONE',  ( -2.397928026729220008, 1.937038870354210074, 51.38527517091790031 ) ) ;
#7136 = CARTESIAN_POINT ( 'NONE',  ( 1.395823013265266699, 0.1186787984073517793, -8.000133527767502528 ) ) ;
#7137 = SURFACE_STYLE_USAGE ( .BOTH. , #2371 ) ;
#7138 = CARTESIAN_POINT ( 'NONE',  ( 5.676582343749999815, -4.203125001706990105, 0.000000000000000000 ) ) ;
#7139 = CARTESIAN_POINT ( 'NONE',  ( 5.000000000000000000, -9.750000000000000000, 0.000000000000000000 ) ) ;
#7140 = CARTESIAN_POINT ( 'NONE',  ( 0.9176489911485340434, 3.116712565338612073, 62.75415939219221428 ) ) ;
#7141 = ORIENTED_EDGE ( 'NONE', *, *, #3568, .T. ) ;
#7142 = CARTESIAN_POINT ( 'NONE',  ( -3.377072778685768828, -0.7264749441587025069, 51.55843730582947870 ) ) ;
#7143 =( GEOMETRIC_REPRESENTATION_CONTEXT ( 3 ) GLOBAL_UNCERTAINTY_ASSIGNED_CONTEXT ( ( #4794 ) ) GLOBAL_UNIT_ASSIGNED_CONTEXT ( ( #1495, #2844, #5228 ) ) REPRESENTATION_CONTEXT ( 'NONE', 'WORKASPACE' ) );
#7144 = ORIENTED_EDGE ( 'NONE', *, *, #5092, .F. ) ;
#7145 = CARTESIAN_POINT ( 'NONE',  ( 5.753724443543339007, 0.3376927825554081886, 6.034257206814286789 ) ) ;
#7146 = CARTESIAN_POINT ( 'NONE',  ( 0.000000000000000000, 0.000000000000000000, 0.000000000000000000 ) ) ;
#7147 = ORIENTED_EDGE ( 'NONE', *, *, #6974, .F. ) ;
#7148 = EDGE_CURVE ( 'NONE', #7790, #6002, #1491, .T. ) ;
#7149 = PRESENTATION_LAYER_ASSIGNMENT (  '', '', ( #5540 ) ) ;
#7150 = FILL_AREA_STYLE_COLOUR ( '', #277 ) ;
#7151 = UNCERTAINTY_MEASURE_WITH_UNIT (LENGTH_MEASURE( 1.000000000000000082E-05 ), #2669, 'distance_accuracy_value', 'NONE');
#7152 = CARTESIAN_POINT ( 'NONE',  ( 13.62500000000000000, -2.749999999999999112, 0.000000000000000000 ) ) ;
#7153 = CARTESIAN_POINT ( 'NONE',  ( 3.061616997868385113E-16, -1.000000003413983984, -5.000000000000000000 ) ) ;
#7154 = DIRECTION ( 'NONE',  ( 0.000000000000000000, 0.000000000000000000, -1.000000000000000000 ) ) ;
#7155 = AXIS2_PLACEMENT_3D ( 'NONE', #169, #1947, #2631 ) ;
#7156 = CARTESIAN_POINT ( 'NONE',  ( -4.592451586063000413, -1.513205987010749968E-15, -3.336611385079434999 ) ) ;
#7157 = CARTESIAN_POINT ( 'NONE',  ( 7.350865083233083297, 0.04354340259086611487, -3.268112480037749901 ) ) ;
#7158 = EDGE_CURVE ( 'NONE', #4664, #5642, #5322, .T. ) ;
#7159 = CARTESIAN_POINT ( 'NONE',  ( 0.009860602898707748407, 5.614159190443905326E-10, -5.432413760023797167 ) ) ;
#7160 = CARTESIAN_POINT ( 'NONE',  ( -0.9083399018148092807, 2.222492507737883649, 51.11253144733719012 ) ) ;
#7161 = CARTESIAN_POINT ( 'NONE',  ( -7.027792665696154906, -1.129377263005704062E-18, 3.827506037954349960 ) ) ;
#7162 = CARTESIAN_POINT ( 'NONE',  ( -5.676582343749999815, -12.48437500170700076, -6.951808397369819752E-16 ) ) ;
#7163 = CARTESIAN_POINT ( 'NONE',  ( 5.000000000000005329, 0.01562499658601738950, -2.071067811865475949 ) ) ;
#7164 = CARTESIAN_POINT ( 'NONE',  ( 4.013949869229449519, -6.703125001706989217, -4.013949869229449519 ) ) ;
#7165 =( GEOMETRIC_REPRESENTATION_CONTEXT ( 3 ) GLOBAL_UNCERTAINTY_ASSIGNED_CONTEXT ( ( #3790 ) ) GLOBAL_UNIT_ASSIGNED_CONTEXT ( ( #4097, #4219, #3668 ) ) REPRESENTATION_CONTEXT ( 'NONE', 'WORKASPACE' ) );
#7166 = CARTESIAN_POINT ( 'NONE',  ( -9.184850993605149917E-16, -4.125000003413985539, 5.000000000000000000 ) ) ;
#7167 = B_SPLINE_CURVE_WITH_KNOTS ( 'NONE', 3,
 ( #94, #7278, #2609, #7358 ),
 .UNSPECIFIED., .F., .F.,
 ( 4, 4 ),
 ( 0.000000000000000000, 1.000000000000000000 ),
 .UNSPECIFIED. ) ;
#7168 = VERTEX_POINT ( 'NONE', #5665 ) ;
#7169 = CIRCLE ( 'NONE', #3664, 7.649999999999999467 ) ;
#7170 = AXIS2_PLACEMENT_3D ( 'NONE', #3496, #7728, #4736 ) ;
#7171 = FILL_AREA_STYLE ('',( #5431 ) ) ;
#7172 = EDGE_LOOP ( 'NONE', ( #5617, #2100, #1111, #5929 ) ) ;
#7173 = ITEM_DEFINED_TRANSFORMATION ( 'NONE', 'NONE', #294,  #2581 ) ;
#7174 = EDGE_CURVE ( 'NONE', #3377, #5236, #3835, .T. ) ;
#7175 = ADVANCED_FACE ( 'NONE', ( #3388 ), #4521, .F. ) ;
#7176 = VECTOR ( 'NONE', #7515, 1000.000000000000000 ) ;
#7177 = CARTESIAN_POINT ( 'NONE',  ( 8.349746842361851051, 0.4897154120474607741, 1.537662710513867825 ) ) ;
#7178 = CARTESIAN_POINT ( 'NONE',  ( -5.676582343750006032, -11.15625000170699366, -2.351317394708899666 ) ) ;
#7179 = DIRECTION ( 'NONE',  ( 0.000000000000000000, -1.000000000000000000, 0.000000000000000000 ) ) ;
#7180 = CARTESIAN_POINT ( 'NONE',  ( -4.013949869229449519, -4.984375001706990105, -4.013949869229449519 ) ) ;
#7181 = VERTEX_POINT ( 'NONE', #1531 ) ;
#7182 = PRODUCT ( 'COMBO SISO MOBILE GNSS WIFI ROOF SMA ANTENNA.STEP', 'COMBO SISO MOBILE GNSS WIFI ROOF SMA ANTENNA.STEP', '', ( #100 ) ) ;
#7183 = CARTESIAN_POINT ( 'NONE',  ( 0.000000000000000000, -13.50000000000000000, 0.000000000000000000 ) ) ;
#7184 = CARTESIAN_POINT ( 'NONE',  ( -0.3946918456282065280, 1.562013451875375214, 49.82837865708459901 ) ) ;
#7185 = DIRECTION ( 'NONE',  ( 0.000000000000000000, 1.000000000000000000, 0.000000000000000000 ) ) ;
#7186 = CARTESIAN_POINT ( 'NONE',  ( -0.0001228604406742403975, 0.000000000000000000, 0.0001690897963468619952 ) ) ;
#7187 = AXIS2_PLACEMENT_3D ( 'NONE', #4616, #7021, #288 ) ;
#7188 = CARTESIAN_POINT ( 'NONE',  ( -1.042771259605471878E-15, -2.015625001706990105, 5.676582343749999815 ) ) ;
#7189 = CARTESIAN_POINT ( 'NONE',  ( -5.000000000000000000, -9.125000000000000000, -6.123233995736771213E-16 ) ) ;
#7190 = SURFACE_STYLE_FILL_AREA ( #4166 ) ;
#7191 = EDGE_LOOP ( 'NONE', ( #5818, #3901, #2785 ) ) ;
#7192 = CARTESIAN_POINT ( 'NONE',  ( -0.4190045233054867646, -0.9990983787728209276, 48.56980210786790764 ) ) ;
#7193 = APPLICATION_CONTEXT ( 'automotive_design' ) ;
#7194 = ORIENTED_EDGE ( 'NONE', *, *, #1267, .T. ) ;
#7195 = CARTESIAN_POINT ( 'NONE',  ( 13.90045809170250202, 0.8450017399655087580, 0.000000000000000000 ) ) ;
#7196 = ORIENTED_EDGE ( 'NONE', *, *, #6765, .T. ) ;
#7197 =( NAMED_UNIT ( * ) PLANE_ANGLE_UNIT ( ) SI_UNIT ( $, .RADIAN. ) );
#7198 =( NAMED_UNIT ( * ) SI_UNIT ( $, .STERADIAN. ) SOLID_ANGLE_UNIT ( ) );
#7199 = FILL_AREA_STYLE_COLOUR ( '', #454 ) ;
#7200 = CARTESIAN_POINT ( 'NONE',  ( 5.676582343749999815, -13.03125000170700076, 0.000000000000000000 ) ) ;
#7201 = FILL_AREA_STYLE_COLOUR ( '', #5667 ) ;
#7202 = CARTESIAN_POINT ( 'NONE',  ( 2.106196876560058495, -0.0001199901023131014671, -4.856077699902209943 ) ) ;
#7203 = DIRECTION ( 'NONE',  ( 0.000000000000000000, 0.000000000000000000, -1.000000000000000000 ) ) ;
#7204 = CIRCLE ( 'NONE', #3829, 8.000000000000000000 ) ;
#7205 = MECHANICAL_DESIGN_GEOMETRIC_PRESENTATION_REPRESENTATION (  '', ( #790 ), #4932 ) ;
#7206 = CARTESIAN_POINT ( 'NONE',  ( -7.475811010076077956, 0.07457965762903662199, 3.051810071399466029 ) ) ;
#7207 = VECTOR ( 'NONE', #1907, 1000.000000000000000 ) ;
#7208 = CARTESIAN_POINT ( 'NONE',  ( 5.676582343750004256, -9.281250001706995434, -2.351317394708899666 ) ) ;
#7209 = DIRECTION ( 'NONE',  ( 0.000000000000000000, 1.000000000000000000, 0.000000000000000000 ) ) ;
#7210 = CARTESIAN_POINT ( 'NONE',  ( 2.351317394708899666, -3.343750001706990993, 5.676582343750006032 ) ) ;
#7211 = FACE_OUTER_BOUND ( 'NONE', #885, .T. ) ;
#7212 = VERTEX_POINT ( 'NONE', #3947 ) ;
#7213 = EDGE_CURVE ( 'NONE', #440, #3252, #6941, .T. ) ;
#7214 =( LENGTH_UNIT ( ) NAMED_UNIT ( * ) SI_UNIT ( .MILLI., .METRE. ) );
#7215 = CARTESIAN_POINT ( 'NONE',  ( -2.351317394708899666, -12.56250000170699543, -5.676582343750006032 ) ) ;
#7216 = CARTESIAN_POINT ( 'NONE',  ( 5.368938501059266066, 3.815600927843117329, 6.700451586498592960 ) ) ;
#7217 = MECHANICAL_DESIGN_GEOMETRIC_PRESENTATION_REPRESENTATION (  '', ( #7080 ), #5201 ) ;
#7218 = CARTESIAN_POINT ( 'NONE',  ( -5.676582343750004256, -4.906250001706996322, -2.351317394708899666 ) ) ;
#7219 = ORIENTED_EDGE ( 'NONE', *, *, #2880, .T. ) ;
#7220 = DIRECTION ( 'NONE',  ( 0.05419102103501098611, 3.049698635436430871E-16, 0.9985305870323567534 ) ) ;
#7221 = CARTESIAN_POINT ( 'NONE',  ( -2.425213978600481379, 1.997183195808460043, 50.58959494155380554 ) ) ;
#7222 = SURFACE_STYLE_FILL_AREA ( #6204 ) ;
#7223 = CARTESIAN_POINT ( 'NONE',  ( 3.878092140487714889, -2.622049124298944989, 62.59349387121338992 ) ) ;
#7224 = CARTESIAN_POINT ( 'NONE',  ( 5.000000000000005329, -9.984375003413983762, -2.071067811865475949 ) ) ;
#7225 = CARTESIAN_POINT ( 'NONE',  ( 2.071067811865475949, -9.515624999999994671, -5.000000000000005329 ) ) ;
#7226 = CARTESIAN_POINT ( 'NONE',  ( -2.351317394708905439, -7.250000001706996322, 5.676582343750006032 ) ) ;
#7227 = VERTEX_POINT ( 'NONE', #6559 ) ;
#7228 = CARTESIAN_POINT ( 'NONE',  ( -3.363277440655104922, 2.622049124298944989, 69.49605379356731305 ) ) ;
#7229 = LINE ( 'NONE', #4819, #3301 ) ;
#7230 = ORIENTED_EDGE ( 'NONE', *, *, #416, .F. ) ;
#7231 = CARTESIAN_POINT ( 'NONE',  ( 0.8499999999999999778, 0.000000000000000000, 2.847243186433544793 ) ) ;
#7232 = UNCERTAINTY_MEASURE_WITH_UNIT (LENGTH_MEASURE( 1.000000000000000082E-05 ), #5412, 'distance_accuracy_value', 'NONE');
#7233 = SURFACE_STYLE_FILL_AREA ( #4257 ) ;
#7234 = CARTESIAN_POINT ( 'NONE',  ( 2.071067811865467512, -10.76562500000001776, -5.000000000000000000 ) ) ;
#7235 = CARTESIAN_POINT ( 'NONE',  ( 3.475904198684909876E-16, -12.64062500170700254, -5.676582343749999815 ) ) ;
#7236 = COLOUR_RGB ( '',1.000000000000000000, 1.000000000000000000, 0.000000000000000000 ) ;
#7237 = CARTESIAN_POINT ( 'NONE',  ( -0.9478938888270450613, 1.315245194313999777, 48.62589810017250613 ) ) ;
#7238 =( NAMED_UNIT ( * ) PLANE_ANGLE_UNIT ( ) SI_UNIT ( $, .RADIAN. ) );
#7239 = CARTESIAN_POINT ( 'NONE',  ( 4.752294471060569236, -2.655351122369519785E-16, -1.554251350434405099 ) ) ;
#7240 = UNCERTAINTY_MEASURE_WITH_UNIT (LENGTH_MEASURE( 1.000000000000000082E-05 ), #7214, 'distance_accuracy_value', 'NONE');
#7241 = FILL_AREA_STYLE ('',( #5941 ) ) ;
#7242 = FACE_OUTER_BOUND ( 'NONE', #7598, .T. ) ;
#7243 = CARTESIAN_POINT ( 'NONE',  ( 4.476348218057571771, 0.4472798115921321482, 69.07059129447596035 ) ) ;
#7244 = CARTESIAN_POINT ( 'NONE',  ( -5.676582343750004256, -8.812500001706991881, -2.351317394708899666 ) ) ;
#7245 = CARTESIAN_POINT ( 'NONE',  ( -5.000000000000005329, -0.7656250034139829852, -2.071067811865475949 ) ) ;
#7246 = CARTESIAN_POINT ( 'NONE',  ( -5.676582343750006032, -6.156250001706985664, 2.351317394708899666 ) ) ;
#7247 = CARTESIAN_POINT ( 'NONE',  ( 0.007119260505257819609, -6.219871385070530605E-10, 48.52246411748139820 ) ) ;
#7248 = B_SPLINE_CURVE_WITH_KNOTS ( 'NONE', 3,
 ( #7397, #6819, #2573, #6186 ),
 .UNSPECIFIED., .F., .F.,
 ( 4, 4 ),
 ( 0.001374066792254877980, 0.001644852829983094872 ),
 .UNSPECIFIED. ) ;
#7249 = CARTESIAN_POINT ( 'NONE',  ( -1.783321218345359949, 6.161142665431478987E-16, 41.42082527964299743 ) ) ;
#7250 = EDGE_CURVE ( 'NONE', #5914, #5813, #3117, .T. ) ;
#7251 = CARTESIAN_POINT ( 'NONE',  ( 5.676582343749999815, -11.70312500170700076, 0.000000000000000000 ) ) ;
#7252 = CARTESIAN_POINT ( 'NONE',  ( 5.931415714461582667, 4.157591420587365860, 5.726418072035362350 ) ) ;
#7253 = CARTESIAN_POINT ( 'NONE',  ( -5.676582343749999815, -4.828125001706989217, -6.951808397369819752E-16 ) ) ;
#7254 = ORIENTED_EDGE ( 'NONE', *, *, #3723, .T. ) ;
#7255 = CARTESIAN_POINT ( 'NONE',  ( 4.313835959930134578, -1.010679880619941295, 69.07941095940461196 ) ) ;
#7256 = FILL_AREA_STYLE_COLOUR ( '', #4301 ) ;
#7257 = CARTESIAN_POINT ( 'NONE',  ( -2.182630703223692237, 0.2902434076768951599, -7.999998843048683916 ) ) ;
#7258 = LINE ( 'NONE', #2290, #7103 ) ;
#7259 = CARTESIAN_POINT ( 'NONE',  ( 2.071067811865475949, -10.29687500341397843, 4.999999999999994671 ) ) ;
#7260 = CARTESIAN_POINT ( 'NONE',  ( 3.535533905932735088, -4.906250000000000000, 3.535533905932739973 ) ) ;
#7261 = CARTESIAN_POINT ( 'NONE',  ( -1.042771259605471878E-15, -7.171875001706990105, 5.676582343749999815 ) ) ;
#7262 = ORIENTED_EDGE ( 'NONE', *, *, #2551, .T. ) ;
#7263 = B_SPLINE_CURVE_WITH_KNOTS ( 'NONE', 3,
 ( #1753, #4179, #4220, #1836 ),
 .UNSPECIFIED., .F., .F.,
 ( 4, 4 ),
 ( 0.000000000000000000, 1.000000000000000000 ),
 .UNSPECIFIED. ) ;
#7264 = CARTESIAN_POINT ( 'NONE',  ( 0.000000000000000000, -13.50000000000000000, 0.000000000000000000 ) ) ;
#7265 = CARTESIAN_POINT ( 'NONE',  ( -2.311223499420572480, -0.9815745597633717123, 48.76295169711319488 ) ) ;
#7266 = SURFACE_SIDE_STYLE ('',( #6093 ) ) ;
#7267 =( NAMED_UNIT ( * ) SI_UNIT ( $, .STERADIAN. ) SOLID_ANGLE_UNIT ( ) );
#7268 = VERTEX_POINT ( 'NONE', #1160 ) ;
#7269 = CARTESIAN_POINT ( 'NONE',  ( 1.372979557169496045, 4.477253316603870700E-16, 61.22724089006349857 ) ) ;
#7270 =( NAMED_UNIT ( * ) SI_UNIT ( $, .STERADIAN. ) SOLID_ANGLE_UNIT ( ) );
#7271 = CARTESIAN_POINT ( 'NONE',  ( -0.1461547923335808075, 0.6402012426636869424, 48.53976441694130273 ) ) ;
#7272 = FILL_AREA_STYLE_COLOUR ( '', #3298 ) ;
#7273 = PRESENTATION_STYLE_ASSIGNMENT (( #2560 ) ) ;
#7274 = DIRECTION ( 'NONE',  ( 0.000000000000000000, 0.000000000000000000, -1.000000000000000000 ) ) ;
#7275 =( NAMED_UNIT ( * ) PLANE_ANGLE_UNIT ( ) SI_UNIT ( $, .RADIAN. ) );
#7276 = CARTESIAN_POINT ( 'NONE',  ( 0.4535524871016177184, 1.419163227398674065, 50.85316724604209782 ) ) ;
#7277 = CARTESIAN_POINT ( 'NONE',  ( -5.000000000000005329, -3.265625003413981986, -2.071067811865475949 ) ) ;
#7278 = CARTESIAN_POINT ( 'NONE',  ( 0.4899911090302985217, 0.02106496507817506164, 49.75538941808745363 ) ) ;
#7279 = CARTESIAN_POINT ( 'NONE',  ( -2.351317394708899666, -8.968750001706991881, -5.676582343750004256 ) ) ;
#7280 = CARTESIAN_POINT ( 'NONE',  ( -5.676582343750006032, -5.062500001706985664, -2.351317394708899666 ) ) ;
#7281 = CARTESIAN_POINT ( 'NONE',  ( 5.676582343749999815, -6.859375001706989217, 0.000000000000000000 ) ) ;
#7282 = CARTESIAN_POINT ( 'NONE',  ( -5.828561146020030392, 4.103439423231693084, 5.904636385406114130 ) ) ;
#7283 = FACE_OUTER_BOUND ( 'NONE', #706, .T. ) ;
#7284 = CARTESIAN_POINT ( 'NONE',  ( -5.676582343749999815, -12.32812500170700076, -6.951808397369819752E-16 ) ) ;
#7285 = FILL_AREA_STYLE ('',( #2050 ) ) ;
#7286 =( GEOMETRIC_REPRESENTATION_CONTEXT ( 3 ) GLOBAL_UNCERTAINTY_ASSIGNED_CONTEXT ( ( #4498 ) ) GLOBAL_UNIT_ASSIGNED_CONTEXT ( ( #415, #3992, #7743 ) ) REPRESENTATION_CONTEXT ( 'NONE', 'WORKASPACE' ) );
#7287 = MECHANICAL_DESIGN_GEOMETRIC_PRESENTATION_REPRESENTATION (  '', ( #5949 ), #2275 ) ;
#7288 = CARTESIAN_POINT ( 'NONE',  ( 5.676582343749999815, -1.703125001706990105, 0.000000000000000000 ) ) ;
#7289 = ORIENTED_EDGE ( 'NONE', *, *, #5910, .T. ) ;
#7290 =( NAMED_UNIT ( * ) PLANE_ANGLE_UNIT ( ) SI_UNIT ( $, .RADIAN. ) );
#7291 = DIRECTION ( 'NONE',  ( 0.8660254037844394848, 0.000000000000000000, 0.4999999999999986122 ) ) ;
#7292 = PRESENTATION_LAYER_ASSIGNMENT (  '', '', ( #2254 ) ) ;
#7293 = CARTESIAN_POINT ( 'NONE',  ( -0.8025807202020750486, 0.03019240107942376683, -7.999997543930773780 ) ) ;
#7294 = SURFACE_STYLE_FILL_AREA ( #1393 ) ;
#7295 = PRODUCT_RELATED_PRODUCT_CATEGORY ( 'part', '', ( #4784 ) ) ;
#7296 = CARTESIAN_POINT ( 'NONE',  ( 2.071067811865475949, -12.32812500341398554, -5.000000000000005329 ) ) ;
#7297 = CARTESIAN_POINT ( 'NONE',  ( -9.184850993605149917E-16, -3.812500000000000000, 5.000000000000000000 ) ) ;
#7298 = CARTESIAN_POINT ( 'NONE',  ( -2.071067811865475949, -5.453125003413981986, 4.999999999999994671 ) ) ;
#7299 = CARTESIAN_POINT ( 'NONE',  ( 4.013949869229449519, -10.76562500170700076, 4.013949869229449519 ) ) ;
#7300 = VERTEX_POINT ( 'NONE', #1679 ) ;
#7301 = STYLED_ITEM ( 'NONE', ( #1033 ), #3168 ) ;
#7302 = CARTESIAN_POINT ( 'NONE',  ( -3.106778935795995178, 0.07758522746874840781, 50.08979328888550953 ) ) ;
#7303 = FILL_AREA_STYLE ('',( #2546 ) ) ;
#7304 =( LENGTH_UNIT ( ) NAMED_UNIT ( * ) SI_UNIT ( .MILLI., .METRE. ) );
#7305 = ORIENTED_EDGE ( 'NONE', *, *, #4195, .T. ) ;
#7306 =( GEOMETRIC_REPRESENTATION_CONTEXT ( 3 ) GLOBAL_UNCERTAINTY_ASSIGNED_CONTEXT ( ( #4489 ) ) GLOBAL_UNIT_ASSIGNED_CONTEXT ( ( #1223, #7760, #4315 ) ) REPRESENTATION_CONTEXT ( 'NONE', 'WORKASPACE' ) );
#7307 = DIRECTION ( 'NONE',  ( 0.000000000000000000, -1.000000000000000000, 0.000000000000000000 ) ) ;
#7308 = EDGE_CURVE ( 'NONE', #6800, #4031, #3659, .T. ) ;
#7309 = CARTESIAN_POINT ( 'NONE',  ( -4.013949869229449519, -12.48437500170700076, -4.013949869229449519 ) ) ;
#7310 = AXIS2_PLACEMENT_3D ( 'NONE', #2225, #6477, #3948 ) ;
#7311 = B_SPLINE_CURVE_WITH_KNOTS ( 'NONE', 3,
 ( #3214, #7490, #3768, #2089, #4503, #4360, #6829, #7370, #6154, #6238, #4970, #1510, #201, #3930, #2622, #3895, #917, #837 ),
 .UNSPECIFIED., .F., .F.,
 ( 4, 2, 2, 2, 2, 2, 2, 2, 4 ),
 ( 0.000000000000000000, 0.1250000000000000000, 0.2500000000000000000, 0.3750000000000000000, 0.5000000000000000000, 0.6250000000000000000, 0.7500000000000000000, 0.8750000000000000000, 1.000000000000000000 ),
 .UNSPECIFIED. ) ;
#7312 = CARTESIAN_POINT ( 'NONE',  ( -3.547788271286824724, 0.3200524223806355262, 69.50606733790310443 ) ) ;
#7313 = CARTESIAN_POINT ( 'NONE',  ( -0.1074419629224387940, 0.5594486615216850423, 48.53542006385570318 ) ) ;
#7314 = CARTESIAN_POINT ( 'NONE',  ( 2.043590406129435433, 5.845843153811149118E-16, 59.10006990813900529 ) ) ;
#7315 = CARTESIAN_POINT ( 'NONE',  ( 3.901807442925202540, 2.645503173026364290E-05, -3.340918786441816390 ) ) ;
#7316 = CARTESIAN_POINT ( 'NONE',  ( -9.184850993605149917E-16, -0.3750000034139829852, 5.000000000000000000 ) ) ;
#7317 = CARTESIAN_POINT ( 'NONE',  ( 0.8499999999999999778, 0.000000000000000000, 1.472243186433545903 ) ) ;
#7318 = UNCERTAINTY_MEASURE_WITH_UNIT (LENGTH_MEASURE( 1.000000000000000082E-05 ), #5812, 'distance_accuracy_value', 'NONE');
#7319 = PRESENTATION_STYLE_ASSIGNMENT (( #3238 ) ) ;
#7320 = PRESENTATION_LAYER_ASSIGNMENT (  '', '', ( #2975 ) ) ;
#7321 = CARTESIAN_POINT ( 'NONE',  ( -4.013949869229449519, -2.640625001706990105, -4.013949869229449519 ) ) ;
#7322 =( LENGTH_UNIT ( ) NAMED_UNIT ( * ) SI_UNIT ( .MILLI., .METRE. ) );
#7323 = CARTESIAN_POINT ( 'NONE',  ( -4.013949869229449519, -6.078125001706990105, 4.013949869229449519 ) ) ;
#7324 = CARTESIAN_POINT ( 'NONE',  ( 3.475904198684909876E-16, -2.796875001706990105, -5.676582343749999815 ) ) ;
#7325 = CARTESIAN_POINT ( 'NONE',  ( -0.2877351297109074779, -4.603993403836609488, 62.81957651320689706 ) ) ;
#7326 = CARTESIAN_POINT ( 'NONE',  ( 8.320457853599249891E-14, -11.31250000000000000, 5.000000000000000000 ) ) ;
#7327 =( GEOMETRIC_REPRESENTATION_CONTEXT ( 3 ) GLOBAL_UNCERTAINTY_ASSIGNED_CONTEXT ( ( #2109 ) ) GLOBAL_UNIT_ASSIGNED_CONTEXT ( ( #455, #7664, #4534 ) ) REPRESENTATION_CONTEXT ( 'NONE', 'WORKASPACE' ) );
#7328 = CARTESIAN_POINT ( 'NONE',  ( 1.091835113635212240, 4.000000000000008882, 71.75795035556406276 ) ) ;
#7329 = CARTESIAN_POINT ( 'NONE',  ( -2.351317394708905439, -9.593750001706986552, 5.676582343750006032 ) ) ;
#7330 = DIRECTION ( 'NONE',  ( 4.672177829550819485E-14, -1.000000000000000000, 0.000000000000000000 ) ) ;
#7331 = CARTESIAN_POINT ( 'NONE',  ( -3.569713094751397087, -0.4648091519916957570, 50.75252695056774144 ) ) ;
#7332 = CARTESIAN_POINT ( 'NONE',  ( -4.013949869229449519, -3.421875001706990105, 4.013949869229449519 ) ) ;
#7333 = AXIS2_PLACEMENT_3D ( 'NONE', #7183, #4810, #2493 ) ;
#7334 = VERTEX_POINT ( 'NONE', #3502 ) ;
#7335 = CARTESIAN_POINT ( 'NONE',  ( -9.184850993605149917E-16, -4.125000003413985539, 5.000000000000000000 ) ) ;
#7336 = AXIS2_PLACEMENT_3D ( 'NONE', #938, #7470, #6926 ) ;
#7337 = CARTESIAN_POINT ( 'NONE',  ( -2.071067811865475949, -9.671875003413980210, -5.000000000000005329 ) ) ;
#7338 = ADVANCED_FACE ( 'NONE', ( #2902 ), #1112, .T. ) ;
#7339 = CARTESIAN_POINT ( 'NONE',  ( 3.535533905932739973, -3.343750000000000000, -3.535533905932739973 ) ) ;
#7340 = CARTESIAN_POINT ( 'NONE',  ( -5.000000000000005329, -5.765625003413987315, -2.071067811865475949 ) ) ;
#7341 = CARTESIAN_POINT ( 'NONE',  ( -5.676582343750006032, -11.31250000170700609, -2.351317394708899666 ) ) ;
#7342 = ORIENTED_EDGE ( 'NONE', *, *, #2937, .T. ) ;
#7343 = FACE_OUTER_BOUND ( 'NONE', #7102, .T. ) ;
#7344 = CARTESIAN_POINT ( 'NONE',  ( -1.097303205873659149, 1.369874767349002376, 48.64144086541858059 ) ) ;
#7345 = PRESENTATION_LAYER_ASSIGNMENT (  '', '', ( #5964 ) ) ;
#7346 = CARTESIAN_POINT ( 'NONE',  ( 3.061616997868385113E-16, -0.6875000000000000000, -5.000000000000000000 ) ) ;
#7347 = CARTESIAN_POINT ( 'NONE',  ( 0.000000000000000000, -13.50000000000000000, 0.000000000000000000 ) ) ;
#7348 = ORIENTED_EDGE ( 'NONE', *, *, #3475, .T. ) ;
#7349 = CARTESIAN_POINT ( 'NONE',  ( -8.281151507387139787, 3.955567727541879464, 1.656543214745067827 ) ) ;
#7350 = CYLINDRICAL_SURFACE ( 'NONE', #5279, 5.000000000000000000 ) ;
#7351 = CARTESIAN_POINT ( 'NONE',  ( 0.3505649575343690039, 0.7273054338919926476, 49.77882476424078817 ) ) ;
#7352 = DIRECTION ( 'NONE',  ( 0.000000000000000000, 1.000000000000000000, 0.000000000000000000 ) ) ;
#7353 = DIRECTION ( 'NONE',  ( 0.000000000000000000, 0.000000000000000000, -1.000000000000000000 ) ) ;
#7354 = CARTESIAN_POINT ( 'NONE',  ( -3.048041861094244798, -0.7999190408822907106, 50.20730608957430974 ) ) ;
#7355 = CARTESIAN_POINT ( 'NONE',  ( 0.7660046638992290546, 4.477253316603870700E-16, 42.31832445289810352 ) ) ;
#7356 = FACE_OUTER_BOUND ( 'NONE', #1114, .T. ) ;
#7357 =( GEOMETRIC_REPRESENTATION_CONTEXT ( 3 ) GLOBAL_UNCERTAINTY_ASSIGNED_CONTEXT ( ( #2518 ) ) GLOBAL_UNIT_ASSIGNED_CONTEXT ( ( #5700, #7380, #3225 ) ) REPRESENTATION_CONTEXT ( 'NONE', 'WORKASPACE' ) );
#7358 = CARTESIAN_POINT ( 'NONE',  ( 0.4751966844131880197, 0.2121259352025059997, 49.75659107413839877 ) ) ;
#7359 = CARTESIAN_POINT ( 'NONE',  ( -5.676582343750004256, -6.156250001706986552, 2.351317394708899666 ) ) ;
#7360 = CARTESIAN_POINT ( 'NONE',  ( -2.828496188070320085E-11, -7.562500000001070255, 5.000000000000000000 ) ) ;
#7361 = CARTESIAN_POINT ( 'NONE',  ( 3.475904198684909876E-16, -6.546875001706989217, -5.676582343749999815 ) ) ;
#7362 = CARTESIAN_POINT ( 'NONE',  ( 4.013949869229449519, -1.703125001706990105, -4.013949869229449519 ) ) ;
#7363 = CARTESIAN_POINT ( 'NONE',  ( -4.592451585783913437, -0.07343834576585629714, -3.336611384876651432 ) ) ;
#7364 = CARTESIAN_POINT ( 'NONE',  ( 5.766939077433449690, 4.069719131841526227, -6.011368794846418062 ) ) ;
#7365 = CARTESIAN_POINT ( 'NONE',  ( 3.023580509089065949, 3.198667369592726129, 71.65311305090976646 ) ) ;
#7366 = CARTESIAN_POINT ( 'NONE',  ( 5.676582343750006032, -9.125000001706995434, -2.351317394708899666 ) ) ;
#7367 = EDGE_CURVE ( 'NONE', #2542, #6409, #6554, .T. ) ;
#7368 = DIRECTION ( 'NONE',  ( 0.000000000000000000, 0.000000000000000000, 1.000000000000000000 ) ) ;
#7369 = CARTESIAN_POINT ( 'NONE',  ( 2.044946362129680839, -2.558933895674179837, 62.69298009900188617 ) ) ;
#7370 = CARTESIAN_POINT ( 'NONE',  ( 1.614458795362602839, -3.895890706673260873, 71.72958716739768192 ) ) ;
#7371 = CARTESIAN_POINT ( 'NONE',  ( -9.184850993605149917E-16, -2.875000003413984651, 5.000000000000000000 ) ) ;
#7372 = FACE_OUTER_BOUND ( 'NONE', #7489, .T. ) ;
#7373 = CARTESIAN_POINT ( 'NONE',  ( -5.000000000000005329, -9.515625003413980210, -2.071067811865475949 ) ) ;
#7374 = CARTESIAN_POINT ( 'NONE',  ( 2.071067811865475949, -1.234375000000000444, 4.999999999999994671 ) ) ;
#7375 = CARTESIAN_POINT ( 'NONE',  ( -5.676582343750006032, -8.812500001706991881, -2.351317394708899666 ) ) ;
#7376 = ORIENTED_EDGE ( 'NONE', *, *, #2201, .T. ) ;
#7377 = ORIENTED_EDGE ( 'NONE', *, *, #3283, .F. ) ;
#7378 = CARTESIAN_POINT ( 'NONE',  ( 2.246693820822804888, 8.303914184045090095E-16, 61.17982374665789536 ) ) ;
#7379 = CARTESIAN_POINT ( 'NONE',  ( -1.607318698222092390, 1.352374524926273081, 48.69334982719838933 ) ) ;
#7380 =( NAMED_UNIT ( * ) PLANE_ANGLE_UNIT ( ) SI_UNIT ( $, .RADIAN. ) );
#7381 = ORIENTED_EDGE ( 'NONE', *, *, #7703, .T. ) ;
#7382 = CARTESIAN_POINT ( 'NONE',  ( -7.583798285009927476, 4.293404661833664093, 2.864471250796842394 ) ) ;
#7383 = CARTESIAN_POINT ( 'NONE',  ( 15.28553842331584889, 4.477253316603864784E-16, 10.73021057252056032 ) ) ;
#7384 = CARTESIAN_POINT ( 'NONE',  ( 5.676582343749999815, -12.95312500170700076, 0.000000000000000000 ) ) ;
#7385 = CARTESIAN_POINT ( 'NONE',  ( -0.3039222912928670750, 1.541948759439117023, 49.86090330996368181 ) ) ;
#7386 = CARTESIAN_POINT ( 'NONE',  ( -3.425116627261814539, 6.721286557412869754E-15, 72.00308879196640532 ) ) ;
#7387 = CARTESIAN_POINT ( 'NONE',  ( -2.182535553003254858, -1.067873298249969238, 49.54450523993888567 ) ) ;
#7388 = FACE_OUTER_BOUND ( 'NONE', #2083, .T. ) ;
#7389 = DIRECTION ( 'NONE',  ( 0.000000000000000000, 0.000000000000000000, -1.000000000000000000 ) ) ;
#7390 = CARTESIAN_POINT ( 'NONE',  ( 0.8485686106247105620, 4.356117411745087153, 8.000081090811011819 ) ) ;
#7391 = CARTESIAN_POINT ( 'NONE',  ( 4.013949869229449519, -4.515625001706989217, 4.013949869229449519 ) ) ;
#7392 = CARTESIAN_POINT ( 'NONE',  ( -2.351317394708905439, -3.500000001706992325, 5.676582343750006032 ) ) ;
#7393 = EDGE_CURVE ( 'NONE', #6590, #7334, #7124, .T. ) ;
#7394 = CARTESIAN_POINT ( 'NONE',  ( 5.676582343750006032, -1.781250001706992325, -2.351317394708899666 ) ) ;
#7395 = DIRECTION ( 'NONE',  ( 0.000000000000000000, 1.000000000000000000, 0.000000000000000000 ) ) ;
#7396 = ADVANCED_FACE ( 'NONE', ( #6015 ), #4372, .T. ) ;
#7397 = CARTESIAN_POINT ( 'NONE',  ( -7.803203230275509661, 4.210830322920400270, -2.484455543377180220 ) ) ;
#7398 = AXIS2_PLACEMENT_3D ( 'NONE', #2269, #5933, #7154 ) ;
#7399 = FACE_OUTER_BOUND ( 'NONE', #1184, .T. ) ;
#7400 = CARTESIAN_POINT ( 'NONE',  ( -5.676582343750006032, -7.250000001706996322, 2.351317394708899666 ) ) ;
#7401 = PLANE ( 'NONE',  #6497 ) ;
#7402 = ORIENTED_EDGE ( 'NONE', *, *, #5234, .F. ) ;
#7403 = CARTESIAN_POINT ( 'NONE',  ( -3.715519077382675395, 2.622049124298944989, 63.00560497785689762 ) ) ;
#7404 = DIRECTION ( 'NONE',  ( 0.000000000000000000, 0.000000000000000000, -1.000000000000000000 ) ) ;
#7405 = EDGE_CURVE ( 'NONE', #720, #3620, #4076, .T. ) ;
#7406 = DIRECTION ( 'NONE',  ( 0.000000000000000000, 0.000000000000000000, 1.000000000000000000 ) ) ;
#7407 = CARTESIAN_POINT ( 'NONE',  ( 2.071067811865475949, -3.578125003413980210, -5.000000000000005329 ) ) ;
#7408 = CARTESIAN_POINT ( 'NONE',  ( 3.535533905932735088, -2.406250000000000000, 3.535533905932739973 ) ) ;
#7409 = CARTESIAN_POINT ( 'NONE',  ( -4.013949869229449519, -12.17187500170700076, 4.013949869229449519 ) ) ;
#7410 = ORIENTED_EDGE ( 'NONE', *, *, #2553, .F. ) ;
#7411 = CARTESIAN_POINT ( 'NONE',  ( 1.750000000000000000, 0.5999999999999999778, 7.447147104764350267 ) ) ;
#7412 = CARTESIAN_POINT ( 'NONE',  ( 0.007119260505257819609, -6.219871385070530605E-10, 48.52246411748139820 ) ) ;
#7413 = DIRECTION ( 'NONE',  ( 0.000000000000000000, -1.000000000000000000, 0.000000000000000000 ) ) ;
#7414 = FILL_AREA_STYLE ('',( #5021 ) ) ;
#7415 = ORIENTED_EDGE ( 'NONE', *, *, #4397, .T. ) ;
#7416 = FACE_OUTER_BOUND ( 'NONE', #2245, .T. ) ;
#7417 =( GEOMETRIC_REPRESENTATION_CONTEXT ( 3 ) GLOBAL_UNCERTAINTY_ASSIGNED_CONTEXT ( ( #7473 ) ) GLOBAL_UNIT_ASSIGNED_CONTEXT ( ( #384, #1546, #2812 ) ) REPRESENTATION_CONTEXT ( 'NONE', 'WORKASPACE' ) );
#7418 = CARTESIAN_POINT ( 'NONE',  ( -2.720736080262520229, -2.749999999999999112, 50.25916868121086623 ) ) ;
#7419 = CARTESIAN_POINT ( 'NONE',  ( 2.351317394708899666, -8.968750001706991881, -5.676582343750006032 ) ) ;
#7420 = CARTESIAN_POINT ( 'NONE',  ( -3.099498167096002010, -2.418952466920829547, 69.48173829001868285 ) ) ;
#7421 = SHAPE_REPRESENTATION ( 'COMBO SISO MOBILE GNSS WIFI ROOF SMA ANTENNA.STEP', ( #668 ), #6849 ) ;
#7422 = CARTESIAN_POINT ( 'NONE',  ( -2.297796037068102315, 0.9609564043789240451, 49.56157089251239256 ) ) ;
#7423 = CARTESIAN_POINT ( 'NONE',  ( -3.195297878503525091, 1.372367204112044127E-15, 61.47516481129870414 ) ) ;
#7424 = STYLED_ITEM ( 'NONE', ( #13 ), #6319 ) ;
#7425 = CARTESIAN_POINT ( 'NONE',  ( 7.027792665696154017, 4.399999999999987921, 3.827506037954366835 ) ) ;
#7426 = PRESENTATION_STYLE_ASSIGNMENT (( #5030 ) ) ;
#7427 = AXIS2_PLACEMENT_3D ( 'NONE', #6118, #2017, #5610 ) ;
#7428 = DIRECTION ( 'NONE',  ( 0.05419102103501149265, 2.531900870405033358E-15, 0.9985305870323567534 ) ) ;
#7429 = PRESENTATION_STYLE_ASSIGNMENT (( #5032 ) ) ;
#7430 = SURFACE_STYLE_USAGE ( .BOTH. , #656 ) ;
#7431 = COLOUR_RGB ( '',0.5019607843137254832, 0.5019607843137254832, 0.000000000000000000 ) ;
#7432 = CARTESIAN_POINT ( 'NONE',  ( 5.676582343749999815, -3.109375001706990105, 0.000000000000000000 ) ) ;
#7433 = CARTESIAN_POINT ( 'NONE',  ( -3.363277440655104922, 2.622049124298944989, 69.49605379356731305 ) ) ;
#7434 = CARTESIAN_POINT ( 'NONE',  ( -5.676582343749999815, -3.734375001706989661, -6.951808397369819752E-16 ) ) ;
#7435 = CARTESIAN_POINT ( 'NONE',  ( 4.013949869229449519, -0.4531250017069909930, -4.013949869229449519 ) ) ;
#7436 = ADVANCED_FACE ( 'NONE', ( #1830 ), #2503, .F. ) ;
#7437 = CARTESIAN_POINT ( 'NONE',  ( 3.535533905932739973, -2.406250003413984651, -3.535533905932739973 ) ) ;
#7438 = PRODUCT_DEFINITION ( 'UNKNOWN', '', #7451, #1084 ) ;
#7439 = FILL_AREA_STYLE ('',( #6145 ) ) ;
#7440 = ORIENTED_EDGE ( 'NONE', *, *, #5331, .F. ) ;
#7441 = FACE_OUTER_BOUND ( 'NONE', #7771, .T. ) ;
#7442 = CARTESIAN_POINT ( 'NONE',  ( -2.351317394708899666, -5.062500001706985664, -5.676582343750006032 ) ) ;
#7443 = FACE_OUTER_BOUND ( 'NONE', #7191, .T. ) ;
#7444 = CARTESIAN_POINT ( 'NONE',  ( -2.779940451125904932, -1.644886014911245198, 51.45344768093089982 ) ) ;
#7445 = MECHANICAL_DESIGN_GEOMETRIC_PRESENTATION_REPRESENTATION (  '', ( #2975 ), #4065 ) ;
#7446 = CARTESIAN_POINT ( 'NONE',  ( 0.4995500457665961180, -3.200000000000001066, 62.77684994272532748 ) ) ;
#7447 = CARTESIAN_POINT ( 'NONE',  ( -3.560594179849344787, 6.496190162766541038E-17, 69.50676232438560476 ) ) ;
#7448 = EDGE_CURVE ( 'NONE', #3700, #5813, #601, .T. ) ;
#7449 =( NAMED_UNIT ( * ) PLANE_ANGLE_UNIT ( ) SI_UNIT ( $, .RADIAN. ) );
#7450 = LINE ( 'NONE', #3100, #5984 ) ;
#7451 = PRODUCT_DEFINITION_FORMATION_WITH_SPECIFIED_SOURCE ( 'ANY', '', #2786, .NOT_KNOWN. ) ;
#7452 = ADVANCED_FACE ( 'NONE', ( #2381 ), #1279, .F. ) ;
#7453 = CARTESIAN_POINT ( 'NONE',  ( -2.071067811865475949, -7.171875003413978433, -5.000000000000005329 ) ) ;
#7454 = CARTESIAN_POINT ( 'NONE',  ( 5.676582343749999815, -9.359375001706990105, 0.000000000000000000 ) ) ;
#7455 = CARTESIAN_POINT ( 'NONE',  ( -2.351317394708899666, -12.56250000170699543, -5.676582343750004256 ) ) ;
#7456 = PRODUCT_DEFINITION_FORMATION_WITH_SPECIFIED_SOURCE ( 'ANY', '', #2202, .NOT_KNOWN. ) ;
#7457 = ORIENTED_EDGE ( 'NONE', *, *, #4656, .T. ) ;
#7458 = CARTESIAN_POINT ( 'NONE',  ( 2.841724687149077777, -3.282697217478167673, 69.15930356758823905 ) ) ;
#7459 = CARTESIAN_POINT ( 'NONE',  ( -1.384487055870030181, 1.375908228604167505, 48.67055946227679897 ) ) ;
#7460 = CARTESIAN_POINT ( 'NONE',  ( -4.233369929856508840, 3.355111804796203412, 8.000000000000039080 ) ) ;
#7461 = EDGE_LOOP ( 'NONE', ( #1832, #7254, #5950, #4809 ) ) ;
#7462 = PRESENTATION_LAYER_ASSIGNMENT (  '', '', ( #6455 ) ) ;
#7463 = CARTESIAN_POINT ( 'NONE',  ( 12.53592464316425925, 6.161142665431478987E-16, 10.88671310266082060 ) ) ;
#7464 = CARTESIAN_POINT ( 'NONE',  ( 0.4495588761351857476, -1.315194551258807243, 50.23496774436397061 ) ) ;
#7465 = CARTESIAN_POINT ( 'NONE',  ( 4.013949869229449519, -6.546875001706989217, -4.013949869229449519 ) ) ;
#7466 = CARTESIAN_POINT ( 'NONE',  ( 3.061616997868385113E-16, -11.93750000000000000, -5.000000000000000000 ) ) ;
#7467 = EDGE_CURVE ( 'NONE', #805, #5134, #6629, .T. ) ;
#7468 = CARTESIAN_POINT ( 'NONE',  ( -1.907307581993890055, 1.260731041469711933, 48.72290543524970019 ) ) ;
#7469 = DIRECTION ( 'NONE',  ( 0.000000000000000000, 0.000000000000000000, 1.000000000000000000 ) ) ;
#7470 = DIRECTION ( 'NONE',  ( -0.9953291098917268487, 0.08001310559515900644, 0.05401727441440239835 ) ) ;
#7471 = CARTESIAN_POINT ( 'NONE',  ( -1.280363805555795986, 3.613021264067779903, 69.38301247257049909 ) ) ;
#7472 = CARTESIAN_POINT ( 'NONE',  ( -1.104321914831445817, -1.858073878136422552, 49.96127994736575317 ) ) ;
#7473 = UNCERTAINTY_MEASURE_WITH_UNIT (LENGTH_MEASURE( 1.000000000000000082E-05 ), #384, 'distance_accuracy_value', 'NONE');
#7474 = FILL_AREA_STYLE ('',( #3158 ) ) ;
#7475 = CARTESIAN_POINT ( 'NONE',  ( 3.535533905932739973, -1.156250003413983984, -3.535533905932739973 ) ) ;
#7476 = CARTESIAN_POINT ( 'NONE',  ( 0.1721316961570961979, 2.999927132689283571, 71.80786336563083694 ) ) ;
#7477 = CARTESIAN_POINT ( 'NONE',  ( 3.475904198684909876E-16, -6.546875001706989217, -5.676582343749999815 ) ) ;
#7478 = CARTESIAN_POINT ( 'NONE',  ( -3.535533905932775056, -11.78125000000000000, -3.535533905932775056 ) ) ;
#7479 = CYLINDRICAL_SURFACE ( 'NONE', #7545, 5.000000000000000000 ) ;
#7480 = CARTESIAN_POINT ( 'NONE',  ( 2.351317394708899666, -2.093750001706989661, 5.676582343750006032 ) ) ;
#7481 = DIRECTION ( 'NONE',  ( 0.000000000000000000, 1.000000000000000000, 0.000000000000000000 ) ) ;
#7482 = CARTESIAN_POINT ( 'NONE',  ( -5.005655359778923952, 3.549248899228059972, 7.329950591683265237 ) ) ;
#7483 = EDGE_LOOP ( 'NONE', ( #5375, #4977, #5299, #1159 ) ) ;
#7484 = UNCERTAINTY_MEASURE_WITH_UNIT (LENGTH_MEASURE( 1.000000000000000082E-05 ), #1345, 'distance_accuracy_value', 'NONE');
#7485 = CARTESIAN_POINT ( 'NONE',  ( 0.000000000000000000, 0.000000000000000000, 0.000000000000000000 ) ) ;
#7486 = CARTESIAN_POINT ( 'NONE',  ( -5.676582343749999815, -8.578125001706991881, -6.951808397369819752E-16 ) ) ;
#7487 = SURFACE_STYLE_USAGE ( .BOTH. , #5725 ) ;
#7488 = CARTESIAN_POINT ( 'NONE',  ( -3.149590973493869850, -1.185501945387347877, 51.51887502831330323 ) ) ;
#7489 = EDGE_LOOP ( 'NONE', ( #1162, #1518, #2165, #1906 ) ) ;
#7490 = CARTESIAN_POINT ( 'NONE',  ( 4.563128068997042597, -0.5235987755983011471, 71.56956062368635685 ) ) ;
#7491 = PLANE ( 'NONE',  #4663 ) ;
#7492 = EDGE_CURVE ( 'NONE', #7072, #1698, #2625, .T. ) ;
#7493 = CARTESIAN_POINT ( 'NONE',  ( -0.03534623235158705634, -0.3856752075803576707, 48.52694855420568132 ) ) ;
#7494 = B_SPLINE_CURVE_WITH_KNOTS ( 'NONE', 3,
 ( #7403, #1976, #5526, #797 ),
 .UNSPECIFIED., .F., .F.,
 ( 4, 4 ),
 ( 0.000000000000000000, 1.000000000000000000 ),
 .UNSPECIFIED. ) ;
#7495 = CARTESIAN_POINT ( 'NONE',  ( 5.000000000000000000, -7.562500003413980210, 0.000000000000000000 ) ) ;
#7496 = CARTESIAN_POINT ( 'NONE',  ( -5.676582343750006032, -11.15625000170699366, 2.351317394708899666 ) ) ;
#7497 = PLANE ( 'NONE',  #3696 ) ;
#7498 = ORIENTED_EDGE ( 'NONE', *, *, #754, .T. ) ;
#7499 = SURFACE_STYLE_USAGE ( .BOTH. , #5656 ) ;
#7500 = SURFACE_STYLE_FILL_AREA ( #5775 ) ;
#7501 = CARTESIAN_POINT ( 'NONE',  ( -3.856341382576283561, 3.525731130517416378, 7.999846217855306030 ) ) ;
#7502 = ORIENTED_EDGE ( 'NONE', *, *, #1291, .F. ) ;
#7503 = CARTESIAN_POINT ( 'NONE',  ( -0.9039633033175130672, -2.224914525271709742, 51.11205476600409980 ) ) ;
#7504 = CARTESIAN_POINT ( 'NONE',  ( -4.013949869229449519, -7.171875001706990105, 4.013949869229449519 ) ) ;
#7505 = CARTESIAN_POINT ( 'NONE',  ( -3.535533905932735088, -10.53125000000000000, -3.535533905932739973 ) ) ;
#7506 = CARTESIAN_POINT ( 'NONE',  ( -2.464824836487755189, 0.7484532962761647479, 49.58639538533991953 ) ) ;
#7507 = FACE_OUTER_BOUND ( 'NONE', #321, .T. ) ;
#7508 = CARTESIAN_POINT ( 'NONE',  ( 5.000000000000000000, -12.56250000341398021, 0.000000000000000000 ) ) ;
#7509 = SURFACE_STYLE_USAGE ( .BOTH. , #6176 ) ;
#7510 = CARTESIAN_POINT ( 'NONE',  ( -0.5355691374576232455, -1.680022730138328590, 49.88988275513695925 ) ) ;
#7511 = CARTESIAN_POINT ( 'NONE',  ( 2.738236337499214985E-11, -11.93750000000101963, -5.000000000000000000 ) ) ;
#7512 = CARTESIAN_POINT ( 'NONE',  ( 5.000000000000038192, -7.171874999999984013, -2.071067811865491937 ) ) ;
#7513 = CIRCLE ( 'NONE', #5366, 6.000000000000000000 ) ;
#7514 = CARTESIAN_POINT ( 'NONE',  ( 16.37500000000000000, -2.475269263649387518E-15, -21.82837608655076522 ) ) ;
#7515 = DIRECTION ( 'NONE',  ( 0.000000000000000000, -1.000000000000000000, 0.000000000000000000 ) ) ;
#7516 = CARTESIAN_POINT ( 'NONE',  ( -1.699999999999999956, -15.00000000000000000, 1.375000000000000000 ) ) ;
#7517 = CARTESIAN_POINT ( 'NONE',  ( 13.79854371601289209, -0.6924760980099815555, 0.000000000000000000 ) ) ;
#7518 = CARTESIAN_POINT ( 'NONE',  ( -9.184850993605149917E-16, -11.62500000341399975, 5.000000000000000000 ) ) ;
#7519 = ORIENTED_EDGE ( 'NONE', *, *, #6348, .T. ) ;
#7520 = DIRECTION ( 'NONE',  ( 0.000000000000000000, 0.000000000000000000, 1.000000000000000000 ) ) ;
#7521 = CARTESIAN_POINT ( 'NONE',  ( -4.013949869229449519, 0.01562499829300954823, -4.013949869229449519 ) ) ;
#7522 = CARTESIAN_POINT ( 'NONE',  ( -3.535533905932735088, -7.093750003413980210, -3.535533905932739973 ) ) ;
#7523 = CARTESIAN_POINT ( 'NONE',  ( 3.061616997868385113E-16, -10.68750000000000000, -5.000000000000000000 ) ) ;
#7524 = ORIENTED_EDGE ( 'NONE', *, *, #4748, .F. ) ;
#7525 = B_SPLINE_CURVE_WITH_KNOTS ( 'NONE', 3,
 ( #5001, #229, #6144, #6818 ),
 .UNSPECIFIED., .F., .F.,
 ( 4, 4 ),
 ( 0.000000000000000000, 1.000000000000000000 ),
 .UNSPECIFIED. ) ;
#7526 = PRESENTATION_LAYER_ASSIGNMENT (  '', '', ( #4752 ) ) ;
#7527 = ORIENTED_EDGE ( 'NONE', *, *, #4341, .T. ) ;
#7528 = CARTESIAN_POINT ( 'NONE',  ( -2.829189677374083889, 9.173176817178432338E-06, -4.851658790426020218 ) ) ;
#7529 = CARTESIAN_POINT ( 'NONE',  ( 1.604619215278544669E-14, 1.502996196021095109E-15, 61.30175354398659948 ) ) ;
#7530 = STYLED_ITEM ( 'NONE', ( #4745 ), #1330 ) ;
#7531 = VECTOR ( 'NONE', #1854, 1000.000000000000000 ) ;
#7532 = CARTESIAN_POINT ( 'NONE',  ( -2.071067811865475949, -4.203125003413981098, 4.999999999999994671 ) ) ;
#7533 = CARTESIAN_POINT ( 'NONE',  ( -5.676582343750006032, -8.812500001706991881, -2.351317394708899666 ) ) ;
#7534 = CARTESIAN_POINT ( 'NONE',  ( 5.676582343749999815, -11.70312500170700076, 0.000000000000000000 ) ) ;
#7535 = VERTEX_POINT ( 'NONE', #6364 ) ;
#7536 = PRESENTATION_STYLE_ASSIGNMENT (( #7499 ) ) ;
#7537 = SURFACE_STYLE_USAGE ( .BOTH. , #3417 ) ;
#7538 = EDGE_LOOP ( 'NONE', ( #2380, #1079 ) ) ;
#7539 = CARTESIAN_POINT ( 'NONE',  ( 0.4751943703657559581, 0.2121256440770090124, 49.75659307256120201 ) ) ;
#7540 = CARTESIAN_POINT ( 'NONE',  ( 5.676582343750006032, -6.781250001706992769, 2.351317394708905439 ) ) ;
#7541 = CARTESIAN_POINT ( 'NONE',  ( -2.071067811865475949, -13.10937499999998934, -5.000000000000005329 ) ) ;
#7542 = B_SPLINE_CURVE_WITH_KNOTS ( 'NONE', 3,
 ( #1794, #2427, #5, #2265 ),
 .UNSPECIFIED., .F., .F.,
 ( 4, 4 ),
 ( 0.000000000000000000, 1.000000000000000000 ),
 .UNSPECIFIED. ) ;
#7543 =( NAMED_UNIT ( * ) PLANE_ANGLE_UNIT ( ) SI_UNIT ( $, .RADIAN. ) );
#7544 = PRESENTATION_LAYER_ASSIGNMENT (  '', '', ( #2130 ) ) ;
#7545 = AXIS2_PLACEMENT_3D ( 'NONE', #7592, #6341, #2196 ) ;
#7546 = CARTESIAN_POINT ( 'NONE',  ( 6.430838922484436004, 0.06160928238922101785, 4.861719171017238494 ) ) ;
#7547 = EDGE_CURVE ( 'NONE', #3524, #2062, #6877, .T. ) ;
#7548 = CIRCLE ( 'NONE', #4537, 40.00000000000000000 ) ;
#7549 = EDGE_CURVE ( 'NONE', #5167, #5022, #4981, .T. ) ;
#7550 = CARTESIAN_POINT ( 'NONE',  ( -1.185256453815878741, -1.370930855273318816, 49.40036088623649846 ) ) ;
#7551 =( NAMED_UNIT ( * ) PLANE_ANGLE_UNIT ( ) SI_UNIT ( $, .RADIAN. ) );
#7552 = FILL_AREA_STYLE ('',( #5672 ) ) ;
#7553 = CARTESIAN_POINT ( 'NONE',  ( -4.013949869229449519, -2.328125001706990105, 4.013949869229449519 ) ) ;
#7554 = SURFACE_SIDE_STYLE ('',( #3990 ) ) ;
#7555 = SURFACE_STYLE_FILL_AREA ( #5720 ) ;
#7556 = STYLED_ITEM ( 'NONE', ( #4072 ), #3617 ) ;
#7557 = PRESENTATION_LAYER_ASSIGNMENT (  '', '', ( #381 ) ) ;
#7558 = CARTESIAN_POINT ( 'NONE',  ( -4.013949869229449519, -2.171875001706990105, 4.013949869229449519 ) ) ;
#7559 = CARTESIAN_POINT ( 'NONE',  ( -2.071067811865487052, -6.703125003413982874, 4.999999999999994671 ) ) ;
#7560 = CARTESIAN_POINT ( 'NONE',  ( 4.898587196589409870E-15, 0.000000000000000000, 40.00000000000000000 ) ) ;
#7561 = COLOUR_RGB ( '',0.2509803921568627416, 0.2509803921568627416, 0.2509803921568627416 ) ;
#7562 = ORIENTED_EDGE ( 'NONE', *, *, #3826, .T. ) ;
#7563 = PLANE ( 'NONE',  #6192 ) ;
#7564 = DIRECTION ( 'NONE',  ( 0.000000000000000000, 0.000000000000000000, 1.000000000000000000 ) ) ;
#7565 = CARTESIAN_POINT ( 'NONE',  ( 6.928203230275539859, 0.000000000000000000, -4.000000000000000000 ) ) ;
#7566 = MECHANICAL_DESIGN_GEOMETRIC_PRESENTATION_REPRESENTATION (  '', ( #6566 ), #3409 ) ;
#7567 = CARTESIAN_POINT ( 'NONE',  ( 4.999999999999994671, -5.140625003413979321, 2.071067811865475949 ) ) ;
#7568 = CARTESIAN_POINT ( 'NONE',  ( -5.676582343750006032, -8.656250001706988328, 2.351317394708899666 ) ) ;
#7569 = CARTESIAN_POINT ( 'NONE',  ( -5.676582343750004256, -8.500000001706988328, 2.351317394708899666 ) ) ;
#7570 = MECHANICAL_DESIGN_GEOMETRIC_PRESENTATION_REPRESENTATION (  '', ( #5574 ), #3442 ) ;
#7571 = EDGE_LOOP ( 'NONE', ( #6513, #5324, #1156 ) ) ;
#7572 = CARTESIAN_POINT ( 'NONE',  ( 6.928203230275489233, 4.400000000000000355, -4.000000000000000000 ) ) ;
#7573 = FACE_OUTER_BOUND ( 'NONE', #5200, .T. ) ;
#7574 = CARTESIAN_POINT ( 'NONE',  ( 2.278416970834740596, 0.3180899309075834180, -7.999999902076488922 ) ) ;
#7575 = CARTESIAN_POINT ( 'NONE',  ( -2.555173765024522758, -1.966549503919716058, 61.44042478455433098 ) ) ;
#7576 = ORIENTED_EDGE ( 'NONE', *, *, #4781, .T. ) ;
#7577 = EDGE_CURVE ( 'NONE', #7029, #463, #4448, .T. ) ;
#7578 = CARTESIAN_POINT ( 'NONE',  ( 0.9494088741223799532, -0.09368479510727120707, 50.75615838128049973 ) ) ;
#7579 = CARTESIAN_POINT ( 'NONE',  ( -4.013949869229449519, -7.484375001706989217, -4.013949869229449519 ) ) ;
#7580 = CARTESIAN_POINT ( 'NONE',  ( 5.000000000000000000, -12.25000000000000000, 0.000000000000000000 ) ) ;
#7581 = CARTESIAN_POINT ( 'NONE',  ( -1.975730953774159637, -2.134875150654259368, 51.30840002272420719 ) ) ;
#7582 = COLOUR_RGB ( '',0.5019607843137254832, 0.5019607843137254832, 0.5019607843137254832 ) ;
#7583 = DIRECTION ( 'NONE',  ( 0.000000000000000000, 1.000000000000000000, 0.000000000000000000 ) ) ;
#7584 = CARTESIAN_POINT ( 'NONE',  ( -3.535533905932719989, -8.031250000000000000, -3.535533905932719989 ) ) ;
#7585 = EDGE_CURVE ( 'NONE', #6472, #603, #6744, .T. ) ;
#7586 = CARTESIAN_POINT ( 'NONE',  ( -0.05236156448081479703, -0.4119216328725840426, 48.52921236154680429 ) ) ;
#7587 = CARTESIAN_POINT ( 'NONE',  ( -5.000000000000000000, -8.187500003413980210, -6.123233995736771213E-16 ) ) ;
#7588 = CARTESIAN_POINT ( 'NONE',  ( 5.000000000000000000, -7.250000000000000000, 0.000000000000000000 ) ) ;
#7589 = CARTESIAN_POINT ( 'NONE',  ( -0.2107216719566123719, 2.923806530756122957, 71.82864111164502674 ) ) ;
#7590 = STYLED_ITEM ( 'NONE', ( #239 ), #6975 ) ;
#7591 = CARTESIAN_POINT ( 'NONE',  ( 5.676582343750004256, -0.6875000017069912150, 2.351317394708905439 ) ) ;
#7592 = CARTESIAN_POINT ( 'NONE',  ( 0.000000000000000000, -13.50000000000000000, 0.000000000000000000 ) ) ;
#7593 = CARTESIAN_POINT ( 'NONE',  ( -5.833556559692888221, 0.2919998814136828824, 5.895981379873830974 ) ) ;
#7594 = AXIS2_PLACEMENT_3D ( 'NONE', #1822, #7185, #6119 ) ;
#7595 = CARTESIAN_POINT ( 'NONE',  ( -2.351317394708899666, -1.312500001706992991, -5.676582343750006032 ) ) ;
#7596 = CARTESIAN_POINT ( 'NONE',  ( 0.000000000000000000, -13.50000000000000000, 0.000000000000000000 ) ) ;
#7597 = DIRECTION ( 'NONE',  ( 0.000000000000000000, 0.000000000000000000, -1.000000000000000000 ) ) ;
#7598 = EDGE_LOOP ( 'NONE', ( #7670, #4053, #4614, #6283 ) ) ;
#7599 = CARTESIAN_POINT ( 'NONE',  ( -3.547788271286824724, 0.3200524223806355262, 69.50606733790310443 ) ) ;
#7600 = CARTESIAN_POINT ( 'NONE',  ( -2.747086103143184133, 4.977636443762600442E-06, -4.892405384884627395 ) ) ;
#7601 = DIRECTION ( 'NONE',  ( 0.000000000000000000, 1.000000000000000000, 0.000000000000000000 ) ) ;
#7602 = APPLICATION_PROTOCOL_DEFINITION ( 'draft international standard', 'automotive_design', 1998, #5985 ) ;
#7603 = CARTESIAN_POINT ( 'NONE',  ( 6.411930867382100274, 6.161142665431478987E-16, 31.61781053289665522 ) ) ;
#7604 = EDGE_CURVE ( 'NONE', #442, #5642, #3344, .T. ) ;
#7605 = COLOUR_RGB ( '',0.5019607843137254832, 0.5019607843137254832, 0.000000000000000000 ) ;
#7606 = CARTESIAN_POINT ( 'NONE',  ( -2.071067811865475949, -0.4531250034139831517, 4.999999999999994671 ) ) ;
#7607 = CARTESIAN_POINT ( 'NONE',  ( 3.475904198684909876E-16, -8.890625001706990105, -5.676582343749999815 ) ) ;
#7608 = ORIENTED_EDGE ( 'NONE', *, *, #319, .T. ) ;
#7609 =( NAMED_UNIT ( * ) SI_UNIT ( $, .STERADIAN. ) SOLID_ANGLE_UNIT ( ) );
#7610 = CARTESIAN_POINT ( 'NONE',  ( -2.855953966538510080, 1.568818436949835027, 51.46693766133199688 ) ) ;
#7611 = CARTESIAN_POINT ( 'NONE',  ( 1.151012496658332163, 0.08237095126170568271, -8.000139685249754606 ) ) ;
#7612 = MECHANICAL_DESIGN_GEOMETRIC_PRESENTATION_REPRESENTATION (  '', ( #3357 ), #195 ) ;
#7613 = VERTEX_POINT ( 'NONE', #6208 ) ;
#7614 = CARTESIAN_POINT ( 'NONE',  ( -0.6815409905729878925, -1.699088979646975250, 49.85297391716979831 ) ) ;
#7615 = CARTESIAN_POINT ( 'NONE',  ( -5.676582343749999815, -3.578125001706990105, -6.951808397369819752E-16 ) ) ;
#7616 =( BOUNDED_SURFACE ( )  B_SPLINE_SURFACE ( 1, 2, ( 
 ( #1155, #5967, #1041, #5856, #7101, #6471, #5255, #3536, #5886, #5923, #3582, #477, #519, #5334, #5446, #1196, #6599, #3774, #919, #4890, #5490, #4250, #6753, #7341, #4286, #77, #1826, #4368, #3104, #1358, #7299, #3619, #1865, #3738, #6161, #759, #3182, #2498, #6674, #5534, #713, #6010, #598, #1905, #2590, #4325, #1232, #5578, #166, #6089, #1276, #6713, #3066, #3139, #4976, #7375, #1317, #3660, #1981, #2420, #6050, #636, #3699, #37, #120, #6640, #2541, #3025, #6124, #4937, #2460, #5408, #4814, #1945, #4852, #7226, #7261, #676, #804, #4405, #6789, #1398, #6203, #3817, #7361, #2481, #1377, #4429, #4308, #3086, #7323, #3122, #6656, #4270, #1418, #5470, #2570, #3163, #1886, #6816, #4999, #1929, #5559, #7280, #2005, #737, #3844, #4961, #1253, #4347, #3797, #6227, #827, #3242, #147, #6735, #3204, #6142, #4873, #2522, #7434, #5514, #6694, #7392, #5638, #227, #59, #1964, #1294, #3720, #6108, #2648, #1340, #5036, #696, #97, #4916, #3682, #3758, #4387, #6072, #6772, #660, #6183, #786, #5601, #191, #2611, #6495, #5911, #5954, #2927, #3569, #4726, #548, #6661, #5397, #2409, #6539, #624, #1221, #1770, #3607, #7716, #3052, #5320, #1096, #3688, #587, #7793, #2488 ),
 ( #2449, #3015, #5435, #1141, #1814, #7215, #4803, #1853, #7284, #4878, #28, #3645, #665, #2972, #4275, #4238, #7251, #6626, #4196, #6037, #5356, #6585, #7758, #7178, #505, #1260, #2362, #6076, #4763, #2324, #1187, #5999, #3520, #7129, #3092, #1730, #4840, #5478, #4153, #64, #1891, #1971, #5605, #7329, #2049, #792, #4466, #2617, #6700, #7366, #1426, #3891, #6267, #6863, #3210, #4434, #7486, #5520, #2011, #4314, #198, #273, #6822, #6742, #871, #3287, #3804, #4393, #5004, #743, #833, #2697, #5684, #7400, #1347, #5082, #103, #3763, #6148, #6779, #3169, #3248, #4352, #6233, #6113, #3851, #5644, #1382, #5564, #1303, #3726, #153, #701, #2576, #2528, #4966, #1468, #234, #2653, #6189, #5044, #7442, #3125, #4921, #1935, #6417, #912, #2085, #7044, #3995, #3401, #5873, #3927, #342, #4637, #4571, #1020, #5837, #6382, #3440, #2122, #5196, #2810, #382, #5232, #2879, #456, #4028, #4603, #4066, #4535, #7633, #5796, #2848, #979, #5153, #2200, #6939, #7558, #1544, #2773, #6309, #2233, #3962, #2735, #420, #1654, #5272, #1058, #7595, #5762, #6346, #7009, #308, #1613, #4499, #950, #2160, #6456, #1507, #6905, #3479, #5119, #3331, #6973, #5724, #7521, #1576, #3364, #614, #1249 ) ),
 .UNSPECIFIED., .F., .F., .F. ) 
 B_SPLINE_SURFACE_WITH_KNOTS ( ( 2, 2 ),
 ( 3, 2, 2, 2, 2, 2, 2, 2, 2, 2, 2, 2, 2, 2, 2, 2, 2, 2, 2, 2, 2, 2, 2, 2, 2, 2, 2, 2, 2, 2, 2, 2, 2, 2, 2, 2, 2, 2, 2, 2, 2, 2, 2, 2, 2, 2, 2, 2, 2, 2, 2, 2, 2, 2, 2, 2, 2, 2, 2, 2, 2, 2, 2, 2, 2, 2, 2, 2, 2, 2, 2, 2, 2, 2, 2, 2, 2, 2, 2, 2, 2, 2, 2, 2, 2, 3 ),
 ( 0.000000000000000000, 1.000000000000000000 ),
 ( 0.000000000000000000, 0.01136363636363636048, 0.02272727272727274872, 0.03409090909090910226, 0.04545454545454549744, 0.05681818181818180241, 0.06818181818181820453, 0.07954545454545450256, 0.09090909090909089774, 0.1022727272727271958, 0.1136363636363636048, 0.1250000000000000000, 0.1363636363636364091, 0.1477272727272725961, 0.1590909090909090051, 0.1704545454545454974, 0.1818181818181820175, 0.1931818181818180102, 0.2045454545454545026, 0.2159090909090909949, 0.2272727272727275150, 0.2386363636363634799, 0.2500000000000000000, 0.2613636363636365201, 0.2727272727272725406, 0.2840909090909090051, 0.2954545454545455252, 0.3068181818181820453, 0.3181818181818180102, 0.3295454545454545303, 0.3409090909090910504, 0.3522727272727275150, 0.3636363636363635354, 0.3750000000000000000, 0.3863636363636365201, 0.3977272727272725406, 0.4090909090909090051, 0.4204545454545455252, 0.4318181818181820453, 0.4431818181818180102, 0.4545454545454550299, 0.4659090909090910504, 0.4772727272727270154, 0.4886363636363640350, 0.5000000000000000000, 0.5113636363636360205, 0.5227272727272730402, 0.5340909090909089496, 0.5454545454545449701, 0.5568181818181819898, 0.5681818181818180102, 0.5795454545454550299, 0.5909090909090910504, 0.6022727272727269598, 0.6136363636363639795, 0.6250000000000000000, 0.6363636363636360205, 0.6477272727272730402, 0.6590909090909089496, 0.6704545454545449701, 0.6818181818181819898, 0.6931818181818180102, 0.7045454545454550299, 0.7159090909090910504, 0.7272727272727269598, 0.7386363636363639795, 0.7500000000000000000, 0.7613636363636360205, 0.7727272727272730402, 0.7840909090909089496, 0.7954545454545449701, 0.8068181818181819898, 0.8181818181818180102, 0.8295454545454550299, 0.8409090909090910504, 0.8522727272727269598, 0.8636363636363639795, 0.8750000000000000000, 0.8863636363636360205, 0.8977272727272730402, 0.9090909090909089496, 0.9204545454545449701, 0.9318181818181819898, 0.9431818181818180102, 0.9454828134071889822, 0.9549376415412600405 ),
 .UNSPECIFIED. ) 
 GEOMETRIC_REPRESENTATION_ITEM ( )  RATIONAL_B_SPLINE_SURFACE ( (
 ( 1.000000000000000000, 0.9238795325112869605, 1.000000000000000000, 0.9238795325112869605, 1.000000000000000000, 0.9238795325112869605, 1.000000000000000000, 0.9238795325112869605, 1.000000000000000000, 0.9238795325112869605, 1.000000000000000000, 0.9238795325112869605, 1.000000000000000000, 0.9238795325112869605, 1.000000000000000000, 0.9238795325112869605, 1.000000000000000000, 0.9238795325112869605, 1.000000000000000000, 0.9238795325112869605, 1.000000000000000000, 0.9238795325112869605, 1.000000000000000000, 0.9238795325112869605, 1.000000000000000000, 0.9238795325112869605, 1.000000000000000000, 0.9238795325112869605, 1.000000000000000000, 0.9238795325112869605, 1.000000000000000000, 0.9238795325112869605, 1.000000000000000000, 0.9238795325112869605, 1.000000000000000000, 0.9238795325112869605, 1.000000000000000000, 0.9238795325112869605, 1.000000000000000000, 0.9238795325112869605, 1.000000000000000000, 0.9238795325112869605, 1.000000000000000000, 0.9238795325112869605, 1.000000000000000000, 0.9238795325112869605, 1.000000000000000000, 0.9238795325112869605, 1.000000000000000000, 0.9238795325112869605, 1.000000000000000000, 0.9238795325112869605, 1.000000000000000000, 0.9238795325112869605, 1.000000000000000000, 0.9238795325112869605, 1.000000000000000000, 0.9238795325112869605, 1.000000000000000000, 0.9238795325112869605, 1.000000000000000000, 0.9238795325112869605, 1.000000000000000000, 0.9238795325112869605, 1.000000000000000000, 0.9238795325112869605, 1.000000000000000000, 0.9238795325112869605, 1.000000000000000000, 0.9238795325112869605, 1.000000000000000000, 0.9238795325112869605, 1.000000000000000000, 0.9238795325112869605, 1.000000000000000000, 0.9238795325112869605, 1.000000000000000000, 0.9238795325112869605, 1.000000000000000000, 0.9238795325112869605, 1.000000000000000000, 0.9238795325112869605, 1.000000000000000000, 0.9238795325112869605, 1.000000000000000000, 0.9238795325112869605, 1.000000000000000000, 0.9238795325112869605, 1.000000000000000000, 0.9238795325112869605, 1.000000000000000000, 0.9238795325112869605, 1.000000000000000000, 0.9238795325112869605, 1.000000000000000000, 0.9238795325112869605, 1.000000000000000000, 0.9238795325112869605, 1.000000000000000000, 0.9238795325112869605, 1.000000000000000000, 0.9238795325112869605, 1.000000000000000000, 0.9238795325112869605, 1.000000000000000000, 0.9238795325112869605, 1.000000000000000000, 0.9238795325112869605, 1.000000000000000000, 0.9238795325112869605, 1.000000000000000000, 0.9238795325112869605, 1.000000000000000000, 0.9238795325112869605, 1.000000000000000000, 0.9238795325112869605, 1.000000000000000000, 0.9238795325112869605, 1.000000000000000000, 0.9238795325112869605, 1.000000000000000000, 0.9238795325112869605, 1.000000000000000000, 0.9238795325112869605, 1.000000000000000000, 0.9238795325112869605, 1.000000000000000000, 0.9238795325112869605, 1.000000000000000000, 0.9238795325112869605, 1.000000000000000000, 0.9238795325112869605, 1.000000000000000000, 0.9238795325112869605, 1.000000000000000000, 0.9238795325112869605, 1.000000000000000000, 0.9238795325112869605, 1.000000000000000000, 0.9238795325112869605, 1.000000000000000000, 0.9238795325112869605, 1.000000000000000000, 0.9238795325112869605, 1.000000000000000000, 0.9238795325112869605, 1.000000000000000000, 0.9238795325112869605, 1.000000000000000000, 0.9238795325112869605, 1.000000000000000000, 0.9238795325112869605, 1.000000000000000000, 0.9238795325112869605, 1.000000000000000000, 0.9238795325112869605, 1.000000000000000000, 0.9238795325112869605, 1.000000000000000000, 0.9238795325112869605, 1.000000000000000000, 0.9238795325112869605, 1.000000000000000000, 0.9238795325112869605, 1.000000000000000000, 0.9238795325112869605, 1.000000000000000000, 0.9845865507624839141, 0.9754151655909220064, 0.9754151655909220064, 0.9754151655909220064),
 ( 1.000000000000000000, 0.9238795325112869605, 1.000000000000000000, 0.9238795325112869605, 1.000000000000000000, 0.9238795325112869605, 1.000000000000000000, 0.9238795325112869605, 1.000000000000000000, 0.9238795325112869605, 1.000000000000000000, 0.9238795325112869605, 1.000000000000000000, 0.9238795325112869605, 1.000000000000000000, 0.9238795325112869605, 1.000000000000000000, 0.9238795325112869605, 1.000000000000000000, 0.9238795325112869605, 1.000000000000000000, 0.9238795325112869605, 1.000000000000000000, 0.9238795325112869605, 1.000000000000000000, 0.9238795325112869605, 1.000000000000000000, 0.9238795325112869605, 1.000000000000000000, 0.9238795325112869605, 1.000000000000000000, 0.9238795325112869605, 1.000000000000000000, 0.9238795325112869605, 1.000000000000000000, 0.9238795325112869605, 1.000000000000000000, 0.9238795325112869605, 1.000000000000000000, 0.9238795325112869605, 1.000000000000000000, 0.9238795325112869605, 1.000000000000000000, 0.9238795325112869605, 1.000000000000000000, 0.9238795325112869605, 1.000000000000000000, 0.9238795325112869605, 1.000000000000000000, 0.9238795325112869605, 1.000000000000000000, 0.9238795325112869605, 1.000000000000000000, 0.9238795325112869605, 1.000000000000000000, 0.9238795325112869605, 1.000000000000000000, 0.9238795325112869605, 1.000000000000000000, 0.9238795325112869605, 1.000000000000000000, 0.9238795325112869605, 1.000000000000000000, 0.9238795325112869605, 1.000000000000000000, 0.9238795325112869605, 1.000000000000000000, 0.9238795325112869605, 1.000000000000000000, 0.9238795325112869605, 1.000000000000000000, 0.9238795325112869605, 1.000000000000000000, 0.9238795325112869605, 1.000000000000000000, 0.9238795325112869605, 1.000000000000000000, 0.9238795325112869605, 1.000000000000000000, 0.9238795325112869605, 1.000000000000000000, 0.9238795325112869605, 1.000000000000000000, 0.9238795325112869605, 1.000000000000000000, 0.9238795325112869605, 1.000000000000000000, 0.9238795325112869605, 1.000000000000000000, 0.9238795325112869605, 1.000000000000000000, 0.9238795325112869605, 1.000000000000000000, 0.9238795325112869605, 1.000000000000000000, 0.9238795325112869605, 1.000000000000000000, 0.9238795325112869605, 1.000000000000000000, 0.9238795325112869605, 1.000000000000000000, 0.9238795325112869605, 1.000000000000000000, 0.9238795325112869605, 1.000000000000000000, 0.9238795325112869605, 1.000000000000000000, 0.9238795325112869605, 1.000000000000000000, 0.9238795325112869605, 1.000000000000000000, 0.9238795325112869605, 1.000000000000000000, 0.9238795325112869605, 1.000000000000000000, 0.9238795325112869605, 1.000000000000000000, 0.9238795325112869605, 1.000000000000000000, 0.9238795325112869605, 1.000000000000000000, 0.9238795325112869605, 1.000000000000000000, 0.9238795325112869605, 1.000000000000000000, 0.9238795325112869605, 1.000000000000000000, 0.9238795325112869605, 1.000000000000000000, 0.9238795325112869605, 1.000000000000000000, 0.9238795325112869605, 1.000000000000000000, 0.9238795325112869605, 1.000000000000000000, 0.9238795325112869605, 1.000000000000000000, 0.9238795325112869605, 1.000000000000000000, 0.9238795325112869605, 1.000000000000000000, 0.9238795325112869605, 1.000000000000000000, 0.9238795325112869605, 1.000000000000000000, 0.9238795325112869605, 1.000000000000000000, 0.9238795325112869605, 1.000000000000000000, 0.9238795325112869605, 1.000000000000000000, 0.9238795325112869605, 1.000000000000000000, 0.9238795325112869605, 1.000000000000000000, 0.9238795325112869605, 1.000000000000000000, 0.9238795325112869605, 1.000000000000000000, 0.9238795325112869605, 1.000000000000000000, 0.9238795325112869605, 1.000000000000000000, 0.9238795325112869605, 1.000000000000000000, 0.9238795325112869605, 1.000000000000000000, 0.9845865507624839141, 0.9754151655909220064, 0.9754151655909220064, 0.9754151655909220064) ) ) 
 REPRESENTATION_ITEM ( '' )  SURFACE ( )  );
#7617 = FACE_OUTER_BOUND ( 'NONE', #4124, .T. ) ;
#7618 = CARTESIAN_POINT ( 'NONE',  ( 2.873294324526166843, 1.611580737186875556, 62.64802501957067449 ) ) ;
#7619 = ORIENTED_EDGE ( 'NONE', *, *, #3197, .T. ) ;
#7620 = CARTESIAN_POINT ( 'NONE',  ( -1.383014047044487382, -2.247102693956449126, 51.20077164078814747 ) ) ;
#7621 = CARTESIAN_POINT ( 'NONE',  ( 0.8025807202050891931, 4.369807598920556480, -7.999997543930336796 ) ) ;
#7622 = CARTESIAN_POINT ( 'NONE',  ( -5.583395132978190567, 4.010037274860476231, -6.329275950949011076 ) ) ;
#7623 = EDGE_LOOP ( 'NONE', ( #1502, #564, #1042, #286, #5085, #6351 ) ) ;
#7624 = CARTESIAN_POINT ( 'NONE',  ( -1.273158276190609728, -1.377081730838959350, 49.41289894445353781 ) ) ;
#7625 = CARTESIAN_POINT ( 'NONE',  ( 8.413408858487509359E-14, 4.400000000000000355, 8.000000000000000000 ) ) ;
#7626 = CARTESIAN_POINT ( 'NONE',  ( 0.4503081928159469727, 4.603993403836609488, 62.77952233586351127 ) ) ;
#7627 = CARTESIAN_POINT ( 'NONE',  ( 4.013949869229449519, -0.4531250017069909930, -4.013949869229449519 ) ) ;
#7628 = CARTESIAN_POINT ( 'NONE',  ( -2.769584598875697079, -2.411412298327756165, 69.46383362756029101 ) ) ;
#7629 = CARTESIAN_POINT ( 'NONE',  ( -6.077789541724929023, 0.1782031048472171031, 5.472891794244777230 ) ) ;
#7630 =( BOUNDED_CURVE ( )  B_SPLINE_CURVE ( 2, ( #1754, #6567, #1167, #686, #1837, #3193, #45, #645, #6172 ),
 .UNSPECIFIED., .F., .F. ) 
 B_SPLINE_CURVE_WITH_KNOTS ( ( 3, 2, 2, 2, 3 ),
 ( 0.07040833661987069836, 0.07431913155361509482, 0.07822992648735949128, 0.08214072142110399877, 0.08605151635484840911 ),
 .UNSPECIFIED. ) 
 CURVE ( )  GEOMETRIC_REPRESENTATION_ITEM ( )  RATIONAL_B_SPLINE_CURVE ( ( 1.000000000000000000, 0.9238795325112869605, 1.000000000000000000, 0.9238795325112869605, 1.000000000000000000, 0.9238795325112869605, 1.000000000000000000, 0.9238795325115499724, 0.9999999999997369882 ) ) 
 REPRESENTATION_ITEM ( '' )  );
#7631 = COLOUR_RGB ( '',1.000000000000000000, 1.000000000000000000, 0.000000000000000000 ) ;
#7632 =( LENGTH_UNIT ( ) NAMED_UNIT ( * ) SI_UNIT ( .MILLI., .METRE. ) );
#7633 = CARTESIAN_POINT ( 'NONE',  ( 2.351317394708899666, -2.718750001706990105, -5.676582343750006032 ) ) ;
#7634 = DIRECTION ( 'NONE',  ( 0.000000000000000000, 0.000000000000000000, 1.000000000000000000 ) ) ;
#7635 = CARTESIAN_POINT ( 'NONE',  ( 2.246693820822804888, 8.763156733725339012E-16, 61.17982374665789536 ) ) ;
#7636 = ORIENTED_EDGE ( 'NONE', *, *, #7492, .F. ) ;
#7637 = VERTEX_POINT ( 'NONE', #809 ) ;
#7638 = CARTESIAN_POINT ( 'NONE',  ( -2.704166277726899943E-14, 0.000000000000000000, -8.000000000000000000 ) ) ;
#7639 = APPLICATION_PROTOCOL_DEFINITION ( 'draft international standard', 'automotive_design', 1998, #2465 ) ;
#7640 = CARTESIAN_POINT ( 'NONE',  ( -0.02838582654500854466, 2.749999999999999112, 45.00270829813767648 ) ) ;
#7641 = EDGE_CURVE ( 'NONE', #5370, #6409, #3563, .T. ) ;
#7642 = CARTESIAN_POINT ( 'NONE',  ( 2.351317394708899666, -7.718750001706990105, -5.676582343750004256 ) ) ;
#7643 = EDGE_LOOP ( 'NONE', ( #2734, #7519, #6535, #3012 ) ) ;
#7644 = FACE_OUTER_BOUND ( 'NONE', #4775, .T. ) ;
#7645 = ORIENTED_EDGE ( 'NONE', *, *, #7126, .F. ) ;
#7646 = COLOUR_RGB ( '',0.5019607843137254832, 0.5019607843137254832, 0.000000000000000000 ) ;
#7647 = CARTESIAN_POINT ( 'NONE',  ( -2.087173788045535439, -1.632637172236274914, 49.98331795607369799 ) ) ;
#7648 = CARTESIAN_POINT ( 'NONE',  ( 4.013949869229449519, -2.796875001706990105, -4.013949869229449519 ) ) ;
#7649 = CARTESIAN_POINT ( 'NONE',  ( -5.000000000000005329, -6.546874999999998224, 2.071067811865475949 ) ) ;
#7650 = CARTESIAN_POINT ( 'NONE',  ( -3.114011346951009784, 1.119922323704249853E-15, 62.97296069184719869 ) ) ;
#7651 = ORIENTED_EDGE ( 'NONE', *, *, #1493, .T. ) ;
#7652 = CARTESIAN_POINT ( 'NONE',  ( -0.4526823028603605414, -2.093596674590305629, 51.02707169808852683 ) ) ;
#7653 = ORIENTED_EDGE ( 'NONE', *, *, #177, .T. ) ;
#7654 = SURFACE_SIDE_STYLE ('',( #1045 ) ) ;
#7655 = CARTESIAN_POINT ( 'NONE',  ( 2.246693820822804888, 8.303914184045090095E-16, 61.17982374665789536 ) ) ;
#7656 = EDGE_LOOP ( 'NONE', ( #1446, #7070, #3819, #4236 ) ) ;
#7657 = FILL_AREA_STYLE_COLOUR ( '', #6938 ) ;
#7658 = CARTESIAN_POINT ( 'NONE',  ( 3.061616997868385113E-16, -9.750000003413978433, -5.000000000000000000 ) ) ;
#7659 = CARTESIAN_POINT ( 'NONE',  ( 3.049076853943815113, -1.515401924258059640, 69.14805040641485334 ) ) ;
#7660 = CARTESIAN_POINT ( 'NONE',  ( 4.999999999999984901, -9.671875000000005329, -2.071067811865470620 ) ) ;
#7661 = CARTESIAN_POINT ( 'NONE',  ( -2.562063592817080071, 4.028059440855414658E-16, 69.45257130335059514 ) ) ;
#7662 = EDGE_CURVE ( 'NONE', #3604, #4779, #2515, .T. ) ;
#7663 =( GEOMETRIC_REPRESENTATION_CONTEXT ( 3 ) GLOBAL_UNCERTAINTY_ASSIGNED_CONTEXT ( ( #3003 ) ) GLOBAL_UNIT_ASSIGNED_CONTEXT ( ( #855, #1450, #7270 ) ) REPRESENTATION_CONTEXT ( 'NONE', 'WORKASPACE' ) );
#7664 =( NAMED_UNIT ( * ) PLANE_ANGLE_UNIT ( ) SI_UNIT ( $, .RADIAN. ) );
#7665 =( NAMED_UNIT ( * ) SI_UNIT ( $, .STERADIAN. ) SOLID_ANGLE_UNIT ( ) );
#7666 = CARTESIAN_POINT ( 'NONE',  ( -9.184850993605149917E-16, -7.875000003413979321, 5.000000000000000000 ) ) ;
#7667 = EDGE_CURVE ( 'NONE', #290, #836, #6466, .T. ) ;
#7668 = AXIS2_PLACEMENT_3D ( 'NONE', #2080, #2612, #6899 ) ;
#7669 = CARTESIAN_POINT ( 'NONE',  ( 0.06450650701666220399, -4.603993403836609488, 69.31002532891719170 ) ) ;
#7670 = ORIENTED_EDGE ( 'NONE', *, *, #5749, .F. ) ;
#7671 =( BOUNDED_CURVE ( )  B_SPLINE_CURVE ( 2, ( #826, #5074, #7478, #2079, #1497, #6298, #265, #2688, #4492 ),
 .UNSPECIFIED., .F., .F. ) 
 B_SPLINE_CURVE_WITH_KNOTS ( ( 3, 2, 2, 2, 3 ),
 ( 0.03911352101986209640, 0.04302552192821125499, 0.04693752283656039970, 0.05084952374490959992, 0.05476152465325880014 ),
 .UNSPECIFIED. ) 
 CURVE ( )  GEOMETRIC_REPRESENTATION_ITEM ( )  RATIONAL_B_SPLINE_CURVE ( ( 1.000000000000359934, 0.9238795325109269152, 1.000000000000000000, 0.9238795325112869605, 1.000000000000000000, 0.9238795325112869605, 1.000000000000000000, 0.9238795325112669765, 1.000000000000019984 ) ) 
 REPRESENTATION_ITEM ( '' )  );
#7672 = AXIS2_PLACEMENT_3D ( 'NONE', #5730, #7601, #5690 ) ;
#7673 = CARTESIAN_POINT ( 'NONE',  ( -3.114011346951009784, 1.119922323704249853E-15, 62.97296069184719869 ) ) ;
#7674 = VERTEX_POINT ( 'NONE', #2859 ) ;
#7675 = VECTOR ( 'NONE', #3609, 1000.000000000000000 ) ;
#7676 = DIRECTION ( 'NONE',  ( 0.000000000000000000, 0.000000000000000000, 1.000000000000000000 ) ) ;
#7677 = CARTESIAN_POINT ( 'NONE',  ( 12.53592464316426813, 2.749999999999999112, 10.88671310266080816 ) ) ;
#7678 = AXIS2_PLACEMENT_3D ( 'NONE', #1749, #4216, #1202 ) ;
#7679 = CARTESIAN_POINT ( 'NONE',  ( 5.833556559722620882, 4.108000118601291994, 5.895981379825115276 ) ) ;
#7680 = CARTESIAN_POINT ( 'NONE',  ( -4.013949869229449519, -6.234375001706990105, -4.013949869229449519 ) ) ;
#7681 = EDGE_CURVE ( 'NONE', #4115, #246, #7022, .T. ) ;
#7682 = ORIENTED_EDGE ( 'NONE', *, *, #14, .T. ) ;
#7683 = CARTESIAN_POINT ( 'NONE',  ( 7.331655873824384884, 4.369481020902041379, -3.301194603083820400 ) ) ;
#7684 = CARTESIAN_POINT ( 'NONE',  ( 0.7584379782947010540, 0.9205943081487240054, 50.79344531139170016 ) ) ;
#7685 = CARTESIAN_POINT ( 'NONE',  ( 0.6987099187518680532, 0.02987750689694496781, -8.000040267792170923 ) ) ;
#7686 = CARTESIAN_POINT ( 'NONE',  ( -4.592451586063000413, 0.007029519115503510100, -3.336611385079434999 ) ) ;
#7687 = EDGE_CURVE ( 'NONE', #3809, #4445, #5326, .T. ) ;
#7688 = MECHANICAL_DESIGN_GEOMETRIC_PRESENTATION_REPRESENTATION (  '', ( #6440 ), #6692 ) ;
#7689 = CARTESIAN_POINT ( 'NONE',  ( 4.013949869229449519, -3.109375001706990105, 4.013949869229449519 ) ) ;
#7690 = CARTESIAN_POINT ( 'NONE',  ( 4.999999999999994671, -8.578124999999996447, 2.071067811865475949 ) ) ;
#7691 = ORIENTED_EDGE ( 'NONE', *, *, #1309, .F. ) ;
#7692 = CARTESIAN_POINT ( 'NONE',  ( -1.274495817679711873, -2.250078996890724881, 51.18083589303169134 ) ) ;
#7693 = CARTESIAN_POINT ( 'NONE',  ( -0.4132916646111647885, -0.9936238922578228827, 48.56918112356199657 ) ) ;
#7694 = ORIENTED_EDGE ( 'NONE', *, *, #6157, .T. ) ;
#7695 = CARTESIAN_POINT ( 'NONE',  ( 2.700231905785565711, 3.957409412209526245, -7.999958572138732293 ) ) ;
#7696 = ORIENTED_EDGE ( 'NONE', *, *, #4439, .T. ) ;
#7697 =( LENGTH_UNIT ( ) NAMED_UNIT ( * ) SI_UNIT ( .MILLI., .METRE. ) );
#7698 = ADVANCED_FACE ( 'NONE', ( #396 ), #1592, .T. ) ;
#7699 = CARTESIAN_POINT ( 'NONE',  ( -3.535533905932709775, -2.718750000000000000, 3.535533905932709775 ) ) ;
#7700 = CARTESIAN_POINT ( 'NONE',  ( -3.535533905932739973, -10.53125000341398021, 3.535533905932735088 ) ) ;
#7701 = DIRECTION ( 'NONE',  ( -0.9985305870323566424, 0.000000000000000000, 0.05419102103501256124 ) ) ;
#7702 = CARTESIAN_POINT ( 'NONE',  ( 2.071067811870889841, -9.515625000000303757, -4.999999999994560795 ) ) ;
#7703 = EDGE_CURVE ( 'NONE', #6558, #2260, #2129, .T. ) ;
#7704 = CARTESIAN_POINT ( 'NONE',  ( 0.8499999999999999778, -15.00000000000000000, 1.472243186433545903 ) ) ;
#7705 = CARTESIAN_POINT ( 'NONE',  ( -1.979518810606519796, 2.148095769785918652, 51.31036181558932441 ) ) ;
#7706 = FILL_AREA_STYLE ('',( #5988 ) ) ;
#7707 = CARTESIAN_POINT ( 'NONE',  ( 3.352903976413755593, 0.7808190501869402000, 69.13156147538099106 ) ) ;
#7708 = CARTESIAN_POINT ( 'NONE',  ( -2.351317394708899666, -7.718750001706990105, -5.676582343750004256 ) ) ;
#7709 = CARTESIAN_POINT ( 'NONE',  ( -4.013949869229449519, -11.07812500170700076, 4.013949869229449519 ) ) ;
#7710 = CARTESIAN_POINT ( 'NONE',  ( 0.000000000000000000, 15.00000000000000000, 0.000000000000000000 ) ) ;
#7711 = ORIENTED_EDGE ( 'NONE', *, *, #5625, .T. ) ;
#7712 = CARTESIAN_POINT ( 'NONE',  ( -3.535533905932724874, -3.968750000000000000, 3.535533905932724874 ) ) ;
#7713 = ORIENTED_EDGE ( 'NONE', *, *, #3580, .T. ) ;
#7714 = CARTESIAN_POINT ( 'NONE',  ( 8.104770389150999677, -80.48512825965200079, 14.60115428372900048 ) ) ;
#7715 = CARTESIAN_POINT ( 'NONE',  ( -2.879232524832067153, 2.749999999999999112, 45.19325305819512550 ) ) ;
#7716 = CARTESIAN_POINT ( 'NONE',  ( 2.351317394708899666, -0.3750000017069909375, -5.676582343750006032 ) ) ;
#7717 = CARTESIAN_POINT ( 'NONE',  ( -0.9989419044508796031, 4.337910805979749540, -8.000117149997791444 ) ) ;
#7718 = CARTESIAN_POINT ( 'NONE',  ( 5.676582343750004256, -6.625000001706990993, -2.351317394708899666 ) ) ;
#7719 = EDGE_CURVE ( 'NONE', #3894, #4708, #1455, .T. ) ;
#7720 = ORIENTED_EDGE ( 'NONE', *, *, #5749, .T. ) ;
#7721 = CARTESIAN_POINT ( 'NONE',  ( -0.4557369803036379619, 2.099615446926079709, 51.02764226360849875 ) ) ;
#7722 = DIRECTION ( 'NONE',  ( 0.000000000000000000, 1.000000000000000000, 0.000000000000000000 ) ) ;
#7723 = PLANE ( 'NONE',  #186 ) ;
#7724 =( GEOMETRIC_REPRESENTATION_CONTEXT ( 3 ) GLOBAL_UNCERTAINTY_ASSIGNED_CONTEXT ( ( #3237 ) ) GLOBAL_UNIT_ASSIGNED_CONTEXT ( ( #5404, #6120, #673 ) ) REPRESENTATION_CONTEXT ( 'NONE', 'WORKASPACE' ) );
#7725 = CARTESIAN_POINT ( 'NONE',  ( 5.676582343750006032, -0.5312500017069907710, 2.351317394708905439 ) ) ;
#7726 = ADVANCED_FACE ( 'NONE', ( #4695 ), #4732, .T. ) ;
#7727 = CARTESIAN_POINT ( 'NONE',  ( 2.071067811865475949, -9.984375000000000000, 4.999999999999994671 ) ) ;
#7728 = DIRECTION ( 'NONE',  ( 0.000000000000000000, 1.000000000000000000, 0.000000000000000000 ) ) ;
#7729 = EDGE_LOOP ( 'NONE', ( #2341, #4927, #6248, #714 ) ) ;
#7730 = MECHANICAL_DESIGN_GEOMETRIC_PRESENTATION_REPRESENTATION (  '', ( #2198 ), #2600 ) ;
#7731 = CARTESIAN_POINT ( 'NONE',  ( -3.444645593913366888, -0.4548422007570133707, 51.57076464782436176 ) ) ;
#7732 = SURFACE_SIDE_STYLE ('',( #6643 ) ) ;
#7733 =( REPRESENTATION_RELATIONSHIP ('NONE','NONE', #1998, #122 ) REPRESENTATION_RELATIONSHIP_WITH_TRANSFORMATION ( #699 )SHAPE_REPRESENTATION_RELATIONSHIP( ) );
#7734 = ORIENTED_EDGE ( 'NONE', *, *, #1776, .T. ) ;
#7735 = CARTESIAN_POINT ( 'NONE',  ( 3.298471750335637775, 3.748514939938743407, -7.999833933076990533 ) ) ;
#7736 = FACE_OUTER_BOUND ( 'NONE', #4651, .T. ) ;
#7737 = ORIENTED_EDGE ( 'NONE', *, *, #3278, .T. ) ;
#7738 = PRODUCT_DEFINITION_SHAPE ( 'NONE', 'NONE',  #7801 ) ;
#7739 = CARTESIAN_POINT ( 'NONE',  ( -1.382076251119709998, 6.161142665431478987E-16, 58.96176907103399856 ) ) ;
#7740 =( NAMED_UNIT ( * ) PLANE_ANGLE_UNIT ( ) SI_UNIT ( $, .RADIAN. ) );
#7741 = CARTESIAN_POINT ( 'NONE',  ( 0.000000000000000000, 15.00000000000000000, 0.000000000000000000 ) ) ;
#7742 = CARTESIAN_POINT ( 'NONE',  ( 2.071067811859993224, -9.984375000000298428, 5.000000000005464962 ) ) ;
#7743 =( NAMED_UNIT ( * ) SI_UNIT ( $, .STERADIAN. ) SOLID_ANGLE_UNIT ( ) );
#7744 = EDGE_CURVE ( 'NONE', #6558, #6168, #4577, .T. ) ;
#7745 = EDGE_CURVE ( 'NONE', #1135, #3604, #3199, .T. ) ;
#7746 = CARTESIAN_POINT ( 'NONE',  ( 0.4029871847310719235, 1.598461991297761117E-05, -5.397757132129027191 ) ) ;
#7747 = CARTESIAN_POINT ( 'NONE',  ( 0.1969855535709860161, 1.689196853620027028, 50.90255871999024606 ) ) ;
#7748 = FACE_OUTER_BOUND ( 'NONE', #7643, .T. ) ;
#7749 = CARTESIAN_POINT ( 'NONE',  ( 4.233369929853438407, 1.044888195202126946, 7.999999999999894307 ) ) ;
#7750 = CARTESIAN_POINT ( 'NONE',  ( 4.013949869229449519, -12.01562500170700076, 4.013949869229449519 ) ) ;
#7751 = CARTESIAN_POINT ( 'NONE',  ( 3.535533905932735088, -1.468750003413983984, 3.535533905932739973 ) ) ;
#7752 = CARTESIAN_POINT ( 'NONE',  ( -5.676582343749999815, -6.234375001706990105, -6.951808397369819752E-16 ) ) ;
#7753 = FILL_AREA_STYLE ('',( #1256 ) ) ;
#7754 = ORIENTED_EDGE ( 'NONE', *, *, #3000, .T. ) ;
#7755 = FACE_OUTER_BOUND ( 'NONE', #4619, .T. ) ;
#7756 = ORIENTED_EDGE ( 'NONE', *, *, #3811, .F. ) ;
#7757 = CARTESIAN_POINT ( 'NONE',  ( -2.879232524832069817, 6.161142665431478987E-16, 45.19325305819510419 ) ) ;
#7758 = CARTESIAN_POINT ( 'NONE',  ( -4.013949869229449519, -11.23437500170700076, -4.013949869229449519 ) ) ;
#7759 = CARTESIAN_POINT ( 'NONE',  ( -1.151012496650966499, 4.317629048739077824, -8.000139685250070798 ) ) ;
#7760 =( NAMED_UNIT ( * ) PLANE_ANGLE_UNIT ( ) SI_UNIT ( $, .RADIAN. ) );
#7761 = CARTESIAN_POINT ( 'NONE',  ( 2.351317394708899666, -3.187500001706989661, 5.676582343750004256 ) ) ;
#7762 = VERTEX_POINT ( 'NONE', #6670 ) ;
#7763 =( NAMED_UNIT ( * ) SI_UNIT ( $, .STERADIAN. ) SOLID_ANGLE_UNIT ( ) );
#7764 = CARTESIAN_POINT ( 'NONE',  ( 0.2337171157927565301, 0.9388193323759050912, 49.77618110162179477 ) ) ;
#7765 = CARTESIAN_POINT ( 'NONE',  ( -3.856341382579273169, 0.8742688694840264896, -7.999846217855469455 ) ) ;
#7766 = CARTESIAN_POINT ( 'NONE',  ( -5.676582343749999815, -2.328125001706990105, -6.951808397369819752E-16 ) ) ;
#7767 = CARTESIAN_POINT ( 'NONE',  ( 3.061616997868385113E-16, -6.937500000000000000, -5.000000000000000000 ) ) ;
#7768 = CARTESIAN_POINT ( 'NONE',  ( 2.044946362129693718, 2.558933895674175396, 62.69298009900192881 ) ) ;
#7769 = VERTEX_POINT ( 'NONE', #4204 ) ;
#7770 =( NAMED_UNIT ( * ) PLANE_ANGLE_UNIT ( ) SI_UNIT ( $, .RADIAN. ) );
#7771 = EDGE_LOOP ( 'NONE', ( #1405, #2865, #6460, #5315, #677, #1430 ) ) ;
#7772 = CARTESIAN_POINT ( 'NONE',  ( -9.184850993605149917E-16, -5.062500000000000000, 5.000000000000000000 ) ) ;
#7773 = CARTESIAN_POINT ( 'NONE',  ( -1.699999999999999956, -15.00000000000000000, -1.375000000000000000 ) ) ;
#7774 = ORIENTED_EDGE ( 'NONE', *, *, #1515, .T. ) ;
#7775 = CARTESIAN_POINT ( 'NONE',  ( 3.010579128930434490E-11, -12.56249999999885958, 5.000000000000000000 ) ) ;
#7776 = SURFACE_STYLE_USAGE ( .BOTH. , #529 ) ;
#7777 = CARTESIAN_POINT ( 'NONE',  ( 5.676582343749999815, -12.95312500170700076, 0.000000000000000000 ) ) ;
#7778 = AXIS2_PLACEMENT_3D ( 'NONE', #540, #58, #4001 ) ;
#7779 = CARTESIAN_POINT ( 'NONE',  ( 0.000000000000000000, -13.50000000000000000, 5.000000000000000000 ) ) ;
#7780 = EDGE_CURVE ( 'NONE', #442, #68, #170, .T. ) ;
#7781 = CARTESIAN_POINT ( 'NONE',  ( -0.03289968635816470366, -3.883823621762854825E-06, -5.434930264504218123 ) ) ;
#7782 =( NAMED_UNIT ( * ) PLANE_ANGLE_UNIT ( ) SI_UNIT ( $, .RADIAN. ) );
#7783 =( LENGTH_UNIT ( ) NAMED_UNIT ( * ) SI_UNIT ( .MILLI., .METRE. ) );
#7784 = CARTESIAN_POINT ( 'NONE',  ( 0.8304021929901964638, 2.999927132689310216, 69.26845958244109625 ) ) ;
#7785 = CARTESIAN_POINT ( 'NONE',  ( 5.676582343749999815, -9.359375001706990105, 0.000000000000000000 ) ) ;
#7786 = CARTESIAN_POINT ( 'NONE',  ( -5.000000000000000000, -1.937500003413985095, -6.123233995736771213E-16 ) ) ;
#7787 = CARTESIAN_POINT ( 'NONE',  ( 5.676582343750006032, -3.187500001706989217, 2.351317394708905439 ) ) ;
#7788 = CARTESIAN_POINT ( 'NONE',  ( 3.061616997868385113E-16, -6.937500000000000000, -5.000000000000000000 ) ) ;
#7789 =( NAMED_UNIT ( * ) PLANE_ANGLE_UNIT ( ) SI_UNIT ( $, .RADIAN. ) );
#7790 = VERTEX_POINT ( 'NONE', #3099 ) ;
#7791 = COLOUR_RGB ( '',0.5019607843137254832, 0.5019607843137254832, 0.000000000000000000 ) ;
#7792 = SURFACE_STYLE_FILL_AREA ( #6660 ) ;
#7793 = CARTESIAN_POINT ( 'NONE',  ( -5.681612619331729341, -0.04535897346655703294, -1.837509830406199418 ) ) ;
#7794 = CARTESIAN_POINT ( 'NONE',  ( 4.998744130401225227, 3.524682278648627154, 7.341618211124526283 ) ) ;
#7795 =( LENGTH_UNIT ( ) NAMED_UNIT ( * ) SI_UNIT ( .MILLI., .METRE. ) );
#7796 = CARTESIAN_POINT ( 'NONE',  ( 5.676582343750004256, -4.125000001706988328, -2.351317394708899666 ) ) ;
#7797 = AXIS2_PLACEMENT_3D ( 'NONE', #3876, #6290, #1530 ) ;
#7798 = ORIENTED_EDGE ( 'NONE', *, *, #6155, .F. ) ;
#7799 = CARTESIAN_POINT ( 'NONE',  ( 13.62500000000000000, 6.161142665431478987E-16, 0.000000000000000000 ) ) ;
#7800 = ORIENTED_EDGE ( 'NONE', *, *, #7780, .F. ) ;
#7801 = NEXT_ASSEMBLY_USAGE_OCCURRENCE ( 'NAUO1', ' ', ' ', #5226, #2788, $ ) ;
#7802 = NEXT_ASSEMBLY_USAGE_OCCURRENCE ( 'NAUO2', ' ', ' ', #2788, #4738, $ ) ;
#7803 = NEXT_ASSEMBLY_USAGE_OCCURRENCE ( 'NAUO3', ' ', ' ', #2788, #2192, $ ) ;
#7804 = NEXT_ASSEMBLY_USAGE_OCCURRENCE ( 'NAUO4', ' ', ' ', #2788, #2192, $ ) ;
#7805 = NEXT_ASSEMBLY_USAGE_OCCURRENCE ( 'NAUO5', ' ', ' ', #2788, #2192, $ ) ;
#7806 = NEXT_ASSEMBLY_USAGE_OCCURRENCE ( 'NAUO6', ' ', ' ', #2788, #7438, $ ) ;
#7807 = NEXT_ASSEMBLY_USAGE_OCCURRENCE ( 'NAUO7', ' ', ' ', #2788, #5900, $ ) ;
ENDSEC;
END-ISO-10303-21;
